Environmental_variable,Correlation_PCoA1,Correlation_PCoA2,Vector_fit_R2,p_value,q_value,n_pond_months,permutations,restriction
Temperature,-0.5675756856275387,0.048702006297654026,0.3245140443329874,0.005,0.025,73,9999,Circular shifts within pond
Salinity,0.15712186322145916,0.13542874848430667,0.043028225818208456,0.3705,0.463125,73,9999,Circular shifts within pond
pH,0.7227410926710119,-0.15565605355043965,0.5465834940421861,0.0001,0.001,73,9999,Circular shifts within pond
DO,0.1453034336260604,-0.021665689509991207,0.021582489925466304,0.3481,0.463125,73,9999,Circular shifts within pond
Turbidity,-0.13144972725831863,0.2556425069316317,0.08263212214657574,0.1384,0.2768,73,9999,Circular shifts within pond
MeanPressure,0.6672533883921051,-0.12374012660512715,0.46053870325299856,0.0389,0.09724999999999999,73,9999,Circular shifts of shared sampling-month values
MinPressure,0.5563479751762028,-0.2215185007641061,0.35859351566343806,0.0374,0.09724999999999999,73,9999,Circular shifts of shared sampling-month values
Tmax,-0.43291573278352896,0.07879793132544295,0.19362514567266909,0.3693,0.463125,73,9999,Circular shifts of shared sampling-month values
TotalRainfall,-0.2821541780619106,0.1673363144801797,0.10761242234160204,0.558,0.6043,73,9999,Circular shifts of shared sampling-month values
MaxDailyRainfall,-0.22667960726916583,0.1942463399258248,0.08911528492628237,0.6043,0.6043,73,9999,Circular shifts of shared sampling-month values
