PondMonth,Pond,Date,Date_dt,Season,n_layers,Temperature,Salinity,pH,DO,Turbidity,Shannon,MeanAirTemp,Tmax,Tmin,TotalRainfall,MaxDailyRainfall,RainDays,MeanWindSpeed,MaxGust,MeanPressure,MinPressure,Typhoon,ColdSurge,Heatwave_Tmax_q90_3day,LowPressure
T1-202209,T1,202209,2022-09-01,Autumn,2,29.75,1.0025,7.8705,7.09,37.25,5.756650541364843,29.023333333333333,35.0,23.8,28.0,11.0,6.0,2.306666666666666,17.1,1005.04,993.1,1.0,0.0,0.0,0.0
T1-202210,T1,202210,2022-10-01,Autumn,2,33.05,1.0034999999999998,7.922,6.455,118.95,5.863957348035208,26.63870967741936,35.0,20.7,4.0,2.0,3.0,2.229032258064516,12.6,1010.1806451612904,1000.0,0.0,0.0,0.0,0.0
T1-202211,T1,202211,2022-11-01,Autumn,2,26.2,1.0019999999999998,8.878499999999999,8.84,36.6,5.286776238910466,25.196666666666665,33.2,20.5,1.0,1.0,1.0,2.036666666666666,11.6,1012.28,1000.9,0.0,0.0,0.0,0.0
T1-202212,T1,202212,2022-12-01,Winter,2,19.875,1.00375,8.42925,9.8475,106.025,5.549098792530041,18.66774193548387,28.5,9.3,3.0,3.0,1.0,3.1516129032258067,18.2,1015.3741935483872,1006.5,0.0,0.0,0.0,0.0
T1-202301,T1,202301,2023-01-01,Winter,2,19.200000000000003,1.003,8.04325,6.91,66.4,6.464259431015215,18.125806451612902,30.2,8.8,6.0,6.0,1.0,2.890322580645161,18.0,1017.0612903225808,1005.3,0.0,0.0,0.0,0.0
T1-202302,T1,202302,2023-02-01,,2,21.5,1.003,8.775749999999999,9.8875,138.975,6.499936836240289,18.832142857142856,32.5,12.5,0.0,0.0,0.0,2.9285714285714284,11.6,1016.2642857142856,1008.1,0.0,1.0,0.0,0.0
T1-202303,T1,202303,2023-03-01,Spring,2,25.0,1.003,8.247,9.475,88.0,6.25310635783675,21.570967741935487,31.3,13.3,0.5,0.5,1.0,2.3193548387096774,12.0,1014.583870967742,1005.7,0.0,0.0,0.0,0.0
T1-202304,T1,202304,2023-04-01,Spring,2,28.2,1.004,8.382,8.625,52.8,6.028850556422822,25.386666666666667,34.3,18.5,18.5,7.5,4.0,2.07,11.0,1010.0833333333334,1001.2,0.0,0.0,0.0,0.0
T1-202305,T1,202305,2023-05-01,Summer,2,32.15,1.0025,8.5155,7.95,119.45,6.044201198123229,27.73225806451613,35.0,21.0,54.5,33.0,6.0,1.896774193548387,14.1,1007.8193548387096,994.0,0.0,0.0,0.0,0.0
T1-202307,T1,202307,2023-07-01,Summer,2,31.35,1.002,8.257000000000001,7.04,50.6,5.716164031169442,30.203225806451613,36.2,24.2,202.0,76.5,14.0,2.138709677419355,23.0,1005.2483870967742,989.1,0.0,0.0,0.0,0.0
T1-202310,T1,202310,2023-10-01,Autumn,2,26.9,1.0015,8.542,6.38,32.1,6.403111738848283,27.280645161290323,35.0,22.2,25.0,20.5,4.0,2.2,23.6,1011.048387096774,991.9,0.0,0.0,0.0,0.0
T1-202311,T1,202311,2023-11-01,Winter,2,21.1,1.0034999999999998,8.201,7.59,92.25,6.490301018873367,24.12333333333333,33.3,14.1,0.0,0.0,0.0,2.0900000000000003,14.9,1015.55,1009.5,0.0,0.0,0.0,0.0
T1-202312,T1,202312,2023-12-01,Winter,2,17.4,1.0030000000000001,8.498000000000001,9.524999999999999,157.55,5.610514624426354,20.81935483870968,30.5,11.5,12.0,12.0,1.0,2.629032258064516,13.0,1017.4225806451612,1009.5,0.0,1.0,0.0,0.0
T1-202401,T1,202401,2024-01-01,Winter,2,23.9,1.003,8.7925,8.235,242.75,5.587177833185375,18.41935483870968,28.5,8.6,0.5,0.5,1.0,2.5354838709677416,15.4,1017.6129032258063,1010.0,0.0,0.0,0.0,0.0
T1-202402,T1,202402,2024-02-01,Spring,2,18.75,1.0034999999999998,8.589,7.97,206.6,5.930716675262238,20.63103448275862,32.1,12.3,5.0,4.0,3.0,2.493103448275862,11.3,1016.2172413793104,1009.8,0.0,1.0,0.0,0.0
T1-202403,T1,202403,2024-03-01,Spring,2,23.4,1.004,8.464500000000001,6.82,211.0,5.874480290397145,22.461290322580645,32.7,13.0,14.0,6.5,5.0,2.2516129032258063,13.7,1013.3774193548388,1005.2,0.0,0.0,0.0,0.0
T1-202404,T1,202404,2024-04-01,Spring,2,29.700000000000003,1.006,8.347999999999999,8.254999999999999,38.0,6.059728390113152,27.37333333333333,35.0,21.2,181.5,67.0,7.0,1.9166666666666667,22.3,1008.2333333333332,1002.2,0.0,0.0,0.0,0.0
T1-202410,T1,202410,2024-10-01,Autumn,2,31.950000000000003,1.004,8.199,8.6,63.300000000000004,5.9686483799850025,27.51935483870968,33.7,20.5,87.0,47.5,7.0,2.358064516129032,23.5,1006.3096774193548,972.7,0.0,0.0,0.0,1.0
T1-202411,T1,202411,2024-11-01,Winter,2,23.75,1.004,8.214500000000001,8.989999999999998,69.1,6.090401697801107,23.953333333333333,32.0,15.1,77.0,53.5,3.0,2.563333333333333,19.0,1011.82,996.5,0.0,0.0,0.0,0.0
T1-202412,T1,202412,2024-12-01,Winter,2,19.975,1.004,8.017,9.03,100.94999999999999,6.665203602878071,19.080645161290324,28.1,11.5,25.5,14.0,2.0,2.925806451612903,13.6,1015.4580645161292,1009.2,0.0,0.0,0.0,0.0
T2-202209,T2,202209,2022-09-01,Autumn,2,29.65,1.0034999999999998,8.156,6.505,34.98,6.027915969859862,29.023333333333333,35.0,23.8,28.0,11.0,6.0,2.306666666666666,17.1,1005.04,993.1,1.0,0.0,0.0,0.0
T2-202210,T2,202210,2022-10-01,Autumn,2,33.05,1.0055,8.881499999999999,11.149999999999999,75.35,5.768122990638146,26.63870967741936,35.0,20.7,4.0,2.0,3.0,2.229032258064516,12.6,1010.1806451612904,1000.0,0.0,0.0,0.0,0.0
T2-202211,T2,202211,2022-11-01,Autumn,2,26.3,1.0025,8.8155,8.49,55.55,5.187739796243074,25.196666666666665,33.2,20.5,1.0,1.0,1.0,2.036666666666666,11.6,1012.28,1000.9,0.0,0.0,0.0,0.0
T2-202304,T2,202304,2023-04-01,Spring,2,28.0,1.005,8.428,8.425,9.844999999999999,5.597707264467738,25.386666666666667,34.3,18.5,18.5,7.5,4.0,2.07,11.0,1010.0833333333334,1001.2,0.0,0.0,0.0,0.0
T2-202305,T2,202305,2023-05-01,Summer,2,31.5,1.0034999999999998,8.665,10.585,37.5,6.0148568954972585,27.73225806451613,35.0,21.0,54.5,33.0,6.0,1.896774193548387,14.1,1007.8193548387096,994.0,0.0,0.0,0.0,0.0
T2-202306,T2,202306,2023-06-01,Summer,2,32.65,1.0045,8.3605,8.995000000000001,54.2,5.471601340969624,29.91333333333333,34.7,25.5,112.5,29.5,11.0,2.0733333333333333,16.2,1005.73,994.7,0.0,0.0,0.0,0.0
T2-202307,T2,202307,2023-07-01,Summer,2,31.200000000000003,1.0034999999999998,8.158999999999999,6.98,48.25,6.19564109260713,30.203225806451613,36.2,24.2,202.0,76.5,14.0,2.138709677419355,23.0,1005.2483870967742,989.1,0.0,0.0,0.0,0.0
T2-202308,T2,202308,2023-08-01,Autumn,2,28.1,1.003,8.238,4.914999999999999,34.45,5.651697838314625,29.503225806451614,34.7,25.5,215.0,42.0,18.0,2.103225806451613,17.0,1003.2,996.6,1.0,0.0,0.0,0.0
T2-202309,T2,202309,2023-09-01,Autumn,2,29.7,1.0025,8.863,8.175,17.25,5.772951365150495,29.2,34.7,24.5,268.0,67.5,10.0,1.923333333333333,18.6,1006.17,979.1,0.0,0.0,0.0,1.0
T2-202310,T2,202310,2023-10-01,Autumn,2,26.65,1.003,8.35,6.23,36.45,6.409466676283341,27.280645161290323,35.0,22.2,25.0,20.5,4.0,2.2,23.6,1011.048387096774,991.9,0.0,0.0,0.0,0.0
T2-202311,T2,202311,2023-11-01,Winter,2,21.25,1.005,8.766,8.35,50.5,2.4417317817037114,24.12333333333333,33.3,14.1,0.0,0.0,0.0,2.0900000000000003,14.9,1015.55,1009.5,0.0,0.0,0.0,0.0
T2-202312,T2,202312,2023-12-01,Winter,2,11.75,1.004,8.696,10.260000000000002,79.35,4.6443177239283155,20.81935483870968,30.5,11.5,12.0,12.0,1.0,2.629032258064516,13.0,1017.4225806451612,1009.5,0.0,1.0,0.0,0.0
T2-202401,T2,202401,2024-01-01,Winter,2,25.8,1.005,8.884,9.305,62.150000000000006,5.9512540490143,18.41935483870968,28.5,8.6,0.5,0.5,1.0,2.5354838709677416,15.4,1017.6129032258063,1010.0,0.0,0.0,0.0,0.0
T2-202402,T2,202402,2024-02-01,Spring,2,18.450000000000003,1.0055,9.030000000000001,8.045,59.449999999999996,5.748947004302993,20.63103448275862,32.1,12.3,5.0,4.0,3.0,2.493103448275862,11.3,1016.2172413793104,1009.8,0.0,1.0,0.0,0.0
T2-202403,T2,202403,2024-03-01,Spring,2,22.0,1.0034999999999998,8.923,6.52,63.5,5.675380179363805,22.461290322580645,32.7,13.0,14.0,6.5,5.0,2.2516129032258063,13.7,1013.3774193548388,1005.2,0.0,0.0,0.0,0.0
T2-202404,T2,202404,2024-04-01,Spring,2,29.45,1.006,9.028,9.02,38.65,5.8881102340476055,27.37333333333333,35.0,21.2,181.5,67.0,7.0,1.9166666666666667,22.3,1008.2333333333332,1002.2,0.0,0.0,0.0,0.0
T2-202405,T2,202405,2024-05-01,Spring,2,37.6,1.007,8.581499999999998,9.815000000000001,29.8,6.108134745355857,27.59354838709677,34.5,21.3,107.5,66.5,10.0,1.8870967741935485,11.3,1007.5258064516128,998.4,0.0,0.0,0.0,0.0
T2-202406,T2,202406,2024-06-01,Summer,2,33.900000000000006,1.007,8.6105,7.525,27.95,4.593211671751464,29.85666666666667,36.5,23.2,200.5,74.5,13.0,2.2133333333333334,13.5,1006.0433333333332,1001.8,0.0,0.0,1.0,0.0
T2-202407,T2,202407,2024-07-01,Summer,2,31.3,1.00575,8.6455,7.12,35.2,6.198831769607846,30.135483870967743,37.3,22.5,1036.0,481.0,17.0,2.412903225806452,22.3,1003.8193548387096,979.0,0.0,0.0,1.0,1.0
T2-202408,T2,202408,2024-08-01,,2,33.4,1.0045,8.349,7.28,30.0,6.382273954860555,29.89354838709677,35.5,24.5,333.0,67.0,9.0,1.8387096774193548,14.6,1004.3096774193548,998.5,0.0,0.0,1.0,0.0
T2-202409,T2,202409,2024-09-01,Autumn,2,31.8,1.007,8.5765,10.775,64.55,4.13304500299009,29.56,35.6,24.5,250.0,116.0,17.0,1.8,14.8,1003.0966666666668,993.7,0.0,0.0,1.0,0.0
T2-202410,T2,202410,2024-10-01,Autumn,1,32.5,1.004,8.503,8.04,47.4,5.40528516464797,27.51935483870968,33.7,20.5,87.0,47.5,7.0,2.358064516129032,23.5,1006.3096774193548,972.7,0.0,0.0,0.0,1.0
T2-202411,T2,202411,2024-11-01,Winter,2,23.5,1.004,8.587499999999999,8.835,41.65,5.806137490332531,23.953333333333333,32.0,15.1,77.0,53.5,3.0,2.563333333333333,19.0,1011.82,996.5,0.0,0.0,0.0,0.0
T2-202412,T2,202412,2024-12-01,Winter,2,20.85,1.004,8.482,8.094999999999999,63.6,5.7645704062855705,19.080645161290324,28.1,11.5,25.5,14.0,2.0,2.925806451612903,13.6,1015.4580645161292,1009.2,0.0,0.0,0.0,0.0
T3-202209,T3,202209,2022-09-01,Autumn,2,29.65,1.0034999999999998,8.246500000000001,6.984999999999999,47.0,6.261061418998837,29.023333333333333,35.0,23.8,28.0,11.0,6.0,2.306666666666666,17.1,1005.04,993.1,1.0,0.0,0.0,0.0
T3-202210,T3,202210,2022-10-01,Autumn,2,33.3,1.0045,8.309000000000001,8.01,36.599999999999994,6.231893613497574,26.63870967741936,35.0,20.7,4.0,2.0,3.0,2.229032258064516,12.6,1010.1806451612904,1000.0,0.0,0.0,0.0,0.0
T3-202211,T3,202211,2022-11-01,Autumn,2,26.2,1.0045,8.9565,8.545,43.35,4.023571364536475,25.196666666666665,33.2,20.5,1.0,1.0,1.0,2.036666666666666,11.6,1012.28,1000.9,0.0,0.0,0.0,0.0
T3-202303,T3,202303,2023-03-01,Spring,2,24.9,1.004,9.311499999999999,10.72,21.95,5.857389272310273,21.570967741935487,31.3,13.3,0.5,0.5,1.0,2.3193548387096774,12.0,1014.583870967742,1005.7,0.0,0.0,0.0,0.0
T3-202304,T3,202304,2023-04-01,Spring,2,27.799999999999997,1.005,8.5175,7.66,17.635,5.728277060199446,25.386666666666667,34.3,18.5,18.5,7.5,4.0,2.07,11.0,1010.0833333333334,1001.2,0.0,0.0,0.0,0.0
T3-202305,T3,202305,2023-05-01,Summer,2,31.549999999999997,1.003,8.405000000000001,9.204999999999998,36.95,5.371387345982738,27.73225806451613,35.0,21.0,54.5,33.0,6.0,1.896774193548387,14.1,1007.8193548387096,994.0,0.0,0.0,0.0,0.0
T3-202306,T3,202306,2023-06-01,Summer,2,32.5,1.003,8.318999999999999,8.254999999999999,75.94999999999999,5.646198333130432,29.91333333333333,34.7,25.5,112.5,29.5,11.0,2.0733333333333333,16.2,1005.73,994.7,0.0,0.0,0.0,0.0
T3-202307,T3,202307,2023-07-01,Summer,2,31.3,1.004,8.133,6.3149999999999995,29.3,5.881695410657612,30.203225806451613,36.2,24.2,202.0,76.5,14.0,2.138709677419355,23.0,1005.2483870967742,989.1,0.0,0.0,0.0,0.0
T3-202308,T3,202308,2023-08-01,Autumn,2,27.9,1.0034999999999998,8.27,4.335,16.105,5.455698983124805,29.503225806451614,34.7,25.5,215.0,42.0,18.0,2.103225806451613,17.0,1003.2,996.6,1.0,0.0,0.0,0.0
T3-202309,T3,202309,2023-09-01,Autumn,1,29.8,1.002,8.716,10.81,17.19,6.005741642611319,29.2,34.7,24.5,268.0,67.5,10.0,1.923333333333333,18.6,1006.17,979.1,0.0,0.0,0.0,1.0
T3-202310,T3,202310,2023-10-01,Autumn,1,26.9,1.003,9.0,8.13,37.2,5.551612977417102,27.280645161290323,35.0,22.2,25.0,20.5,4.0,2.2,23.6,1011.048387096774,991.9,0.0,0.0,0.0,0.0
T3-202311,T3,202311,2023-11-01,Winter,1,20.8,1.004,9.008,8.42,23.3,5.3886050343329055,24.12333333333333,33.3,14.1,0.0,0.0,0.0,2.0900000000000003,14.9,1015.55,1009.5,0.0,0.0,0.0,0.0
T3-202312,T3,202312,2023-12-01,Winter,1,16.2,1.004,9.164,10.77,28.2,4.924035955715728,20.81935483870968,30.5,11.5,12.0,12.0,1.0,2.629032258064516,13.0,1017.4225806451612,1009.5,0.0,1.0,0.0,0.0
T3-202401,T3,202401,2024-01-01,Winter,1,24.9,1.004,9.28,8.3,17.05,5.511856843370189,18.41935483870968,28.5,8.6,0.5,0.5,1.0,2.5354838709677416,15.4,1017.6129032258063,1010.0,0.0,0.0,0.0,0.0
T3-202402,T3,202402,2024-02-01,Spring,1,18.0,1.004,9.369,8.49,33.8,5.3154715542536985,20.63103448275862,32.1,12.3,5.0,4.0,3.0,2.493103448275862,11.3,1016.2172413793104,1009.8,0.0,1.0,0.0,0.0
T3-202403,T3,202403,2024-03-01,Spring,1,21.3,1.003,9.21,7.18,42.3,5.635007675485571,22.461290322580645,32.7,13.0,14.0,6.5,5.0,2.2516129032258063,13.7,1013.3774193548388,1005.2,0.0,0.0,0.0,0.0
T3-202404,T3,202404,2024-04-01,Spring,2,29.9,1.007,9.256,7.3,40.3,6.021257485821463,27.37333333333333,35.0,21.2,181.5,67.0,7.0,1.9166666666666667,22.3,1008.2333333333332,1002.2,0.0,0.0,0.0,0.0
T3-202405,T3,202405,2024-05-01,Spring,2,32.2,1.006,8.963999999999999,12.3,29.85,5.413354838930488,27.59354838709677,34.5,21.3,107.5,66.5,10.0,1.8870967741935485,11.3,1007.5258064516128,998.4,0.0,0.0,0.0,0.0
T3-202406,T3,202406,2024-06-01,Summer,2,33.4,1.006,8.4485,8.41,19.549999999999997,5.111091176318942,29.85666666666667,36.5,23.2,200.5,74.5,13.0,2.2133333333333334,13.5,1006.0433333333332,1001.8,0.0,0.0,1.0,0.0
T3-202407,T3,202407,2024-07-01,Summer,2,31.325000000000003,1.005,8.54775,8.535,61.0,6.374187781840716,30.135483870967743,37.3,22.5,1036.0,481.0,17.0,2.412903225806452,22.3,1003.8193548387096,979.0,0.0,0.0,1.0,1.0
T3-202408,T3,202408,2024-08-01,,2,34.074999999999996,1.004,8.503499999999999,7.484999999999999,59.475,5.748924428780758,29.89354838709677,35.5,24.5,333.0,67.0,9.0,1.8387096774193548,14.6,1004.3096774193548,998.5,0.0,0.0,1.0,0.0
T3-202409,T3,202409,2024-09-01,Autumn,1,32.4,1.007,8.315,9.92,31.4,5.612958246040726,29.56,35.6,24.5,250.0,116.0,17.0,1.8,14.8,1003.0966666666668,993.7,0.0,0.0,1.0,0.0
T3-202410,T3,202410,2024-10-01,Autumn,2,32.15,1.004,8.396,8.899999999999999,52.15,5.511451136082423,27.51935483870968,33.7,20.5,87.0,47.5,7.0,2.358064516129032,23.5,1006.3096774193548,972.7,0.0,0.0,0.0,1.0
T3-202412,T3,202412,2024-12-01,Winter,1,18.8,1.006,8.446,9.65,130.0,6.928824686252603,19.080645161290324,28.1,11.5,25.5,14.0,2.0,2.925806451612903,13.6,1015.4580645161292,1009.2,0.0,0.0,0.0,0.0
T4-202209,T4,202209,2022-09-01,Autumn,2,29.85,1.0025,8.254999999999999,7.95,34.85,5.847169410010409,29.023333333333333,35.0,23.8,28.0,11.0,6.0,2.306666666666666,17.1,1005.04,993.1,1.0,0.0,0.0,0.0
T4-202210,T4,202210,2022-10-01,Autumn,2,33.099999999999994,1.0025,8.5345,9.385,119.65,6.370319957622412,26.63870967741936,35.0,20.7,4.0,2.0,3.0,2.229032258064516,12.6,1010.1806451612904,1000.0,0.0,0.0,0.0,0.0
T4-202211,T4,202211,2022-11-01,Autumn,2,26.25,1.0034999999999998,7.984500000000001,6.2,95.15,5.5133737617451395,25.196666666666665,33.2,20.5,1.0,1.0,1.0,2.036666666666666,11.6,1012.28,1000.9,0.0,0.0,0.0,0.0
T4-202212,T4,202212,2022-12-01,Winter,2,20.049999999999997,1.0042499999999999,9.05575,9.8975,47.400000000000006,6.008415384340104,18.66774193548387,28.5,9.3,3.0,3.0,1.0,3.1516129032258067,18.2,1015.3741935483872,1006.5,0.0,0.0,0.0,0.0
T4-202302,T4,202302,2023-02-01,Spring,1,22.6,1.003,8.917,9.85,9.0,3.5351419701658537,18.832142857142856,32.5,12.5,0.0,0.0,0.0,2.9285714285714284,11.6,1016.2642857142856,1008.1,0.0,1.0,0.0,0.0
T4-202303,T4,202303,2023-03-01,Spring,2,25.0,1.001,9.189,9.885000000000002,29.6,5.765589955802294,21.570967741935487,31.3,13.3,0.5,0.5,1.0,2.3193548387096774,12.0,1014.583870967742,1005.7,0.0,0.0,0.0,0.0
T4-202304,T4,202304,2023-04-01,Spring,2,27.75,1.003,8.6615,10.84,19.83,5.7382147603776525,25.386666666666667,34.3,18.5,18.5,7.5,4.0,2.07,11.0,1010.0833333333334,1001.2,0.0,0.0,0.0,0.0
T4-202305,T4,202305,2023-05-01,Summer,2,31.45,1.0025,8.5445,10.665,42.15,5.913547646534125,27.73225806451613,35.0,21.0,54.5,33.0,6.0,1.896774193548387,14.1,1007.8193548387096,994.0,0.0,0.0,0.0,0.0
T4-202306,T4,202306,2023-06-01,Summer,2,32.7,1.002,8.550999999999998,11.565000000000001,63.85,5.569037424018902,29.91333333333333,34.7,25.5,112.5,29.5,11.0,2.0733333333333333,16.2,1005.73,994.7,0.0,0.0,0.0,0.0
T4-202307,T4,202307,2023-07-01,Summer,2,31.45,1.002,8.239,8.505,35.85,6.582245968260507,30.203225806451613,36.2,24.2,202.0,76.5,14.0,2.138709677419355,23.0,1005.2483870967742,989.1,0.0,0.0,0.0,0.0
T4-202308,T4,202308,2023-08-01,Autumn,2,27.700000000000003,1.002,8.3435,4.83,27.950000000000003,5.623908343736478,29.503225806451614,34.7,25.5,215.0,42.0,18.0,2.103225806451613,17.0,1003.2,996.6,1.0,0.0,0.0,0.0
T4-202309,T4,202309,2023-09-01,Autumn,2,30.45,1.001,8.3565,8.305,22.950000000000003,5.86095633314569,29.2,34.7,24.5,268.0,67.5,10.0,1.923333333333333,18.6,1006.17,979.1,0.0,0.0,0.0,1.0
T4-202310,T4,202310,2023-10-01,Autumn,1,26.8,1.002,8.486,7.42,28.3,5.391023126752841,27.280645161290323,35.0,22.2,25.0,20.5,4.0,2.2,23.6,1011.048387096774,991.9,0.0,0.0,0.0,0.0
T4-202311,T4,202311,2023-11-01,Winter,1,21.0,1.004,8.579,8.39,20.8,4.213626873375517,24.12333333333333,33.3,14.1,0.0,0.0,0.0,2.0900000000000003,14.9,1015.55,1009.5,0.0,0.0,0.0,0.0
T4-202312,T4,202312,2023-12-01,Winter,1,16.2,1.004,8.912,11.81,29.6,5.857619315465404,20.81935483870968,30.5,11.5,12.0,12.0,1.0,2.629032258064516,13.0,1017.4225806451612,1009.5,0.0,1.0,0.0,0.0
T4-202401,T4,202401,2024-01-01,Winter,1,25.1,1.004,9.048,8.46,21.1,6.113382746467785,18.41935483870968,28.5,8.6,0.5,0.5,1.0,2.5354838709677416,15.4,1017.6129032258063,1010.0,0.0,0.0,0.0,0.0
T4-202402,T4,202402,2024-02-01,Spring,1,18.5,1.004,9.0,8.56,29.0,5.767611989665387,20.63103448275862,32.1,12.3,5.0,4.0,3.0,2.493103448275862,11.3,1016.2172413793104,1009.8,0.0,1.0,0.0,0.0
T4-202403,T4,202403,2024-03-01,Spring,1,21.2,1.004,8.804,6.82,18.0,5.929679465855916,22.461290322580645,32.7,13.0,14.0,6.5,5.0,2.2516129032258063,13.7,1013.3774193548388,1005.2,0.0,0.0,0.0,0.0
T4-202404,T4,202404,2024-04-01,Spring,2,30.35,1.008,8.873999999999999,7.154999999999999,21.75,5.676543500780783,27.37333333333333,35.0,21.2,181.5,67.0,7.0,1.9166666666666667,22.3,1008.2333333333332,1002.2,0.0,0.0,0.0,0.0
T4-202405,T4,202405,2024-05-01,Spring,2,31.3,1.006,8.7325,11.004999999999999,30.05,5.567686894842514,27.59354838709677,34.5,21.3,107.5,66.5,10.0,1.8870967741935485,11.3,1007.5258064516128,998.4,0.0,0.0,0.0,0.0
T4-202406,T4,202406,2024-06-01,Summer,2,33.3,1.005,8.592500000000001,8.14,31.05,5.3466900022596,29.85666666666667,36.5,23.2,200.5,74.5,13.0,2.2133333333333334,13.5,1006.0433333333332,1001.8,0.0,0.0,1.0,0.0
T4-202407,T4,202407,2024-07-01,Summer,2,30.975,1.0045,8.5765,9.6375,32.125,6.207217390261009,30.135483870967743,37.3,22.5,1036.0,481.0,17.0,2.412903225806452,22.3,1003.8193548387096,979.0,0.0,0.0,1.0,1.0
T4-202408,T4,202408,2024-08-01,,2,33.900000000000006,1.003,8.35775,8.055,53.675,6.215074059743294,29.89354838709677,35.5,24.5,333.0,67.0,9.0,1.8387096774193548,14.6,1004.3096774193548,998.5,0.0,0.0,1.0,0.0
T4-202409,T4,202409,2024-09-01,Autumn,2,31.75,1.005,8.173,7.64,66.4,6.205755244954519,29.56,35.6,24.5,250.0,116.0,17.0,1.8,14.8,1003.0966666666668,993.7,0.0,0.0,1.0,0.0
T4-202412,T4,202412,2024-12-01,Winter,1,18.6,1.008,8.444,11.07,86.3,6.237960337449877,19.080645161290324,28.1,11.5,25.5,14.0,2.0,2.925806451612903,13.6,1015.4580645161292,1009.2,0.0,0.0,0.0,0.0
