Lineage,Genus,Phylum,Family,Grow_out_prevalence_percent,Grow_out_mean_relative_abundance_percent,Spring_mean_percent,Spring_prevalence_percent,Summer_mean_percent,Summer_prevalence_percent,Autumn_mean_percent,Autumn_prevalence_percent,Winter_mean_percent,Winter_prevalence_percent,Seasonal_prevalence_range_percentage_points,Highest_prevalence_season
d__Bacteria;  p__Verrucomicrobiota;  c__Verrucomicrobiae;  o__Chthoniobacterales;  f__UBA6821;  g__UBA6821,UBA6821,Verrucomicrobiota,UBA6821,47.14285714285714,0.022021051749593314,0.02130606157451795,5.555555555555555,0.009040881748497834,46.666666666666664,0.040286149781666544,86.95652173913044,0.006840703066029354,35.714285714285715,81.40096618357488,Autumn
d__Bacteria;  p__Actinomycetota;  c__Acidimicrobiia;  o__Acidimicrobiales;  f__Ilumatobacteraceae;  g__M30B72,M30B72,Actinomycetota,Ilumatobacteraceae,47.14285714285714,0.030350893351789875,0.09162241382859694,83.33333333333334,0.012060374061473592,73.33333333333333,0.0005213101872054136,4.3478260869565215,0.020175952891622665,42.857142857142854,78.98550724637683,Spring
d__Bacteria;  p__Bacteroidota;  c__Bacteroidia;  o__Flavobacteriales;  f__Schleiferiaceae;  g__CAJXNI01,CAJXNI01,Bacteroidota,Schleiferiaceae,52.85714285714286,0.02369747882951038,0.009942745142626951,33.33333333333333,0.051031163588131014,100.0,0.022791424270188505,56.52173913043478,0.013584563818724363,21.428571428571427,78.57142857142857,Summer
d__Bacteria;  p__Verrucomicrobiota;  c__Verrucomicrobiae;  o__Verrucomicrobiales;  f__Akkermansiaceae;  g__Haloferula,Haloferula,Verrucomicrobiota,Akkermansiaceae,57.14285714285714,0.19927087398695148,0.03042601599922344,22.22222222222222,0.3187622541388325,100.0,0.350721565246751,69.56521739130434,0.03951879131020135,35.714285714285715,77.77777777777777,Summer
d__Bacteria;  p__Pseudomonadota;  c__Gammaproteobacteria;  o__UBA1113;  f__UBA1113;  g__GCA-2707205,GCA-2707205,Pseudomonadota,UBA1113,52.85714285714286,0.034386294664913324,0.006158677396464224,11.11111111111111,0.04472600668716983,60.0,0.06884301647630071,86.95652173913044,0.0029932110103651757,42.857142857142854,75.84541062801932,Autumn
d__Bacteria;  p__Actinomycetota;  c__Actinomycetes;  o__Actinomycetales;  f__Microbacteriaceae;  g__Aurantimicrobium,Aurantimicrobium,Actinomycetota,Microbacteriaceae,41.42857142857143,0.015956686222674356,0.01427068701813774,33.33333333333333,0.03211394036324132,80.0,0.015331218126107228,43.47826086956522,0.0018406104936885465,7.142857142857142,72.85714285714286,Summer
d__Bacteria;  p__Bacteroidota;  c__Bacteroidia;  o__Cytophagales_B;  f__Cyclobacteriaceae;  g__Aquiflexum,Aquiflexum,Bacteroidota,Cyclobacteriaceae,55.714285714285715,0.03729493868998521,0.11846900178127566,77.77777777777779,0.013000851675976302,80.0,0.000979670158246804,13.043478260869565,0.018618463389762953,71.42857142857143,66.95652173913044,Summer
d__Bacteria;  p__Bdellovibrionota;  c__Oligoflexia;  o__Oligoflexales;  f__RGVZ01;  g__RGVZ01,RGVZ01,Bdellovibrionota,RGVZ01,42.857142857142854,0.012470139254021644,0.007480722266558537,16.666666666666664,0.02089793996150396,80.0,0.017862777761512755,56.52173913043478,0.0009959827890077522,14.285714285714285,65.71428571428572,Summer
d__Bacteria;  p__Hydrogenedentota;  c__Hydrogenedentia;  o__Hydrogenedentiales;  f__JAEUWI01;  g__WGMK01,WGMK01,Hydrogenedentota,JAEUWI01,62.857142857142854,0.08627580060867081,0.023084485203516626,50.0,0.19795587987425897,86.66666666666667,0.1076584094832232,82.6086956521739,0.012735978051117201,21.428571428571427,65.23809523809524,Summer
d__Bacteria;  p__Bacteroidota;  c__Bacteroidia;  o__Cytophagales;  f__Spirosomataceae;  g__Jiulongibacter,Jiulongibacter,Bacteroidota,Spirosomataceae,68.57142857142857,0.4119476224365304,0.3244443222204881,38.88888888888889,0.7171753231035135,100.0,0.31773924200362796,91.30434782608695,0.35219309699658513,35.714285714285715,64.28571428571428,Summer
d__Bacteria;  p__Actinomycetota;  c__Acidimicrobiia_401430;  o__Acidimicrobiales;  f__Ilumatobacteraceae;  g__Ilumatobacter_A,Ilumatobacter_A,Actinomycetota,Ilumatobacteraceae,67.14285714285714,0.01819630641224022,0.00542992388221959,44.44444444444444,0.04893708016692952,100.0,0.014606127890578705,82.6086956521739,0.0075718339278292605,35.714285714285715,64.28571428571428,Summer
d__Bacteria;  p__Verrucomicrobiota;  c__Kiritimatiellia;  o__SS1-B-03-39;  f__UBA6053;  g__UBA6053,UBA6053,Verrucomicrobiota,UBA6053,40.0,0.057377231639817436,0.0540849280092389,38.88888888888889,0.00455130535742331,26.666666666666668,0.013426628034910477,21.73913043478261,0.19041396324690207,85.71428571428571,63.9751552795031,Winter
d__Bacteria;  p__Myxococcota_A_473307;  c__Bradymonadia;  o__UBA7976;  f__UBA1532;  g__UBA1532,UBA1532,Myxococcota_A_473307,UBA1532,42.857142857142854,0.013199483565433531,0.04144633334009678,77.77777777777779,0.008311848878467904,40.0,0.0015456571880951536,34.78260869565217,0.001264428639671291,14.285714285714285,63.4920634920635,Spring
d__Bacteria;  p__Pseudomonadota;  c__Gammaproteobacteria;  o__Berkiellales;  f__Berkiellaceae;  g__Berkiella_A,Berkiella_A,Pseudomonadota,Berkiellaceae,42.857142857142854,0.04050133837225788,0.0074944865757652045,11.11111111111111,0.011399661704668426,53.333333333333336,0.10893059105433867,73.91304347826086,0.0016996005624615846,21.428571428571427,62.801932367149746,Autumn
d__Bacteria;  p__Pseudomonadota;  c__Gammaproteobacteria;  o__Burkholderiales;  f__Gallionellaceae;  g__Nitrotoga,Nitrotoga,Pseudomonadota,Gallionellaceae,37.142857142857146,0.03913204308452885,0.0037348813643076025,11.11111111111111,0.07758322029396143,26.666666666666668,0.06258063287677117,73.91304347826086,0.00492230648459454,21.428571428571427,62.801932367149746,Autumn
d__Bacteria;  p__Pseudomonadota;  c__Gammaproteobacteria;  o__Francisellales;  f__Francisellaceae;  g__Francisella_A,Francisella_A,Pseudomonadota,Francisellaceae,51.42857142857142,0.015283819309894621,0.0030059197772704526,22.22222222222222,0.013471128728592024,60.0,0.026688099495314446,82.6086956521739,0.014276255455760202,28.57142857142857,60.386473429951685,Autumn
d__Bacteria;  p__Patescibacteria;  c__WWE3;  o__2-01-FULL-39-13;  f__2-01-FULL-39-13;  g__GCA-002789015,GCA-002789015,Patescibacteria,2-01-FULL-39-13,62.857142857142854,0.025545670935122153,0.004453683074267751,33.33333333333333,0.055001368723631684,93.33333333333333,0.03349883695407351,82.6086956521739,0.008038349237397522,35.714285714285715,60.0,Summer
d__Bacteria;  p__Bacteroidota;  c__Ignavibacteria;  o__Ignavibacteriales;  f__Melioribacteraceae;  g__GCA-2746605,GCA-2746605,Bacteroidota,Melioribacteraceae,64.28571428571429,0.012535619000619112,0.00905478716791824,33.33333333333333,0.018968345684745636,93.33333333333333,0.013068810734113201,73.91304347826086,0.009242809204644395,57.14285714285714,60.0,Summer
d__Bacteria;  p__Bdellovibrionota;  c__UBA2361;  o__UBA2361;  f__JAGFJO01;  g__JAGFJO01,JAGFJO01,Bdellovibrionota,JAGFJO01,35.714285714285715,0.011695019249962418,0.011958452917862511,5.555555555555555,0.023076061251375558,53.333333333333336,0.010898510389451095,65.21739130434783,0.0004708955177025322,7.142857142857142,59.66183574879227,Autumn
d__Bacteria;  p__Pseudomonadota;  c__Alphaproteobacteria;  o__Sphingomonadales;  f__Sphingomonadaceae;  g__Altererythrobacter,Altererythrobacter,Pseudomonadota,Sphingomonadaceae,64.28571428571429,0.015958259593438592,0.0025053989901868347,27.77777777777778,0.004639846449754786,80.0,0.036610210019846906,86.95652173913044,0.01145346160818125,57.14285714285714,59.17874396135266,Autumn
d__Bacteria;  p__Actinomycetota;  c__Acidimicrobiia;  o__Acidimicrobiales;  f__CAIXPF01;  g__CAIXPF01,CAIXPF01,Actinomycetota,CAIXPF01,61.42857142857143,0.022767473749378996,0.011882419375753746,44.44444444444444,0.04748468063477134,86.66666666666667,0.026259317828802076,78.26086956521739,0.004543221007781736,28.57142857142857,58.0952380952381,Summer
d__Bacteria;  p__Bacteroidota;  c__Bacteroidia;  o__Flavobacteriales;  f__Cryomorphaceae;  g__Owenweeksia,Owenweeksia,Bacteroidota,Cryomorphaceae,37.142857142857146,0.15834313306287295,0.06545045553943346,66.66666666666666,0.004322478518253035,20.0,0.0028170805263412965,8.695652173913043,0.6983057917722612,64.28571428571429,57.97101449275361,Spring
d__Bacteria;  p__Patescibacteria;  c__Saccharimonadia;  o__Saccharimonadales;  f__SZUA-47;  g__SZUA-47,SZUA-47,Patescibacteria,SZUA-47,62.857142857142854,0.027628026799145857,0.05329256408018438,72.22222222222221,0.0414834430649047,93.33333333333333,0.013001306499743183,52.17391304347826,0.003815287644944808,35.714285714285715,57.61904761904761,Summer
d__Bacteria;  p__Pseudomonadota;  c__Alphaproteobacteria;  o__Hyphomicrobiales;  f__Hyphomicrobiaceae;  g__Filomicrobium,Filomicrobium,Pseudomonadota,Hyphomicrobiaceae,67.14285714285714,0.026275713789047563,0.0121326667664747,50.0,0.020582453220953534,93.33333333333333,0.050142084709844895,82.6086956521739,0.011350515485432063,35.714285714285715,57.61904761904761,Summer
d__Bacteria;  p__Pseudomonadota;  c__Gammaproteobacteria;  o__Legionellales;  f__Legionellaceae;  g__Legionella,Legionella,Pseudomonadota,Legionellaceae,77.14285714285715,0.18658461667887868,0.01924633060761129,61.111111111111114,0.2667752516025909,100.0,0.3618114518239832,95.65217391304348,0.027942646471001784,42.857142857142854,57.142857142857146,Summer
d__Bacteria;  p__Patescibacteria;  c__Microgenomatia;  o__UBA1400;  f__PJMF01;  g__UBA1370,UBA1370,Patescibacteria,PJMF01,72.85714285714285,0.02877840271331796,0.004223166218247279,44.44444444444444,0.06596680578275613,100.0,0.02584846763479205,95.65217391304348,0.025318168261589072,42.857142857142854,57.142857142857146,Summer
d__Bacteria;  p__Pseudomonadota;  c__Gammaproteobacteria;  o__Nitrosococcales;  f__Methylophagaceae;  g__GCA-002733105,GCA-002733105,Pseudomonadota,Methylophagaceae,72.85714285714285,0.4003292539210637,1.0215121281675075,100.0,0.003627854617347502,60.0,0.008077640137602673,43.47826086956522,0.6711161375024466,100.0,56.52173913043478,Spring
d__Bacteria;  p__Pseudomonadota;  c__Gammaproteobacteria;  o__Legionellales;  f__Legionellaceae;  g__Tatlockia,Tatlockia,Pseudomonadota,Legionellaceae,22.857142857142858,0.041489869947996375,0.0,0.0,0.0033964268557819845,13.333333333333334,0.12390656977222815,56.52173913043478,0.00024952776869773956,7.142857142857142,56.52173913043478,Autumn
d__Bacteria;  p__Chloroflexota;  c__Anaerolineae;  o__Caldilineales;  f__Caldilineaceae;  g__Caldilinea,Caldilinea,Chloroflexota,Caldilineaceae,78.57142857142857,0.2470095933756095,0.009666949559781743,44.44444444444444,0.3133139097174613,100.0,0.5020356228055723,95.65217391304348,0.06215274813760796,71.42857142857143,55.55555555555556,Summer
d__Bacteria;  p__Bacteroidota;  c__Bacteroidia;  o__Bacteroidales;  f__JAGOPY01;  g__JAGOPY01,JAGOPY01,Bacteroidota,JAGOPY01,70.0,0.02312593704449697,0.018521551297954617,44.44444444444444,0.018496305823358046,100.0,0.02780753616645641,78.26086956521739,0.026314982183766905,57.14285714285714,55.55555555555556,Summer
