Taxon and full taxonomic classification,Spring mean (%),Spring prevalence,Summer mean (%),Summer prevalence,Autumn mean (%),Autumn prevalence,Winter mean (%),Winter prevalence
Planktothrix NIVA-CYA 15 | phylum: Cyanobacteriota; class: Cyanobacteriia; order: Cyanobacteriales; family: Phormidiaceae; genus: Planktothrix NIVA-CYA 15,1.261249573112206,0.5161290322580645,0.6764469057932156,0.6,5.418402362149073,0.7560975609756098,5.762867044573146,0.9
Cyanobium A 31525 gracile | phylum: Cyanobacteriota; class: Cyanobacteriia; order: PCC-6307; family: Cyanobiaceae; genus: Cyanobium A 31525; species: Cyanobium A 31525 gracile,0.6765199995226867,0.967741935483871,3.0291742287787478,1.0,1.6617040811883876,1.0,3.135257344662952,1.0
Paenisporosarcina quisquiliarum | phylum: Bacillota; class: Bacilli; order: Bacillales A; family: Planococcaceae; genus: Paenisporosarcina; species: Paenisporosarcina quisquiliarum,0.0,0.0,3.5044229762573513,0.4,0.037136983001056764,0.17073170731707318,0.187301649616433,0.2
Cyanobium PCC-6307 | phylum: Cyanobacteriota; class: Cyanobacteriia; order: Synechococcales; family: Cyanobiaceae; genus: Cyanobium PCC-6307,2.9104288174974315,0.967741935483871,1.382898964229577,1.0,0.8274251165560415,0.8780487804878049,0.4039381418691567,0.9
Bin5 sp009840225 | phylum: Chloroflexota; class: Anaerolineae; order: Caldilineales; family: Caldilineaceae; genus: Bin5; species: Bin5 sp009840225,1.242435289656016,0.8709677419354839,1.7374272558488741,1.0,2.539676056786787,1.0,0.6524169924641627,0.85
Vulcanococcus sp000179235 | phylum: Cyanobacteriota; class: Cyanobacteriia; order: PCC-6307; family: Cyanobiaceae; genus: Vulcanococcus; species: Vulcanococcus sp000179235,1.603451033221237,0.7741935483870968,1.2348931703379287,0.7666666666666667,0.11025547259943246,0.5121951219512195,0.28310185255685255,0.6
Planococcus | phylum: Bacillota; class: Bacilli; order: Bacillales; family: Planococcaceae; genus: Planococcus,0.002117348774375944,0.12903225806451613,2.384626569915266,0.4,0.5167176985189129,0.1951219512195122,0.36616117801419834,0.15
JACTMZ01 sp018883245 | phylum: Verrucomicrobiota; class: Verrucomicrobiae; order: Chthoniobacterales; family: JACTMZ01; genus: JACTMZ01; species: JACTMZ01 sp018883245,1.5875761102374204,0.967741935483871,3.2781288716117283,1.0,1.571106036960436,1.0,2.030168155791971,1.0
UBA2230 sp024230435 | phylum: Desulfobacterota; class: Desulfobacteria; order: Desulfobacterales; family: Desulfosarcinaceae; genus: UBA2230; species: UBA2230 sp024230435,1.3813823074023397,0.8709677419354839,0.020518591919787985,0.5666666666666667,0.020515395198261812,0.5365853658536586,0.8236918106753008,0.8
Croceimicrobium sp018401735 | phylum: Bacteroidota; class: Bacteroidia; order: Flavobacteriales; family: Schleiferiaceae; genus: Croceimicrobium; species: Croceimicrobium sp018401735,1.1384407840276147,0.9032258064516129,0.42714801904825667,0.9,0.25668152630498836,0.7317073170731707,0.8169686504252377,0.95
Planktothrix NIVA-CYA 15 spiroides | phylum: Cyanobacteriota; class: Cyanobacteriia; order: Cyanobacteriales; family: Phormidiaceae; genus: Planktothrix NIVA-CYA 15; species: Planktothrix NIVA-CYA 15 spiroides,0.042357228034190765,0.3870967741935484,0.15355680009786024,0.43333333333333335,1.3829411925862294,0.6585365853658537,0.32243034162511874,0.8
RFPI01 sp009926205 | phylum: Pseudomonadota; class: Gammaproteobacteria; order: Burkholderiales; family: Methylophilaceae; genus: RFPI01; species: RFPI01 sp009926205,2.3509755976251383,1.0,0.8802823433336487,0.9666666666666667,1.1405562343908544,1.0,1.3532904931106668,1.0
Pseudomonas | phylum: Pseudomonadota; class: Gammaproteobacteria; order: Pseudomonadales; family: Pseudomonadaceae; genus: Pseudomonas,0.003700702493970608,0.3225806451612903,0.0932500313483115,0.3333333333333333,1.1959983365874076,0.6097560975609756,0.27107043768651357,0.45
Pseudomonas E 647464 fluorescens | phylum: Pseudomonadota; class: Gammaproteobacteria; order: Pseudomonadales A 650611; family: Pseudomonadaceae; genus: Pseudomonas E 647464; species: Pseudomonas E 647464 fluorescens,0.0,0.0,0.0,0.0,1.0336008354298538,0.3902439024390244,0.18763054842733579,0.1
Aliivibrio sp024206155 | phylum: Pseudomonadota; class: Gammaproteobacteria; order: Enterobacterales; family: Vibrionaceae; genus: Aliivibrio; species: Aliivibrio sp024206155,0.8387159816287515,0.9032258064516129,1.813357480217527,1.0,0.7624827919879507,1.0,1.0192864074755739,0.9
GCA-002733105 sp014859375 | phylum: Pseudomonadota; class: Gammaproteobacteria; order: Nitrosococcales; family: Methylophagaceae; genus: GCA-002733105; species: GCA-002733105 sp014859375,0.9667414314122422,0.967741935483871,0.0036278546173475023,0.43333333333333335,0.007436825346628645,0.3170731707317073,0.5994346396247233,1.0
Isosphaeraceae | phylum: Planctomycetota; class: Planctomycetes; order: Isosphaerales; family: Isosphaeraceae,0.2295751501542139,0.8387096774193549,0.4814806130302644,0.9666666666666667,1.1220856711555964,1.0,0.5453454055421364,0.8
LD29 | phylum: Verrucomicrobiota; class: Verrucomicrobiia; order: Chthoniobacterales; family: Chthoniobacteraceae; genus: LD29,0.803469896156757,0.6129032258064516,0.08969146910061966,0.9,0.02572774536956754,0.6585365853658537,0.09972467246905477,0.65
UBA2653 sp003489505 | phylum: Pseudomonadota; class: Gammaproteobacteria; order: Legionellales; family: Legionellaceae; genus: UBA2653; species: UBA2653 sp003489505,0.007492337591538633,0.3225806451612903,0.20997950332954973,0.7666666666666667,0.7554573987909449,0.6341463414634146,0.07354228591324788,0.55
Flavobacterium | phylum: Bacteroidota; class: Bacteroidia; order: Flavobacteriales; family: Flavobacteriaceae; genus: Flavobacterium,0.8819916304705895,1.0,0.08583755258792462,0.8333333333333334,0.3722920580211155,0.926829268292683,0.24456024215120442,1.0
GWA1-52-35 sp001769805 | phylum: Bdellovibrionota 473306; class: UBA1018; order: UBA1018; family: UBA1018; genus: GWA1-52-35; species: GWA1-52-35 sp001769805,0.06838202446306911,0.41935483870967744,0.5342755171169699,0.5333333333333333,0.715799423024054,0.8048780487804879,0.46057967232165603,0.5
Algoriphagus | phylum: Bacteroidota; class: Bacteroidia; order: Cytophagales; family: Cyclobacteriaceae; genus: Algoriphagus,0.8417695263226407,0.8709677419354839,0.14513206856085017,1.0,0.23379721633403872,0.926829268292683,0.8656163906607725,0.65
CK06-06-Mud-MAS4B-21 | phylum: Balneolota; class: Balneolia; order: Balneolales; family: Balneolaceae; genus: CK06-06-Mud-MAS4B-21,0.700170420472192,0.967741935483871,0.12262977650273647,0.9666666666666667,0.05911289222909849,0.7804878048780488,0.24948513774293463,0.7
Stenotrophomonas A 615274 rhizophila | phylum: Pseudomonadota; class: Gammaproteobacteria; order: Xanthomonadales; family: Xanthomonadaceae; genus: Stenotrophomonas A 615274; species: Stenotrophomonas A 615274 rhizophila,0.00042676924302516804,0.03225806451612903,0.0,0.0,0.6365417455313069,0.1951219512195122,0.0,0.0
Mycobacterium | phylum: Actinomycetota; class: Actinobacteria; order: Mycobacteriales; family: Mycobacteriaceae; genus: Mycobacterium,0.0890387118024432,0.7741935483870968,0.35551369911368247,1.0,0.5895603363708435,0.975609756097561,0.13265178291547525,0.8
JAHBVH01 sp021405325 | phylum: Chloroflexota; class: Anaerolineae; order: Caldilineales; family: Caldilineaceae; genus: JAHBVH01; species: JAHBVH01 sp021405325,0.044593242107448944,0.3225806451612903,0.10161746607292485,0.7333333333333333,0.5205896420412948,1.0,0.0785104918053479,0.45
UBA1450 sp002329205 | phylum: Patescibacteria; class: Microgenomatia; order: UBA1406; family: GWC2-37-13; genus: UBA1450; species: UBA1450 sp002329205,0.25657616279202583,0.6774193548387096,0.5185778222350913,0.9,0.5986563633608359,1.0,0.1078290961277264,0.8
UBA961 sp009919265 | phylum: Bacteroidota; class: Kapaibacteriia; order: Kapaibacteriales; family: UBA961; genus: UBA961; species: UBA961 sp009919265,0.13806283629107496,0.3870967741935484,0.622565456010648,0.8666666666666667,0.25536518832068056,0.8292682926829268,0.17077338514075335,0.35
Wandonia haliotis | phylum: Bacteroidota; class: Bacteroidia; order: Flavobacteriales B 877923; family: Crocinitomicaceae; genus: Wandonia; species: Wandonia haliotis,0.48350305492974693,1.0,0.030982516432726096,0.8666666666666667,0.04129375555685186,0.7804878048780488,0.42039643103181634,0.95
QHVH01 sp003222245 | phylum: Acidobacteriota; class: Blastocatellia; order: UBA7656; family: UBA7656; genus: QHVH01; species: QHVH01 sp003222245,0.18552408872874132,0.6129032258064516,0.06411882135821984,0.43333333333333335,0.05891889280548638,0.6829268292682927,0.437196232281777,0.95
