Grouping,Category,n,mean,sd,median,q1,q3,minimum,maximum
Pond,T1,40,6.00716427917092,0.3966212701698464,6.046266127564646,5.7409699886601855,6.2893427309436785,5.124328515616598,6.7274022715245865
Pond,T2,47,5.537714460676592,0.9723880561676655,5.733855973136102,5.398427966255538,6.042986455986846,1.7765633379249675,6.855931537668189
Pond,T3,39,5.644845997843738,0.6063220793071763,5.620372823934535,5.33737499642056,5.930701220466283,3.5866929531967866,6.928824686252603
Pond,T4,42,5.787369950049272,0.5668996976360189,5.8178939772576115,5.647034848282393,6.078431513136052,3.5351419701658537,6.752413170284907
Layer,D,77,5.865286578400517,0.7021229977046197,5.96955225003544,5.660923036530647,6.268341072810366,2.506628125933114,6.928824686252603
Layer,U,91,5.628028748349143,0.6846397470553154,5.733855973136102,5.437840885441915,5.998041448490476,1.7765633379249675,6.74393305612292
Production category,Grow-out (T2–T4),128,5.652274308357617,0.7530853967252954,5.765541264706264,5.432422201223104,6.036715058083267,1.7765633379249675,6.928824686252603
Production category,Nursery (T1),40,6.00716427917092,0.3966212701698464,6.046266127564646,5.7409699886601855,6.2893427309436785,5.124328515616598,6.7274022715245865
"Season, grow-out pond-month",Autumn,23,5.64446610280019,0.5981805697546868,5.651697838314625,5.483575059603614,6.016828806235591,4.023571364536475,6.409466676283341
"Season, grow-out pond-month",Spring,18,5.609416991779408,0.5529872214619344,5.733245910288549,5.607032367222196,5.834944951649051,3.5351419701658537,6.108134745355857
"Season, grow-out pond-month",Summer,15,5.765162749979861,0.5328848539750614,5.881695410657612,5.421494343476181,6.197236431107488,4.593211671751464,6.582245968260507
"Season, grow-out pond-month",Winter,14,5.413738473431039,1.098815840181108,5.785353948309051,5.040178225370022,5.994125050508653,2.4417317817037114,6.928824686252603
"Season, grow-out pond-month",,3,6.115424147794869,0.32822322321839503,6.215074059743294,5.981999244262026,6.2986740073019245,5.748924428780758,6.382273954860555
