Pond,Date,PondMonth,D,U
T1,202209,T1-202209,5.65747560546407,5.855825477265617
T1,202210,T1-202210,6.047897105091472,5.680017590978943
T1,202211,T1-202211,5.432921289804508,5.140631188016425
T1,202212,T1-202212,5.500437561757866,5.5977600233022144
T1,202301,T1-202301,6.536187819288038,6.3923310427423905
T1,202302,T1-202302,6.656784819485797,6.343088852994783
T1,202303,T1-202303,6.28217930281987,6.224033412853631
T1,202304,T1-202304,6.077784692619433,5.9799164202262105
T1,202305,T1-202305,6.098061141876827,5.990341254369631
T1,202307,T1-202307,5.665042032604189,5.767286029734695
T1,202310,T1-202310,6.4953904623814624,6.310833015315104
T1,202311,T1-202311,6.6219526351815485,6.358649402565186
T1,202312,T1-202312,5.786815358050361,5.434213890802347
T1,202401,T1-202401,6.050027150754152,5.124328515616598
T1,202402,T1-202402,6.108440489008683,5.752992861515791
T1,202403,T1-202403,6.044059210700921,5.704901370093369
T1,202404,T1-202404,6.0748216301884845,6.04463515003782
T1,202410,T1-202410,6.10878539677311,5.8285113631968954
T1,202411,T1-202411,6.153474547896291,6.027328847705922
T1,202412,T1-202412,6.7274022715245865,6.603004934231556
T2,202209,T2-202209,6.3458379543331125,5.70999398538661
T2,202210,T2-202210,5.984687865541516,5.551558115734776
T2,202211,T2-202211,5.354886394386838,5.020593198099309
T2,202304,T2-202304,5.660923036530647,5.53449149240483
T2,202305,T2-202305,5.945930722047664,6.083783068946852
T2,202306,T2-202306,5.456967898388797,5.486234783550451
T2,202307,T2-202307,6.3380578448196605,6.0532243403946
T2,202308,T2-202308,5.858515226004208,5.444880450625042
T2,202309,T2-202309,5.718050098519656,5.827852631781333
T2,202310,T2-202310,6.855931537668189,5.963001814898494
T2,202311,T2-202311,3.1069002254824554,1.7765633379249675
T2,202312,T2-202312,5.123761431709066,4.164874016147565
T2,202401,T2-202401,6.248647223014823,5.653860875013777
T2,202402,T2-202402,5.96955225003544,5.528341758570545
T2,202403,T2-202403,6.032748571579091,5.318011787148519
T2,202404,T2-202404,5.343318541735753,6.432901926359459
T2,202405,T2-202405,6.275378453884002,5.94089103682771
T2,202406,T2-202406,4.334563213952283,4.851860129550646
T2,202407,T2-202407,5.992828702083016,6.404834837132677
T2,202408,T2-202408,6.283265210191349,6.481282699529761
T2,202409,T2-202409,2.506628125933114,5.759461880047066
T2,202411,T2-202411,5.87841900752896,5.733855973136102
T2,202412,T2-202412,6.137570044708036,5.391570767863105
T3,202209,T3-202209,6.417945074423777,6.104177763573897
T3,202210,T3-202210,6.268341072810366,6.195446154184781
T3,202211,T3-202211,4.460449775876164,3.5866929531967866
T3,202303,T3-202303,5.885435678398877,5.829342866221669
T3,202304,T3-202304,5.771066532148659,5.685487588250234
T3,202305,T3-202305,5.340537161080237,5.402237530885239
T3,202306,T3-202306,5.6800235339473595,5.612373132313505
T3,202307,T3-202307,5.890356080504961,5.873034740810262
T3,202308,T3-202308,5.620372823934535,5.291025142315075
T3,202404,T3-202404,5.298581915520007,6.74393305612292
T3,202405,T3-202405,5.334212831760883,5.492496846100091
T3,202406,T3-202406,5.050139314657359,5.172043037980524
T3,202407,T3-202407,6.777329203253827,5.971046360427604
T3,202408,T3-202408,6.002188031549245,5.495660826012271
T3,202410,T3-202410,5.850360977013059,5.172541295151787
T4,202209,T4-202209,5.97551378587691,5.718825034143907
T4,202210,T4-202210,6.579831475084189,6.160808440160634
T4,202211,T4-202211,5.761596619569902,5.265150903920378
T4,202212,T4-202212,5.947963898248573,6.068866870431634
T4,202303,T4-202303,5.763470539747141,5.767709371857446
T4,202304,T4-202304,5.708535173049087,5.767894347706218
T4,202305,T4-202305,6.081619727370858,5.745475565697394
T4,202306,T4-202306,5.574390630763631,5.563684217274172
T4,202307,T4-202307,6.752413170284907,6.412078766236107
T4,202308,T4-202308,5.7899229651308755,5.457893722342079
T4,202309,T4-202309,5.92550970606883,5.796402960222552
T4,202404,T4-202404,5.911619121480085,5.441467880081482
T4,202405,T4-202405,5.295988795392356,5.839384994292672
T4,202406,T4-202406,5.626534740026829,5.066845264492372
T4,202407,T4-202407,6.303672339097559,6.110762441424461
T4,202408,T4-202408,6.381533601890792,6.048614517595796
T4,202409,T4-202409,6.553515113826155,5.857995376082883
