Date,Shannon_centered,Typhoon,ColdSurge,Heatwave_Tmax_q90_3day,LowPressure,n_ponds
202209,0.2455127771094514,1.0,0.0,0.0,0.0,4
202210,0.3308869194992985,0.0,0.0,0.0,0.0,4
202211,-0.7248212675902477,0.0,0.0,0.0,0.0,4
202212,-0.08598088842306817,0.0,0.0,0.0,0.0,2
202301,0.4570951518442943,0.0,0.0,0.0,0.0,1
202302,-0.8471985736550689,0.0,1.0,0.0,0.0,2
202303,0.16676495705416716,0.0,0.0,0.0,0.0,3
202304,0.045575852417878204,0.0,0.0,0.0,0.0,4
202305,0.10831171358530134,0.0,0.0,0.0,0.0,4
202306,-0.0722482848354226,0.0,0.0,0.0,0.0,3
202307,0.3662500677246363,0.0,0.0,0.0,0.0,4
202308,-0.057425595816439134,1.0,0.0,0.0,0.0,3
202309,0.24535579609409316,0.0,0.0,0.0,1.0,3
202310,0.21111707187635553,0.0,0.0,0.0,0.0,4
202311,-1.094120380877661,0.0,0.0,0.0,0.0,4
202312,-0.468564653065086,0.0,1.0,0.0,0.0,4
202401,0.06323131006037586,0.0,0.0,0.0,0.0,4
202402,-0.03699975207795747,0.0,1.0,0.0,0.0,4
202403,0.0509503448265729,0.0,0.0,0.0,0.0,4
202404,0.1837233447417146,0.0,0.0,0.0,0.0,4
202405,0.061864842167877875,0.0,0.0,0.0,0.0,3
202406,-0.6175297007650729,0.0,0.0,1.0,0.0,3
202407,0.6255516630281154,0.0,0.0,1.0,1.0,3
202408,0.4808968302531274,0.0,0.0,1.0,0.0,3
202409,-0.31727448621329657,0.0,0.0,1.0,0.0,3
202410,-0.10101662551179658,0.0,0.0,0.0,1.0,3
202411,0.17720969597669356,0.0,0.0,0.0,0.0,2
202412,0.671453200267494,0.0,0.0,0.0,0.0,4
