Representative taxon,Full taxonomic classification,"Mean relative abundance, nursery (%)","Mean relative abundance, grow-out (%)",Mean difference (nursery − grow-out; percentage points),log₂ fold change (nursery vs grow-out),"Prevalence, nursery (proportion)","Prevalence, grow-out (proportion)"
Planktothrix NIVA-CYA 15 spiroides,Cyanobacteriota; Cyanobacteriia; Cyanobacteriales; Phormidiaceae; Planktothrix NIVA-CYA 15; Planktothrix NIVA-CYA 15 spiroides,0.002298452013454647,0.5488664276966767,-0.546567975683222,-7.899648740790529,0.175,0.578125
Planktothrix sp014697575,Cyanobacteriota; Cyanobacteriia; Cyanobacteriales; Microcoleaceae; Planktothrix; Planktothrix sp014697575,0.006361716704963167,0.31023633282499397,-0.3038746161200308,-5.6078077166025775,0.275,0.515625
Planktothrix NIVA-CYA 15,Cyanobacteriota; Cyanobacteriia; Cyanobacteriales; Phormidiaceae; Planktothrix NIVA-CYA 15,0.11979321019631407,3.1461654138617305,-3.0263722036654164,-4.714976479861732,0.45,0.6953125
Polynucleobacter sp903875135,Pseudomonadota; Gammaproteobacteria; Burkholderiales; Burkholderiaceae; Polynucleobacter; Polynucleobacter sp903875135,0.018525087051751217,0.40286651058602857,-0.38434142353427736,-4.442749655312101,0.5,0.953125
Pirellula_B_754616 sp003671195,Planctomycetota; Planctomycetia; Pirellulales; Pirellulaceae; Pirellula_B_754616; Pirellula_B_754616 sp003671195,0.058252853084263985,0.4348653752114974,-0.3766125221272334,-2.900168226983356,0.65,0.890625
Laterigemmans baculatus,Planctomycetota; Planctomycetia; Pirellulales; Pirellulaceae; Laterigemmans; Laterigemmans baculatus,0.3043993461788537,0.790260045187715,-0.48586069900886125,-1.3763622086223968,0.95,1.0
M30B19 sp018402565,Planctomycetota; Planctomycetia; Pirellulales; Pirellulaceae; M30B19; M30B19 sp018402565,0.30903923007839823,0.6003678110935329,-0.29132858101513465,-0.9580566400458735,0.95,0.9921875
Paracoccaceae family,Pseudomonadota; Alphaproteobacteria; Rhodobacterales; Paracoccaceae,2.2167338312054334,1.8655358340403307,0.3511979971651027,0.24884548024243855,1.0,1.0
Bin5 sp009840225,Chloroflexota; Anaerolineae; Caldilineales; Caldilineaceae; Bin5; Bin5 sp009840225,1.0908158213919252,1.6562464661469753,-0.5654306447550501,-0.6025098457278454,0.9,0.9453125
Aquiluna sp009923455,Actinomycetota; Actinomycetes; Actinomycetales; Microbacteriaceae; Aquiluna; Aquiluna sp009923455,0.9951017758550648,1.2947273799741454,-0.2996256041190807,-0.37973236094750124,0.975,0.9921875
JACTMZ01 sp018883245,Verrucomicrobiota; Verrucomicrobiae; Chthoniobacterales; JACTMZ01; JACTMZ01; JACTMZ01 sp018883245,2.7149861548425682,2.0392308408472504,0.6757553139953179,0.41291974336161386,1.0,0.9921875
ZLKRG44 sp018882625,Planctomycetota; Phycisphaerae; Phycisphaerales; SM1A02; ZLKRG44; ZLKRG44 sp018882625,0.8633968885627458,0.5041618855171671,0.35923500304557865,0.7761368387259493,0.85,0.7109375
Aliivibrio sp024206155,Pseudomonadota; Gammaproteobacteria; Enterobacterales; Vibrionaceae; Aliivibrio; Aliivibrio sp024206155,2.092245165502004,1.0852120502413698,1.007033115260634,0.9470749413149332,1.0,0.9609375
CL500-29 marine group,Actinomycetota; Acidimicrobiia; Microtrichales; Ilumatobacteraceae; CL500-29 marine group,0.9601302335522008,0.4596210338791987,0.5005091996730021,1.0627852861899938,1.0,0.9765625
F1-140-MAGs142 sp003671055,Planctomycetota; Phycisphaerae; Phycisphaerales; SM1A02; F1-140-MAGs142; F1-140-MAGs142 sp003671055,0.4409087197627952,0.15509509394777438,0.28581362581502084,1.5073269581416613,0.9,0.8515625
BACL14 sp001044335,Pseudomonadota; Gammaproteobacteria; Burkholderiales; Methylophilaceae; BACL14; BACL14 sp001044335,0.5321554653473686,0.1651413774148769,0.3670140879324917,1.688146136519362,1.0,0.6484375
Trichormus B sp936914905,Cyanobacteriota; Cyanobacteriia; Cyanobacteriales; Nostocaceae; Trichormus_B; Trichormus B sp936914905,0.42554702442323183,0.13034667659146495,0.29520034783176685,1.7069647641325807,0.825,0.6875
Caldilinea,Chloroflexota; Anaerolineae; Caldilineales; Caldilineaceae; Caldilinea,0.5450574082404219,0.2644418109501563,0.28061559729026564,1.0434578902341987,0.95,0.8203125
UBA2653 sp003489505,Pseudomonadota; Gammaproteobacteria; Legionellales; Legionellaceae; UBA2653; UBA2653 sp003489505,2.513556529920005,0.3054305684378923,2.208125961482113,3.04081377176462,0.95,0.5859375
Geminocystis herdmanii,Cyanobacteriota; Cyanobacteriia; Cyanobacteriales; Cyanobacteriaceae; Geminocystis; Geminocystis herdmanii,0.9244555839244741,0.0003496809738029637,0.9241059029506712,11.368348989820195,0.275,0.0625
