Representative taxon,T1 (%),T2 (%),T3 (%),T4 (%)
Planktothrix NIVA-CYA 15 spiroides,0.002298452013454647,0.7434904425441197,0.3044681817532665,0.5580141156481813
Planktothrix sp014697575,0.006361716704963167,0.50080222908547,0.08060927638499396,0.3102091441801754
Planktothrix NIVA-CYA 15,0.11979321019631407,4.964757416672586,1.529039865164754,2.612690944030108
Polynucleobacter sp903875135,0.018525087051751217,0.23277456502594926,0.4499423249036824,0.5494942411321055
Pirellula_B_754616 sp003671195,0.058252853084263985,0.33424821022477524,0.5185588399949156,0.4697454139691791
Laterigemmans baculatus,0.3043993461788537,0.6226212000892367,0.9167558207590907,0.8603955326244963
M30B19 sp018402565,0.30903923007839823,0.45070847955313587,0.6609609951979003,0.7115786301965882
Paracoccaceae family,2.2167338312054334,1.650182801517674,2.63079806170582,1.3959254923643976
Bin5 sp009840225,1.0908158213919252,1.6826596540198624,1.9347494901013043,1.3680789003316292
Aquiluna sp009923455,0.9951017758550648,1.0162364424735197,1.3197933689966423,1.5830964392753843
JACTMZ01 sp018883245,2.7149861548425682,2.192197214464068,1.6202042510788501,2.2571503037276592
ZLKRG44 sp018882625,0.8633968885627458,0.7082562629623005,0.41286379397754314,0.36054735766297863
Aliivibrio sp024206155,2.092245165502004,1.5524183425873388,0.8698135781697376,0.7623988281112061
CL500-29 marine group,0.9601302335522008,0.43246209066359975,0.352305294501034,0.5896635140430458
F1-140-MAGs142 sp003671055,0.4409087197627952,0.21471812369265536,0.10945603321378565,0.1307532122957781
BACL14 sp001044335,0.5321554653473686,0.1147384773670534,0.16243329623840308,0.22405926951321464
Trichormus B sp936914905,0.42554702442323183,0.20542701899415586,0.033887214816258004,0.13589769840828875
Caldilinea,0.5450574082404219,0.1078546866998907,0.304438570508463,0.40253041135464507
UBA2653 sp003489505,2.513556529920005,0.06606360803386731,0.13766866944815076,0.729072501761442
Geminocystis herdmanii,0.9244555839244741,0.0004191076033321076,0.000271333164408709,0.0003447408066245393
