Pond,PreviousDate,Date,Season,Turnover
T1,202209,202210,Autumn,0.7042724976726654
T1,202210,202211,Autumn,0.91421917101967
T1,202211,202212,Winter,0.849739706640282
T1,202212,202301,Winter,0.6436796331779412
T1,202301,202302,,0.5839979686686784
T1,202302,202303,Spring,0.5373841350321796
T1,202303,202304,Spring,0.7543298202357005
T1,202304,202305,Summer,0.6685955535960862
T1,202305,202307,Summer,0.8977537512184341
T1,202307,202310,Autumn,0.9001492968792716
T1,202310,202311,Winter,0.7288840341390557
T1,202311,202312,Winter,0.5758097938181669
T1,202312,202401,Winter,0.5433348413429012
T1,202401,202402,Spring,0.5269883326092748
T1,202402,202403,Spring,0.5431003549846375
T1,202403,202404,Spring,0.5702892479570081
T1,202404,202410,Autumn,0.8183499111520547
T1,202410,202411,Winter,0.5841893901405342
T1,202411,202412,Winter,0.5675783342750031
T2,202209,202210,Autumn,0.7029575801420239
T2,202210,202211,Autumn,0.837745265895097
T2,202211,202304,Spring,0.9378012075205892
T2,202304,202305,Summer,0.727346434031477
T2,202305,202306,Summer,0.6706106177032399
T2,202306,202307,Summer,0.6783821418983466
T2,202307,202308,Autumn,0.6807052025239692
T2,202308,202309,Autumn,0.7524987153597175
T2,202309,202310,Autumn,0.7174918209263456
T2,202310,202311,Winter,0.8757949222206753
T2,202311,202312,Winter,0.8381534216237198
T2,202312,202401,Winter,0.6237055331105279
T2,202401,202402,Spring,0.5772449182604203
T2,202402,202403,Spring,0.5545314387598757
T2,202403,202404,Spring,0.8029137302133827
T2,202404,202405,Spring,0.7408154117415715
T2,202405,202406,Summer,0.7774687966279535
T2,202406,202407,Summer,0.8120945550459441
T2,202407,202408,,0.6655645355112544
T2,202408,202409,Autumn,0.7183993524853982
T2,202409,202410,Autumn,0.5932634082304287
T2,202410,202411,Winter,0.589372082679209
T2,202411,202412,Winter,0.5641264970032005
T3,202209,202210,Autumn,0.6205559743420966
T3,202210,202211,Autumn,0.9244004775010415
T3,202211,202303,Spring,0.9779281899675137
T3,202303,202304,Spring,0.8835987682619553
T3,202304,202305,Summer,0.7663677910748491
T3,202305,202306,Summer,0.5555819366906128
T3,202306,202307,Summer,0.7487789956748944
T3,202307,202308,Autumn,0.7110789464325299
T3,202308,202309,Autumn,0.7480733651182049
T3,202309,202310,Autumn,0.8166524680785109
T3,202310,202311,Winter,0.7064270883411962
T3,202311,202312,Winter,0.5862831828742125
T3,202312,202401,Winter,0.5217703644859305
T3,202401,202402,Spring,0.5242065767696293
T3,202402,202403,Spring,0.5645587230673176
T3,202403,202404,Spring,0.6639212894041383
T3,202404,202405,Spring,0.7481176369152908
T3,202405,202406,Summer,0.8076249808450329
T3,202406,202407,Summer,0.7810369249622003
T3,202407,202408,,0.7959765613934929
T3,202408,202409,Autumn,0.7790291461926118
T3,202409,202410,Autumn,0.6137584554594211
T3,202410,202412,Winter,0.888624361966299
T4,202209,202210,Autumn,0.6359312709161535
T4,202210,202211,Autumn,0.854828740548115
T4,202211,202212,Winter,0.8108569141115265
T4,202212,202302,Spring,0.9542327774821514
T4,202302,202303,Spring,0.9067886472757646
T4,202303,202304,Spring,0.8453114973073255
T4,202304,202305,Summer,0.8135314732217539
T4,202305,202306,Summer,0.6361740145232818
T4,202306,202307,Summer,0.7311016489387375
T4,202307,202308,Autumn,0.6553487858039438
T4,202308,202309,Autumn,0.6460790451771492
T4,202309,202310,Autumn,0.750041683498743
T4,202310,202311,Winter,0.8720124734473476
T4,202311,202312,Winter,0.7556513906747573
T4,202312,202401,Winter,0.6214849195857777
T4,202401,202402,Spring,0.5905715966118652
T4,202402,202403,Spring,0.5966067003845457
T4,202403,202404,Spring,0.7574452401878211
T4,202404,202405,Spring,0.692123845461635
T4,202405,202406,Summer,0.7271346262782727
T4,202406,202407,Summer,0.5516425782665717
T4,202407,202408,,0.6980377438438456
T4,202408,202409,Autumn,0.6256257754803073
T4,202409,202412,Winter,0.9101961985942921
