PondMonth,Pond,Date,Season,PCoA1,PCoA2
T1-202209,T1,202209,Autumn,0.04565059592083516,-0.009620990486620696
T1-202210,T1,202210,Autumn,0.03181669817848707,-0.02776188781275793
T1-202211,T1,202211,Autumn,0.10423545516607007,0.0776462999864209
T1-202212,T1,202212,Winter,0.03374652370662161,0.03889326747782791
T1-202301,T1,202301,Winter,0.027002241477166206,0.0005616584085143574
T1-202302,T1,202302,,-0.028088278199862832,-0.0010176131358199893
T1-202303,T1,202303,Spring,-0.020169690025720433,-0.006687027917811729
T1-202304,T1,202304,Spring,0.005338338116733509,-0.0022212952096160705
T1-202305,T1,202305,Summer,-0.020717581144258434,0.003871029178770004
T1-202307,T1,202307,Summer,0.008992898849080359,-0.0002920791861465331
T1-202310,T1,202310,Autumn,0.0008623499939138467,-0.009485832505592812
T1-202311,T1,202311,Winter,-0.0019105022428244204,-0.00654701564433901
T1-202312,T1,202312,Winter,-0.03129118349733569,-0.0034431441453639704
T1-202401,T1,202401,Winter,-0.021556908119447687,-0.004141593539209602
T1-202402,T1,202402,Spring,-0.011994295036836992,-0.005809389347852729
T1-202403,T1,202403,Spring,-0.019586000402261,-0.0057862777700920486
T1-202404,T1,202404,Spring,-0.023547426019175786,-0.008598747112138191
T1-202410,T1,202410,Autumn,0.01658277550275857,-0.013833581276611252
T1-202411,T1,202411,Winter,-0.011881216179190976,-0.01372345954470343
T1-202412,T1,202412,Winter,0.01597650528568485,-0.01789596752775807
T2-202209,T2,202209,Autumn,0.035417338564271254,-0.021240756122120365
T2-202210,T2,202210,Autumn,0.01691275483864118,-0.013667349814050727
T2-202211,T2,202211,Autumn,0.09447048642861886,0.06960738906469824
T2-202304,T2,202304,Spring,-0.02455613931651314,0.00244821735681675
T2-202305,T2,202305,Summer,0.023103341690919415,-0.02031260043536925
T2-202306,T2,202306,Summer,-0.003796570351511659,-0.01385368677746783
T2-202307,T2,202307,Summer,-0.006020160731782703,-0.007794587667051874
T2-202308,T2,202308,Autumn,-0.007330955129432828,-0.016408737339205868
T2-202309,T2,202309,Autumn,0.013298945594784615,-0.02159355900994702
T2-202310,T2,202310,Autumn,0.05232798001455197,-0.028814680108904603
T2-202311,T2,202311,Winter,-0.14649581938227255,0.047721297154678266
T2-202312,T2,202312,Winter,-0.04764347246099418,0.011627720711675518
T2-202401,T2,202401,Winter,-0.016196601357035535,-0.010475599402221989
T2-202402,T2,202402,Spring,-0.02324331254844159,-0.006804543509114041
T2-202403,T2,202403,Spring,-0.024660291460824303,-0.006487995571423013
T2-202404,T2,202404,Spring,-0.023932550375546615,-0.0016708644350774996
T2-202405,T2,202405,Spring,-0.000878938852257007,-0.013753942194446419
T2-202406,T2,202406,Summer,-0.00043127493158938185,0.11251115423469807
T2-202407,T2,202407,Summer,0.04980046272926366,0.014573948785905113
T2-202408,T2,202408,,-0.012173447705142112,-0.009432872484464852
T2-202409,T2,202409,Autumn,-0.08242058237011785,0.02749280821713878
T2-202410,T2,202410,Autumn,-0.061820931199885236,0.014076945048517333
T2-202411,T2,202411,Winter,-0.05811804409638099,0.01209069968558917
T2-202412,T2,202412,Winter,-0.018396859530655358,0.007816073887411866
T3-202209,T3,202209,Autumn,0.042927071037931044,-0.030473519567224213
T3-202210,T3,202210,Autumn,0.01753981201674763,-0.015886565554679762
T3-202211,T3,202211,Autumn,0.12239977048397258,0.05662466968831636
T3-202303,T3,202303,Spring,0.05485569494775446,-0.011577836725782924
T3-202304,T3,202304,Spring,0.03477828279524574,-0.017579291711754583
T3-202305,T3,202305,Summer,-0.01085643439098253,-0.004354519106639237
T3-202306,T3,202306,Summer,-0.024226298020630276,-0.004263253762963755
T3-202307,T3,202307,Summer,0.03044126175689844,-0.02632211787601288
T3-202308,T3,202308,Autumn,-0.03064077319080039,-0.0045593788932338595
T3-202309,T3,202309,Autumn,0.0010534130457058287,-0.011331124553142117
T3-202310,T3,202310,Autumn,0.03963798459991538,-0.03112935903272816
T3-202311,T3,202311,Winter,0.01753650028543555,-0.018118865912425362
T3-202312,T3,202312,Winter,-0.02856379314145213,-0.00040969724526803835
T3-202401,T3,202401,Winter,-0.006109510600293967,-0.008982832292939854
T3-202402,T3,202402,Spring,0.007229060577281656,-0.023202174354583337
T3-202403,T3,202403,Spring,0.028288731182145112,-0.02981780832780241
T3-202404,T3,202404,Spring,0.029280963583302993,-0.02358459522446538
T3-202405,T3,202405,Spring,-0.017391116178712036,-0.009170296102359986
T3-202406,T3,202406,Summer,0.019184374776350162,0.06835943916786741
T3-202407,T3,202407,Summer,0.07989180532333463,0.03999935250335908
T3-202408,T3,202408,,-0.05357635759762224,0.009038984995894441
T3-202409,T3,202409,Autumn,-0.007896884562424373,-0.0064794142809419435
T3-202410,T3,202410,Autumn,-0.006525569270155132,-0.00892451411543388
T3-202412,T3,202412,Winter,0.0859841908423878,-0.004365992371855985
T4-202209,T4,202209,Autumn,0.005146806741146013,-0.01728555750406111
T4-202210,T4,202210,Autumn,0.026334185760800318,-0.01783880980485318
T4-202211,T4,202211,Autumn,0.08249065718316743,0.03001475371680005
T4-202212,T4,202212,Winter,0.04374943886722447,0.027480031004839946
T4-202302,T4,202302,Spring,-0.09911288817691025,0.03131607888999927
T4-202303,T4,202303,Spring,0.03916812200938649,-0.009783244946169497
T4-202304,T4,202304,Spring,-0.002572323882007556,-0.011477738472401617
T4-202305,T4,202305,Summer,-0.0022702718737809026,-0.012864659522723096
T4-202306,T4,202306,Summer,-0.052775770775859945,0.006289360547581818
T4-202307,T4,202307,Summer,0.004526718582132868,-0.01277883262221974
T4-202308,T4,202308,Autumn,-0.029322398310499025,-0.0062226068119358765
T4-202309,T4,202309,Autumn,-0.023777856869697047,-0.00427153848871516
T4-202310,T4,202310,Autumn,-0.016805183862068834,-0.01133244699517236
T4-202311,T4,202311,Winter,-0.10284216026227389,0.034032644328689805
T4-202312,T4,202312,Winter,-0.03255977235314802,-6.676494353931955e-05
T4-202401,T4,202401,Winter,-0.01474342359546803,-0.006891321893231672
T4-202402,T4,202402,Spring,-0.008943622402239946,-0.008845579946283096
T4-202403,T4,202403,Spring,0.0024781264587117797,-0.017037775539605962
T4-202404,T4,202404,Spring,-0.023563739981695725,-0.005274896413315374
T4-202405,T4,202405,Spring,-0.021543567344388514,-0.001413237663363007
T4-202406,T4,202406,Summer,-0.06275039538911145,0.024858190253319073
T4-202407,T4,202407,Summer,-0.03699604401257762,0.01205381377263926
T4-202408,T4,202408,,-0.008921189622163615,-0.008467408153073968
T4-202409,T4,202409,Autumn,0.01765268184199006,0.00032339065121042196
T4-202412,T4,202412,Winter,0.06603503157689053,-0.0097659649529781
