SampleID,Bray_Curtis_primary_vs_blank_screened
T1-202209-D,0.007675747938008507
T1-202209-U,7.079488224005355e-06
T1-202210-D,2.046139244047804e-05
T1-202210-U,0.0
T1-202211-D,0.00111730241103622
T1-202211-U,0.0024362795505530836
T1-202212-D,0.0004504413340830682
T1-202212-U,0.002008786198966881
T1-202301-D,0.0013983684765952987
T1-202301-U,0.004913056138129353
T1-202302-D,6.473377040181814e-05
T1-202302-U,0.0013040842787976886
T1-202303-D,8.126781586848008e-05
T1-202303-U,9.545347843070649e-05
T1-202304-D,0.0
T1-202304-U,0.00012188037832139332
T1-202305-D,7.234193714246823e-05
T1-202305-U,0.0010765817817178537
T1-202307-D,0.001268570904346146
T1-202307-U,0.001531861415194605
T1-202310-D,0.00020327100846621453
T1-202310-U,0.003460743253659645
T1-202311-D,8.243258244929263e-05
T1-202311-U,0.0
T1-202312-D,0.0
T1-202312-U,0.0
T1-202401-D,4.7833081202089575e-05
T1-202401-U,0.0
T1-202402-D,9.130475014931934e-05
T1-202402-U,9.77953387665578e-05
T1-202403-D,8.673617379884037e-19
T1-202403-U,0.0
T1-202404-D,5.573871944295212e-05
T1-202404-U,0.0
T1-202410-D,8.933760194215637e-05
T1-202410-U,9.190954334372764e-05
T1-202411-D,0.00316838670777503
T1-202411-U,7.700829774000357e-05
T1-202412-D,9.559163758175147e-05
T1-202412-U,6.967546256671853e-05
T2-202209-D,0.0002615299925603033
T2-202209-U,0.0002006750972749142
T2-202210-D,0.0007838538468791416
T2-202210-U,0.001077667076913689
T2-202211-D,0.0012281087416254454
T2-202211-U,0.0014795130903460087
T2-202304-D,3.473480058552941e-05
T2-202304-U,0.0
T2-202305-D,8.771247493157031e-05
T2-202305-U,1.084202172485505e-18
T2-202306-D,0.0
T2-202306-U,0.0002585731011822117
T2-202307-D,8.257980809894671e-05
T2-202307-U,4.404404304412488e-05
T2-202308-D,4.6028855386341274e-05
T2-202308-U,4.903383372646917e-05
T2-202309-D,6.570217569274458e-05
T2-202309-U,0.00026691153618710925
T2-202310-D,0.0001152706681926178
T2-202310-U,6.505355662760741e-05
T2-202311-D,0.0
T2-202311-U,1.0682019075911182e-05
T2-202312-D,0.00019226429800497607
T2-202312-U,0.0
T2-202401-D,9.860066884724416e-05
T2-202401-U,0.0
T2-202402-D,5.8970387200496315e-05
T2-202402-U,0.0
T2-202403-D,4.148817915216579e-05
T2-202403-U,0.0
T2-202404-D,4.46849912587551e-05
T2-202404-U,0.00016068536007008528
T2-202405-D,4.344598171082111e-05
T2-202405-U,0.0004352446996055887
T2-202406-D,0.0
T2-202406-U,5.690605223307393e-05
T2-202407-D,0.0003676075442416374
T2-202407-U,0.00043284955665872906
T2-202408-D,3.436026324575942e-05
T2-202408-U,3.738125098842287e-05
T2-202409-D,9.142615216895613e-05
T2-202409-U,4.338040849867741e-06
T2-202410-U,1.820929904505464e-05
T2-202411-D,5.126712558354976e-05
T2-202411-U,0.00012160488060370111
T2-202412-D,0.00017205845136814208
T2-202412-U,1.2071087720953123e-05
T3-202209-D,4.20821408135912e-05
T3-202209-U,8.923551394351628e-05
T3-202210-D,0.0048733736307939955
T3-202210-U,4.149239920854417e-05
T3-202211-D,0.0029097583005931148
T3-202211-U,0.005702909994027198
T3-202303-D,0.00012202859937762535
T3-202303-U,0.00024428167900390464
T3-202304-D,0.0002468589841704156
T3-202304-U,2.4743411966910177e-05
T3-202305-D,0.00016566989559794592
T3-202305-U,4.78509839795197e-05
T3-202306-D,0.00021994873340977123
T3-202306-U,0.00014596347024871324
T3-202307-D,4.077552888553465e-05
T3-202307-U,0.0001171303929241407
T3-202308-D,0.0
T3-202308-U,0.00011857804699272526
T3-202309-U,0.0003777956757376734
T3-202310-U,0.0
T3-202311-U,7.624872694794744e-05
T3-202312-U,0.00019990169574680004
T3-202401-U,1.6016394698980853e-05
T3-202402-U,0.0
T3-202403-U,5.40746662073967e-05
T3-202404-D,0.0
T3-202404-U,0.00015415196200103552
T3-202405-D,1.582099901483499e-05
T3-202405-U,1.4854625061309522e-05
T3-202406-D,3.593314814147405e-05
T3-202406-U,2.3692167442118625e-05
T3-202407-D,5.6366970371947673e-05
T3-202407-U,0.00012941874469553038
T3-202408-D,4.6259921293273806e-05
T3-202408-U,2.573524094475129e-05
T3-202409-U,6.045984558190329e-05
T3-202410-D,8.187375889674003e-05
T3-202410-U,6.776858338674707e-05
T3-202412-D,0.00020990423921063452
T4-202209-D,0.0008675765758478835
T4-202209-U,0.0001442841879538127
T4-202210-D,0.0012586810843363229
T4-202210-U,0.00017414064065671982
T4-202211-D,0.001836764383934753
T4-202211-U,0.0005778939565962234
T4-202212-D,0.0018919921613915005
T4-202212-U,0.0022117199772276716
T4-202302-U,0.001456906091637581
T4-202303-D,0.00018569796476254933
T4-202303-U,0.00017768542910206352
T4-202304-D,9.828230192723707e-05
T4-202304-U,0.0005004139335932204
T4-202305-D,4.398231464676288e-05
T4-202305-U,0.00014323867294767457
T4-202306-D,8.312624741815884e-05
T4-202306-U,4.067944089202652e-05
T4-202307-D,4.686185965481402e-05
T4-202307-U,0.00012829292184305763
T4-202308-D,0.0001179408888574284
T4-202308-U,0.00026686527056206193
T4-202309-D,1.2611993713763361e-05
T4-202309-U,0.0001984860227473764
T4-202310-U,0.0
T4-202311-U,0.0
T4-202312-U,4.9263352680923554e-05
T4-202401-U,6.274452567327523e-05
T4-202402-U,0.0002729247767929638
T4-202403-U,0.0003339517418476414
T4-202404-D,5.1971179594635056e-05
T4-202404-U,0.0
T4-202405-D,0.0
T4-202405-U,7.253859523305169e-05
T4-202406-D,6.490696135411652e-05
T4-202406-U,3.3367961119026035e-05
T4-202407-D,6.068085085575436e-05
T4-202407-U,0.00010487206542387067
T4-202408-D,3.533436202045542e-05
T4-202408-U,3.546946554025135e-05
T4-202409-D,5.1034187926571616e-05
T4-202409-U,1.7869295446169728e-05
T4-202412-D,8.145216873330914e-05
