LibraryID,CanonicalSampleID,Pond,SamplingMonth,PondMonth,Occasion,ExplicitOccasionSuffix,Layer,LayerLabel,ASV-table count before organelle/eukaryote exclusion,Prokaryotic ASV count used in analysis,Prokaryotic count retained (%),Observed prokaryotic ASVs,Unrarefied Shannon
T1-202209-D,T1-202209-D,T1,202209,T1-202209,1,False,D,Bottom,52583,48186,91.63798185725425,1749,5.65747560546407
T1-202209-U,T1-202209-U,T1,202209,T1-202209,1,False,U,Surface,52347,46798,89.39958354824536,1749,5.855825477265617
T1-202210-D,T1-202210-D,T1,202210,T1-202210,1,False,D,Bottom,37469,34809,92.90079799300756,1817,6.047897105091472
T1-202210-U,T1-202210-U,T1,202210,T1-202210,1,False,U,Surface,34868,32091,92.03567741195366,1397,5.680017590978943
T1-202211-D,T1-202211-D,T1,202211,T1-202211,1,False,D,Bottom,25174,24600,97.71986970684038,1247,5.432921289804508
T1-202211-U,T1-202211-U,T1,202211,T1-202211,1,False,U,Surface,17731,17177,96.87552873498393,1058,5.140631188016425
T1-202212-1-D,T1-202212-D,T1,202212,T1-202212,1,True,D,Bottom,30773,25786,83.79423520618724,1858,6.211862200128072
T1-202212-1-U,T1-202212-U,T1,202212,T1-202212,1,True,U,Surface,24604,19684,80.00325150382052,1408,5.951852848476683
T1-202212-2-D,T1-202212-D,T1,202212,T1-202212,2,True,D,Bottom,37812,35786,94.64191262033216,677,3.9604762974155294
T1-202212-2-U,T1-202212-U,T1,202212,T1-202212,2,True,U,Surface,35249,32430,92.00261000312065,1084,4.7776588850797275
T1-202301-1-D,T1-202301-D,T1,202301,T1-202301,1,True,D,Bottom,25434,24443,96.10364079578517,1699,6.186065506780286
T1-202301-1-U,T1-202301-U,T1,202301,T1-202301,1,True,U,Surface,25576,24906,97.38035658429777,1413,5.730741254287198
T1-202301-2-D,T1-202301-D,T1,202301,T1-202301,2,True,D,Bottom,25607,19447,75.94407779122896,1429,5.908742040058008
T1-202301-2-U,T1-202301-U,T1,202301,T1-202301,2,True,U,Surface,23912,18472,77.24991635998661,1724,6.193246865025521
T1-202302-1-D,T1-202302-D,T1,202302,T1-202302,1,True,D,Bottom,27232,23280,85.4876615746181,2254,6.670911449138254
T1-202302-1-U,T1-202302-U,T1,202302,T1-202302,1,True,U,Surface,33291,26357,79.17154786578955,1868,6.2764694907045016
T1-202302-2-D,T1-202302-D,T1,202302,T1-202302,2,True,D,Bottom,60122,48138,80.06719670004324,2743,6.378506002746829
T1-202302-2-U,T1-202302-U,T1,202302,T1-202302,2,True,U,Surface,27826,21227,76.28476963990512,1540,5.9730435193797655
T1-202303-D,T1-202303-D,T1,202303,T1-202303,1,False,D,Bottom,48856,42000,85.96692320288194,2198,6.28217930281987
T1-202303-U,T1-202303-U,T1,202303,T1-202303,1,False,U,Surface,51116,42076,82.3147351122936,2065,6.224033412853631
T1-202304-D,T1-202304-D,T1,202304,T1-202304,1,False,D,Bottom,14774,14130,95.64099093001218,1296,6.077784692619433
T1-202304-U,T1-202304-U,T1,202304,T1-202304,1,False,U,Surface,23132,21719,93.89157876534671,1327,5.9799164202262105
T1-202305-D,T1-202305-D,T1,202305,T1-202305,1,False,D,Bottom,13695,13254,96.77984665936474,1439,6.098061141876827
T1-202305-U,T1-202305-U,T1,202305,T1-202305,1,False,U,Surface,41568,40608,97.6905311778291,1953,5.990341254369631
T1-202307-D,T1-202307-D,T1,202307,T1-202307,1,False,D,Bottom,46471,42866,92.24247380086506,1472,5.665042032604189
T1-202307-U,T1-202307-U,T1,202307,T1-202307,1,False,U,Surface,46465,43074,92.70203378887335,1537,5.767286029734695
T1-202310-D,T1-202310-D,T1,202310,T1-202310,1,False,D,Bottom,43471,40951,94.20303190632836,2715,6.4953904623814624
T1-202310-U,T1-202310-U,T1,202310,T1-202310,1,False,U,Surface,71091,65663,92.36471564614368,2683,6.310833015315104
T1-202311-D,T1-202311-D,T1,202311,T1-202311,1,False,D,Bottom,23153,19999,86.37757526022546,2094,6.6219526351815485
T1-202311-U,T1-202311-U,T1,202311,T1-202311,1,False,U,Surface,24364,20409,83.76703332786077,1591,6.358649402565186
T1-202312-D,T1-202312-D,T1,202312,T1-202312,1,False,D,Bottom,2985,2494,83.55108877721943,610,5.786815358050361
T1-202312-U,T1-202312-U,T1,202312,T1-202312,1,False,U,Surface,3542,2713,76.59514398644833,481,5.434213890802347
T1-202401-D,T1-202401-D,T1,202401,T1-202401,1,False,D,Bottom,27576,22763,82.54641717435452,1927,6.050027150754152
T1-202401-U,T1-202401-U,T1,202401,T1-202401,1,False,U,Surface,9792,7872,80.3921568627451,843,5.124328515616598
T1-202402-D,T1-202402-D,T1,202402,T1-202402,1,False,D,Bottom,19353,16157,83.48576448095902,1587,6.108440489008683
T1-202402-U,T1-202402-U,T1,202402,T1-202402,1,False,U,Surface,17301,14647,84.65984625166175,1036,5.752992861515791
T1-202403-D,T1-202403-D,T1,202403,T1-202403,1,False,D,Bottom,7690,6169,80.22106631989597,1079,6.044059210700921
T1-202403-U,T1-202403-U,T1,202403,T1-202403,1,False,U,Surface,5416,4288,79.1728212703102,682,5.704901370093369
T1-202404-D,T1-202404-D,T1,202404,T1-202404,1,False,D,Bottom,20982,18164,86.5694404727862,1299,6.0748216301884845
T1-202404-U,T1-202404-U,T1,202404,T1-202404,1,False,U,Surface,16911,14930,88.28573118088818,1238,6.04463515003782
T1-202410-D,T1-202410-D,T1,202410,T1-202410,1,False,D,Bottom,71196,65391,91.84645204786786,2509,6.10878539677311
T1-202410-U,T1-202410-U,T1,202410,T1-202410,1,False,U,Surface,66239,59373,89.634505351832,1922,5.8285113631968954
T1-202411-D,T1-202411-D,T1,202411,T1-202411,1,False,D,Bottom,41342,37641,91.04784480673406,2016,6.153474547896291
T1-202411-U,T1-202411-U,T1,202411,T1-202411,1,False,U,Surface,51933,42690,82.20206804921726,1852,6.027328847705922
T1-202412-1-D,T1-202412-D,T1,202412,T1-202412,1,True,D,Bottom,39571,34808,87.96340754593011,1884,6.249671415393347
T1-202412-1-U,T1-202412-U,T1,202412,T1-202412,1,True,U,Surface,46790,41576,88.85659328916435,2007,6.1707812110770055
T1-202412-2-D,T1-202412-D,T1,202412,T1-202412,2,True,D,Bottom,56249,46421,82.52768938114455,2723,6.535381683896861
T1-202412-2-U,T1-202412-U,T1,202412,T1-202412,2,True,U,Surface,68562,56921,83.02120708264053,2653,6.389032896512455
T2-202209-D,T2-202209-D,T2,202209,T2-202209,1,False,D,Bottom,47481,44698,94.13870811482488,2594,6.3458379543331125
T2-202209-U,T2-202209-U,T2,202209,T2-202209,1,False,U,Surface,40222,35572,88.43916264730744,1576,5.70999398538661
T2-202210-D,T2-202210-D,T2,202210,T2-202210,1,False,D,Bottom,37828,36862,97.44633604737231,1922,5.984687865541516
T2-202210-U,T2-202210-U,T2,202210,T2-202210,1,False,U,Surface,25044,22225,88.74381089282862,1389,5.551558115734776
T2-202211-D,T2-202211-D,T2,202211,T2-202211,1,False,D,Bottom,25660,24873,96.93296960249415,1402,5.354886394386838
T2-202211-U,T2-202211-U,T2,202211,T2-202211,1,False,U,Surface,28028,27174,96.95304695304695,1189,5.020593198099309
T2-202304-D,T2-202304-D,T2,202304,T2-202304,1,False,D,Bottom,20592,19611,95.23601398601399,1103,5.660923036530647
T2-202304-U,T2-202304-U,T2,202304,T2-202304,1,False,U,Surface,25698,24363,94.80504319402289,1109,5.53449149240483
T2-202305-D,T2-202305-D,T2,202305,T2-202305,1,False,D,Bottom,12036,11613,96.48554336989032,1167,5.945930722047664
T2-202305-U,T2-202305-U,T2,202305,T2-202305,1,False,U,Surface,59979,56633,94.42138081661915,1910,6.083783068946852
T2-202306-D,T2-202306-D,T2,202306,T2-202306,1,False,D,Bottom,4898,4584,93.58922008983258,673,5.456967898388797
T2-202306-U,T2-202306-U,T2,202306,T2-202306,1,False,U,Surface,15306,14331,93.62994903959232,1039,5.486234783550451
T2-202307-D,T2-202307-D,T2,202307,T2-202307,1,False,D,Bottom,28724,24755,86.18228658961148,2190,6.3380578448196605
T2-202307-U,T2-202307-U,T2,202307,T2-202307,1,False,U,Surface,46984,38669,82.30248595266474,2025,6.0532243403946
T2-202308-D,T2-202308-D,T2,202308,T2-202308,1,False,D,Bottom,16058,14165,88.21148337277369,1312,5.858515226004208
T2-202308-U,T2-202308-U,T2,202308,T2-202308,1,False,U,Surface,36011,30423,84.48251923023521,1271,5.444880450625042
T2-202309-D,T2-202309-D,T2,202309,T2-202309,1,False,D,Bottom,17678,15912,90.01018214730173,1197,5.718050098519656
T2-202309-U,T2-202309-U,T2,202309,T2-202309,1,False,U,Surface,53458,49668,92.91032212203973,2001,5.827852631781333
T2-202310-D,T2-202310-D,T2,202310,T2-202310,1,False,D,Bottom,36644,34260,93.49416002619802,2966,6.855931537668189
T2-202310-U,T2-202310-U,T2,202310,T2-202310,1,False,U,Surface,14645,13705,93.58142710822807,1221,5.963001814898494
T2-202311-D,T2-202311-D,T2,202311,T2-202311,1,False,D,Bottom,8566,8356,97.54844734998832,659,3.1069002254824554
T2-202311-U,T2-202311-U,T2,202311,T2-202311,1,False,U,Surface,7993,7894,98.76141623920931,271,1.7765633379249675
T2-202312-D,T2-202312-D,T2,202312,T2-202312,1,False,D,Bottom,14924,13471,90.26400428839453,1334,5.123761431709066
T2-202312-U,T2-202312-U,T2,202312,T2-202312,1,False,U,Surface,10230,9143,89.37438905180841,677,4.164874016147565
T2-202401-D,T2-202401-D,T2,202401,T2-202401,1,False,D,Bottom,17038,14058,82.50968423523888,1834,6.248647223014823
T2-202401-U,T2-202401-U,T2,202401,T2-202401,1,False,U,Surface,24371,19395,79.58229042714702,1276,5.653860875013777
T2-202402-D,T2-202402-D,T2,202402,T2-202402,1,False,D,Bottom,14091,12253,86.95621318572138,1496,5.96955225003544
T2-202402-U,T2-202402-U,T2,202402,T2-202402,1,False,U,Surface,6604,5820,88.12840702604483,782,5.528341758570545
T2-202403-D,T2-202403-D,T2,202403,T2-202403,1,False,D,Bottom,37342,32910,88.13132665631193,2394,6.032748571579091
T2-202403-U,T2-202403-U,T2,202403,T2-202403,1,False,U,Surface,28072,24526,87.36819606725564,1265,5.318011787148519
T2-202404-D,T2-202404-D,T2,202404,T2-202404,1,False,D,Bottom,27847,23548,84.56207131827486,1181,5.343318541735753
T2-202404-U,T2-202404-U,T2,202404,T2-202404,1,False,U,Surface,24900,21747,87.33734939759036,2400,6.432901926359459
T2-202405-D,T2-202405-D,T2,202405,T2-202405,1,False,D,Bottom,45767,40630,88.77575545698866,2021,6.275378453884002
T2-202405-U,T2-202405-U,T2,202405,T2-202405,1,False,U,Surface,12175,10697,87.86036960985626,1119,5.94089103682771
T2-202406-D,T2-202406-D,T2,202406,T2-202406,1,False,D,Bottom,40512,39937,98.58066745655609,1566,4.334563213952283
T2-202406-U,T2-202406-U,T2,202406,T2-202406,1,False,U,Surface,56133,53641,95.56054370869185,1505,4.851860129550646
T2-202407-1-D,T2-202407-D,T2,202407,T2-202407,1,True,D,Bottom,56652,56512,99.75287721527924,1482,5.230088462646453
T2-202407-1-U,T2-202407-U,T2,202407,T2-202407,1,True,U,Surface,39094,38575,98.67243055200287,1609,5.7229925197954366
T2-202407-2-D,T2-202407-D,T2,202407,T2-202407,2,True,D,Bottom,111966,106381,95.0118786060054,2811,5.571918212685306
T2-202407-2-U,T2-202407-U,T2,202407,T2-202407,2,True,U,Surface,84935,76397,89.94760699358334,2362,6.085146200262539
T2-202408-1-D,T2-202408-D,T2,202408,T2-202408,1,True,D,Bottom,100367,90966,90.63337551187144,3430,6.429519032930484
T2-202408-1-U,T2-202408-U,T2,202408,T2-202408,1,True,U,Surface,134033,124302,92.73984764945946,3463,6.366395302359011
T2-202408-2-D,T2-202408-D,T2,202408,T2-202408,2,True,D,Bottom,65115,57253,87.92597711740765,2226,5.204553220426115
T2-202408-2-U,T2-202408-U,T2,202408,T2-202408,2,True,U,Surface,69192,62484,90.30523759972252,2455,5.791831761361296
T2-202409-D,T2-202409-D,T2,202409,T2-202409,1,False,D,Bottom,52526,50707,96.53695312797473,1414,2.506628125933114
T2-202409-U,T2-202409-U,T2,202409,T2-202409,1,False,U,Surface,60871,53199,87.39629708728295,2399,5.759461880047066
T2-202410-U,T2-202410-U,T2,202410,T2-202410,1,False,U,Surface,70846,61844,87.29356632696272,2427,5.40528516464797
T2-202411-D,T2-202411-D,T2,202411,T2-202411,1,False,D,Bottom,48951,44328,90.55586198443342,2193,5.87841900752896
T2-202411-U,T2-202411-U,T2,202411,T2-202411,1,False,U,Surface,50088,45506,90.8521003034659,2208,5.733855973136102
T2-202412-1-U,T2-202412-U,T2,202412,T2-202412,1,True,U,Surface,45321,36204,79.88349771629046,1798,5.391570767863105
T2-202412-2-D,T2-202412-D,T2,202412,T2-202412,2,True,D,Bottom,38981,35280,90.50563094841077,2704,6.137570044708036
T3-202209-D,T3-202209-D,T3,202209,T3-202209,1,False,D,Bottom,44462,42732,96.10903693041249,2526,6.417945074423777
T3-202209-U,T3-202209-U,T3,202209,T3-202209,1,False,U,Surface,53412,50792,95.09473526548341,1982,6.104177763573897
T3-202210-D,T3-202210-D,T3,202210,T3-202210,1,False,D,Bottom,26322,24327,92.42078869386825,1999,6.268341072810366
T3-202210-U,T3-202210-U,T3,202210,T3-202210,1,False,U,Surface,39518,36977,93.570018725644,1993,6.195446154184781
T3-202211-D,T3-202211-D,T3,202211,T3-202211,1,False,D,Bottom,38476,38358,99.69331531344214,819,4.460449775876164
T3-202211-U,T3-202211-U,T3,202211,T3-202211,1,False,U,Surface,34700,34497,99.41498559077809,586,3.5866929531967866
T3-202303-D,T3-202303-D,T3,202303,T3-202303,1,False,D,Bottom,23291,21477,92.21158387359924,1311,5.885435678398877
T3-202303-U,T3-202303-U,T3,202303,T3-202303,1,False,U,Surface,30516,27969,91.65355878883209,1345,5.829342866221669
T3-202304-D,T3-202304-D,T3,202304,T3-202304,1,False,D,Bottom,46290,44828,96.84165046446317,1999,5.771066532148659
T3-202304-U,T3-202304-U,T3,202304,T3-202304,1,False,U,Surface,26392,25650,97.18854198241893,1445,5.685487588250234
T3-202305-D,T3-202305-D,T3,202305,T3-202305,1,False,D,Bottom,21279,20223,95.03736077823206,1507,5.340537161080237
T3-202305-U,T3-202305-U,T3,202305,T3-202305,1,False,U,Surface,46835,43293,92.43727981210633,1627,5.402237530885239
T3-202306-D,T3-202306-D,T3,202306,T3-202306,1,False,D,Bottom,45868,40442,88.170402023197,1888,5.6800235339473595
T3-202306-U,T3-202306-U,T3,202306,T3-202306,1,False,U,Surface,28416,24654,86.76097972972973,1418,5.612373132313505
T3-202307-D,T3-202307-D,T3,202307,T3-202307,1,False,D,Bottom,39331,37774,96.04129058503472,1994,5.890356080504961
T3-202307-U,T3-202307-U,T3,202307,T3-202307,1,False,U,Surface,22262,21111,94.82975473901716,1555,5.873034740810262
T3-202308-D,T3-202308-D,T3,202308,T3-202308,1,False,D,Bottom,44157,39241,88.86699730507054,1975,5.620372823934535
T3-202308-U,T3-202308-U,T3,202308,T3-202308,1,False,U,Surface,49238,42584,86.48604736179374,1521,5.291025142315075
T3-202309-U,T3-202309-U,T3,202309,T3-202309,1,False,U,Surface,48067,43638,90.7857781846173,1938,6.005741642611319
T3-202310-U,T3-202310-U,T3,202310,T3-202310,1,False,U,Surface,12069,5572,46.16786809180545,762,5.551612977417102
T3-202311-U,T3-202311-U,T3,202311,T3-202311,1,False,U,Surface,9819,6612,67.3388328750382,686,5.3886050343329055
T3-202312-U,T3-202312-U,T3,202312,T3-202312,1,False,U,Surface,24939,18047,72.36456954970127,1113,4.924035955715728
T3-202401-U,T3-202401-U,T3,202401,T3-202401,1,False,U,Surface,23477,19214,81.84180261532565,1165,5.511856843370189
T3-202402-U,T3-202402-U,T3,202402,T3-202402,1,False,U,Surface,5719,3252,56.86308795243924,506,5.3154715542536985
T3-202403-U,T3-202403-U,T3,202403,T3-202403,1,False,U,Surface,9117,5524,60.59010639464736,703,5.635007675485571
T3-202404-D,T3-202404-D,T3,202404,T3-202404,1,False,D,Bottom,10194,7233,70.9535020600353,696,5.298581915520007
T3-202404-U,T3-202404-U,T3,202404,T3-202404,1,False,U,Surface,35005,26023,74.34080845593488,2648,6.74393305612292
T3-202405-D,T3-202405-D,T3,202405,T3-202405,1,False,D,Bottom,20678,16984,82.13560305638843,1097,5.334212831760883
T3-202405-U,T3-202405-U,T3,202405,T3-202405,1,False,U,Surface,26671,23379,87.65700573656781,1255,5.492496846100091
T3-202406-D,T3-202406-D,T3,202406,T3-202406,1,False,D,Bottom,80423,74661,92.83538291284832,2636,5.050139314657359
T3-202406-U,T3-202406-U,T3,202406,T3-202406,1,False,U,Surface,109666,102474,93.44190542191745,2199,5.172043037980524
T3-202407-1-D,T3-202407-D,T3,202407,T3-202407,1,True,D,Bottom,48348,47403,98.04542069992554,1594,5.059825715697615
T3-202407-1-U,T3-202407-U,T3,202407,T3-202407,1,True,U,Surface,79256,78757,99.37039467043505,1324,5.1641831850997955
T3-202407-2-D,T3-202407-D,T3,202407,T3-202407,2,True,D,Bottom,127733,122148,95.62759819310594,4667,6.831675650724803
T3-202407-2-U,T3-202407-U,T3,202407,T3-202407,2,True,U,Surface,51577,45729,88.66161273435834,2018,5.812812299787759
T3-202408-1-D,T3-202408-D,T3,202408,T3-202408,1,True,D,Bottom,59782,57204,95.68766518350004,2917,5.768354172259883
T3-202408-1-U,T3-202408-U,T3,202408,T3-202408,1,True,U,Surface,136760,134306,98.20561567709856,3859,5.347935296479914
T3-202408-2-D,T3-202408-D,T3,202408,T3-202408,2,True,D,Bottom,78522,72611,92.47217340363211,3129,5.619486863701443
T3-202408-2-U,T3-202408-U,T3,202408,T3-202408,2,True,U,Surface,74249,69246,93.26186211262105,2252,4.832418046918437
T3-202409-U,T3-202409-U,T3,202409,T3-202409,1,False,U,Surface,51716,42782,82.72488204810891,2649,5.612958246040726
T3-202410-D,T3-202410-D,T3,202410,T3-202410,1,False,D,Bottom,44891,39648,88.32059878372057,2439,5.850360977013059
T3-202410-U,T3-202410-U,T3,202410,T3-202410,1,False,U,Surface,85838,72452,84.40550805004776,2560,5.172541295151787
T3-202412-2-D,T3-202412-D,T3,202412,T3-202412,2,True,D,Bottom,43901,37580,85.6016947222159,3437,6.928824686252603
T4-202209-D,T4-202209-D,T4,202209,T4-202209,1,False,D,Bottom,43607,38551,88.40553122205151,1915,5.97551378587691
T4-202209-U,T4-202209-U,T4,202209,T4-202209,1,False,U,Surface,49086,42835,87.26520800228171,1711,5.718825034143907
T4-202210-D,T4-202210-D,T4,202210,T4-202210,1,False,D,Bottom,37764,33495,88.69558309501112,2691,6.579831475084189
T4-202210-U,T4-202210-U,T4,202210,T4-202210,1,False,U,Surface,39931,35914,89.94014675314918,1846,6.160808440160634
T4-202211-D,T4-202211-D,T4,202211,T4-202211,1,False,D,Bottom,21080,19638,93.15939278937381,1293,5.761596619569902
T4-202211-U,T4-202211-U,T4,202211,T4-202211,1,False,U,Surface,21400,19334,90.34579439252336,1000,5.265150903920378
T4-202212-1-D,T4-202212-D,T4,202212,T4-202212,1,True,D,Bottom,31652,23519,74.30494123594086,1255,5.768193652114169
T4-202212-1-U,T4-202212-U,T4,202212,T4-202212,1,True,U,Surface,36045,27023,74.97017616867804,1290,5.716378864677264
T4-202212-2-D,T4-202212-D,T4,202212,T4-202212,2,True,D,Bottom,24825,23048,92.84189325276938,772,5.185192387442008
T4-202212-2-U,T4-202212-U,T4,202212,T4-202212,2,True,U,Surface,33212,30228,91.01529567626159,1143,5.2385310169041155
T4-202302-2-U,T4-202302-U,T4,202302,T4-202302,2,True,U,Surface,24020,22676,94.40466278101583,381,3.5351419701658537
T4-202303-D,T4-202303-D,T4,202303,T4-202303,1,False,D,Bottom,33560,30729,91.56436233611443,1352,5.763470539747141
T4-202303-U,T4-202303-U,T4,202303,T4-202303,1,False,U,Surface,40548,37232,91.82203807832691,1362,5.767709371857446
T4-202304-D,T4-202304-D,T4,202304,T4-202304,1,False,D,Bottom,45233,43045,95.1628236022373,1990,5.708535173049087
T4-202304-U,T4-202304-U,T4,202304,T4-202304,1,False,U,Surface,43783,41670,95.17392595299545,1820,5.767894347706218
T4-202305-D,T4-202305-D,T4,202305,T4-202305,1,False,D,Bottom,19690,18415,93.52463179278821,1590,6.081619727370858
T4-202305-U,T4-202305-U,T4,202305,T4-202305,1,False,U,Surface,6411,5992,93.4643581344564,819,5.745475565697394
T4-202306-D,T4-202306-D,T4,202306,T4-202306,1,False,D,Bottom,45714,38880,85.05053156582228,1801,5.574390630763631
T4-202306-U,T4-202306-U,T4,202306,T4-202306,1,False,U,Surface,43251,36682,84.81191186330952,1584,5.563684217274172
T4-202307-D,T4-202307-D,T4,202307,T4-202307,1,False,D,Bottom,45156,40842,90.44645229869785,2816,6.752413170284907
T4-202307-U,T4-202307-U,T4,202307,T4-202307,1,False,U,Surface,20323,18298,90.03591989371648,1739,6.412078766236107
T4-202308-D,T4-202308-D,T4,202308,T4-202308,1,False,D,Bottom,25414,19503,76.74116628629889,1624,5.7899229651308755
T4-202308-U,T4-202308-U,T4,202308,T4-202308,1,False,U,Surface,31201,22878,73.32457293035479,1511,5.457893722342079
T4-202309-D,T4-202309-D,T4,202309,T4-202309,1,False,D,Bottom,34119,28650,83.97080805416337,1690,5.92550970606883
T4-202309-U,T4-202309-U,T4,202309,T4-202309,1,False,U,Surface,25985,22842,87.90456032326342,1597,5.796402960222552
T4-202310-U,T4-202310-U,T4,202310,T4-202310,1,False,U,Surface,17379,14931,85.91403417918177,1198,5.391023126752841
T4-202311-U,T4-202311-U,T4,202311,T4-202311,1,False,U,Surface,1775,1535,86.47887323943661,239,4.213626873375517
T4-202312-U,T4-202312-U,T4,202312,T4-202312,1,False,U,Surface,48659,38807,79.7529747836988,1687,5.857619315465404
T4-202401-U,T4-202401-U,T4,202401,T4-202401,1,False,U,Surface,32224,24420,75.78202581926514,1541,6.113382746467785
T4-202402-U,T4-202402-U,T4,202402,T4-202402,1,False,U,Surface,9493,7301,76.90930159064574,874,5.767611989665387
T4-202403-U,T4-202403-U,T4,202403,T4-202403,1,False,U,Surface,28007,21607,77.14857000035705,1275,5.929679465855916
T4-202404-D,T4-202404-D,T4,202404,T4-202404,1,False,D,Bottom,19425,17159,88.33462033462034,1471,5.911619121480085
T4-202404-U,T4-202404-U,T4,202404,T4-202404,1,False,U,Surface,15516,13813,89.02423304975508,1086,5.441467880081482
T4-202405-D,T4-202405-D,T4,202405,T4-202405,1,False,D,Bottom,6209,5408,87.09937187952971,700,5.295988795392356
T4-202405-U,T4-202405-U,T4,202405,T4-202405,1,False,U,Surface,28868,25653,88.86310101150062,1520,5.839384994292672
T4-202406-D,T4-202406-D,T4,202406,T4-202406,1,False,D,Bottom,98207,77953,79.37621554471677,2972,5.626534740026829
T4-202406-U,T4-202406-U,T4,202406,T4-202406,1,False,U,Surface,89069,67207,75.45498433798515,2103,5.066845264492372
T4-202407-1-D,T4-202407-D,T4,202407,T4-202407,1,True,D,Bottom,70707,56373,79.72760829903687,1944,5.770640898173307
T4-202407-1-U,T4-202407-U,T4,202407,T4-202407,1,True,U,Surface,276895,212693,76.81359360046227,2694,5.906502234824091
T4-202407-2-D,T4-202407-D,T4,202407,T4-202407,2,True,D,Bottom,94670,71597,75.62797084609697,3219,6.238050793737061
T4-202407-2-U,T4-202407-U,T4,202407,T4-202407,2,True,U,Surface,106657,83764,78.53586731297524,2630,5.932594837494408
T4-202408-1-D,T4-202408-D,T4,202408,T4-202408,1,True,D,Bottom,59385,50069,84.31253683590131,3642,6.658266615595283
T4-202408-1-U,T4-202408-U,T4,202408,T4-202408,1,True,U,Surface,69429,65088,93.74756945944777,2410,5.938377026984093
T4-202408-2-D,T4-202408-D,T4,202408,T4-202408,2,True,D,Bottom,64920,53956,83.11152187307455,2783,5.4641164127208395
T4-202408-2-U,T4-202408-U,T4,202408,T4-202408,2,True,U,Surface,63212,56397,89.21881921154211,2271,5.604335341045237
T4-202409-D,T4-202409-D,T4,202409,T4-202409,1,False,D,Bottom,70277,64967,92.44418515303727,4125,6.553515113826155
T4-202409-U,T4-202409-U,T4,202409,T4-202409,1,False,U,Surface,43365,39668,91.47469157154387,1934,5.857995376082883
T4-202412-2-D,T4-202412-D,T4,202412,T4-202412,2,True,D,Bottom,52624,50562,96.0816357555488,3299,6.237960337449877
