sample-id	input-filename
Probiotic1	202212-N.gz
Probiotic2	202302-2N.gz
Probiotic3	202302-2N1.gz
Water	202302-2A.gz
SeaWater1	202302-2B.gz
SeaWater2	202302-2C.gz
T1-202209-D	T1-202209-D.gz
T1-202209-U	T1-202209-U.gz
T1-202210-D	T1-202210-D.gz
T1-202210-U	T1-202210-U.gz
T1-202211-D	T1-202211-D.gz
T1-202211-U	T1-202211-U.gz
T1-202212-1-D	T1-202212-1-D.gz
T1-202212-1-U	T1-202212-1-U.gz
T1-202212-2-D	T1-202212-2-D.gz
T1-202212-2-U	T1-202212-2-U.gz
T1-202301-1-D	T1-202301-1-D.gz
T1-202301-1-U	T1-202301-1-U.gz
T1-202301-2-D	T1-202301-2-D.gz
T1-202301-2-U	T1-202301-2-U.gz
T1-202302-1-D	T1-202302-1-D.gz
T1-202302-1-U	T1-202302-1-U.gz
T1-202302-2-D	T1-202302-2-D.gz
T1-202302-2-U	T1-202302-2-U.gz
T1-202303-D	T1-202303-D.gz
T1-202303-U	T1-202303-U.gz
T1-202304-D	T1-202304-D.gz
T1-202304-U	T1-202304-U.gz
T1-202305-D	T1-202305-D.gz
T1-202305-U	T1-202305-U.gz
T1-202307-D	T1-202307-D.gz
T1-202307-U	T1-202307-U.gz
T1-202310-D	T1-202310-D.gz
T1-202310-U	T1-202310-U.gz
T1-202311-D	T1-202311-D.gz
T1-202311-U	T1-202311-U.gz
T1-202312-D	T1-202312-D.gz
T1-202312-U	T1-202312-U.gz
T1-202401-D	T1-202401-D.gz
T1-202401-U	T1-202401-U.gz
T1-202402-D	T1-202402-D.gz
T1-202402-U	T1-202402-U.gz
T1-202403-D	T1-202403-D.gz
T1-202403-U	T1-202403-U.gz
T1-202404-D	T1-202404-D.gz
T1-202404-U	T1-202404-U.gz
T1-202410-D	T1-202410-D.gz
T1-202410-U	T1-202410-U.gz
T1-202411-D	T1-202411-D.gz
T1-202411-U	T1-202411-U.gz
T1-202412-1-D	T1-202412-1-D.gz
T1-202412-1-U	T1-202412-1-U.gz
T1-202412-2-D	T1-202412-2-D.gz
T1-202412-2-U	T1-202412-2-U.gz
T2-202209-D	T2-202209-D.gz
T2-202209-U	T2-202209-U.gz
T2-202210-D	T2-202210-D.gz
T2-202210-U	T2-202210-U.gz
T2-202211-D	T2-202211-D.gz
T2-202211-U	T2-202211-U.gz
T2-202302-1-G	T2-202302-1-G.gz
T2-202304-D	T2-202304-D.gz
T2-202304-U	T2-202304-U.gz
T2-202305-D	T2-202305-D.gz
T2-202305-U	T2-202305-U.gz
T2-202306-D	T2-202306-D.gz
T2-202306-U	T2-202306-U.gz
T2-202307-D	T2-202307-D.gz
T2-202307-U	T2-202307-U.gz
T2-202308-D	T2-202308-D.gz
T2-202308-U	T2-202308-U.gz
T2-202309-D	T2-202309-D.gz
T2-202309-U	T2-202309-U.gz
T2-202310-D	T2-202310-D.gz
T2-202310-U	T2-202310-U.gz
T2-202311-D	T2-202311-D.gz
T2-202311-U	T2-202311-U.gz
T2-202312-D	T2-202312-D.gz
T2-202312-U	T2-202312-U.gz
T2-202401-D	T2-202401-D.gz
T2-202401-U	T2-202401-U.gz
T2-202402-D	T2-202402-D.gz
T2-202402-U	T2-202402-U.gz
T2-202403-D	T2-202403-D.gz
T2-202403-U	T2-202403-U.gz
T2-202404-D	T2-202404-D.gz
T2-202404-U	T2-202404-U.gz
T2-202405-D	T2-202405-D.gz
T2-202405-U	T2-202405-U.gz
T2-202406-D	T2-202406-D.gz
T2-202406-U	T2-202406-U.gz
T2-202407-1-D	T2-202407-1-D.gz
T2-202407-1-U	T2-202407-1-U.gz
T2-202407-2-D	T2-202407-2-D.gz
T2-202407-2-U	T2-202407-2-U.gz
T2-202408-1-D	T2-202408-1-D.gz
T2-202408-1-U	T2-202408-1-U.gz
T2-202408-2-D	T2-202408-2-D.gz
T2-202408-2-U	T2-202408-2-U.gz
T2-202409-D	T2-202409-D.gz
T2-202409-U	T2-202409-U.gz
T2-202410-U	T2-202410-U.gz
T2-202411-D	T2-202411-D.gz
T2-202411-U	T2-202411-U.gz
T2-202412-1-G	T2-202412-1-G.gz
T2-202412-1-U	T2-202412-1-U.gz
T2-202412-2-D	T2-202412-2-D.gz
T3-202209-D	T3-202209-D.gz
T3-202209-U	T3-202209-U.gz
T3-202210-D	T3-202210-D.gz
T3-202210-U	T3-202210-U.gz
T3-202211-D	T3-202211-D.gz
T3-202211-U	T3-202211-U.gz
T3-202302-1-G	T3-202302-1-G.gz
T3-202303-D	T3-202303-D.gz
T3-202303-U	T3-202303-U.gz
T3-202304-D	T3-202304-D.gz
T3-202304-U	T3-202304-U.gz
T3-202305-D	T3-202305-D.gz
T3-202305-U	T3-202305-U.gz
T3-202306-D	T3-202306-D.gz
T3-202306-U	T3-202306-U.gz
T3-202307-D	T3-202307-D.gz
T3-202307-U	T3-202307-U.gz
T3-202308-D	T3-202308-D.gz
T3-202308-U	T3-202308-U.gz
T3-202309-U	T3-202309-U.gz
T3-202310-U	T3-202310-U.gz
T3-202311-U	T3-202311-U.gz
T3-202312-U	T3-202312-U.gz
T3-202401-U	T3-202401-U.gz
T3-202402-U	T3-202402-U.gz
T3-202403-U	T3-202403-U.gz
T3-202404-D	T3-202404-D.gz
T3-202404-U	T3-202404-U.gz
T3-202405-D	T3-202405-D.gz
T3-202405-U	T3-202405-U.gz
T3-202406-D	T3-202406-D.gz
T3-202406-U	T3-202406-U.gz
T3-202407-1-D	T3-202407-1-D.gz
T3-202407-1-U	T3-202407-1-U.gz
T3-202407-2-D	T3-202407-2-D.gz
T3-202407-2-U	T3-202407-2-U.gz
T3-202408-1-D	T3-202408-1-D.gz
T3-202408-1-U	T3-202408-1-U.gz
T3-202408-2-D	T3-202408-2-D.gz
T3-202408-2-U	T3-202408-2-U.gz
T3-202409-U	T3-202409-U.gz
T3-202410-D	T3-202410-D.gz
T3-202410-U	T3-202410-U.gz
T3-202411-G	T3-202411-G.gz
T3-202412-1-G	T3-202412-1-G.gz
T3-202412-2-D	T3-202412-2-D.gz
T4-202209-D	T4-202209-D.gz
T4-202209-U	T4-202209-U.gz
T4-202210-D	T4-202210-D.gz
T4-202210-U	T4-202210-U.gz
T4-202211-D	T4-202211-D.gz
T4-202211-U	T4-202211-U.gz
T4-202212-1-D	T4-202212-1-D.gz
T4-202212-1-U	T4-202212-1-U.gz
T4-202212-2-D	T4-202212-2-D.gz
T4-202212-2-U	T4-202212-2-U.gz
T4-202302-1-G	T4-202302-1-G.gz
T4-202302-2-U	T4-202302-2-U.gz
T4-202303-D	T4-202303-D.gz
T4-202303-U	T4-202303-U.gz
T4-202304-D	T4-202304-D.gz
T4-202304-U	T4-202304-U.gz
T4-202305-D	T4-202305-D.gz
T4-202305-U	T4-202305-U.gz
T4-202306-D	T4-202306-D.gz
T4-202306-U	T4-202306-U.gz
T4-202307-D	T4-202307-D.gz
T4-202307-U	T4-202307-U.gz
T4-202308-D	T4-202308-D.gz
T4-202308-U	T4-202308-U.gz
T4-202309-D	T4-202309-D.gz
T4-202309-U	T4-202309-U.gz
T4-202310-U	T4-202310-U.gz
T4-202311-U	T4-202311-U.gz
T4-202312-U	T4-202312-U.gz
T4-202401-U	T4-202401-U.gz
T4-202402-U	T4-202402-U.gz
T4-202403-U	T4-202403-U.gz
T4-202404-D	T4-202404-D.gz
T4-202404-U	T4-202404-U.gz
T4-202405-D	T4-202405-D.gz
T4-202405-U	T4-202405-U.gz
T4-202406-D	T4-202406-D.gz
T4-202406-U	T4-202406-U.gz
T4-202407-1-D	T4-202407-1-D.gz
T4-202407-1-U	T4-202407-1-U.gz
T4-202407-2-D	T4-202407-2-D.gz
T4-202407-2-U	T4-202407-2-U.gz
T4-202408-1-D	T4-202408-1-D.gz
T4-202408-1-U	T4-202408-1-U.gz
T4-202408-2-D	T4-202408-2-D.gz
T4-202408-2-U	T4-202408-2-U.gz
T4-202409-D	T4-202409-D.gz
T4-202409-U	T4-202409-U.gz
T4-202411-G	T4-202411-G.gz
T4-202412-1-G	T4-202412-1-G.gz
T4-202412-2-D	T4-202412-2-D.gz
