FullDate,AirTemp,Tmax,Tmin,Rainfall,WindSpeed,MaxGust,Pressure,PressureMin,PressureMax,RH,Date,SourceFile,Tmax_gt_q85,Tmax_gt_q90,Tmax_gt_q95
2022-07-01,29.5,34.5,26.5,0.0,1.7,7.2,1003.6,1002.1,1006.0,82,202207,C0X120-2022-07.csv,0,0,0
2022-07-02,28.3,32.5,25.6,18.5,2.2,8.6,1004.9,1003.5,1007.1,86,202207,C0X120-2022-07.csv,0,0,0
2022-07-03,29.2,34.0,25.8,6.0,2.5,9.2,1004.6,1003.1,1006.0,83,202207,C0X120-2022-07.csv,0,0,0
2022-07-04,29.5,33.0,26.7,1.0,2.9,9.5,1004.1,1003.0,1006.0,81,202207,C0X120-2022-07.csv,0,0,0
2022-07-05,28.7,32.0,26.3,3.5,3.0,9.6,1005.5,1004.2,1006.7,81,202207,C0X120-2022-07.csv,0,0,0
2022-07-06,30.1,34.1,26.6,0.0,2.8,9.1,1006.4,1005.0,1007.8,76,202207,C0X120-2022-07.csv,0,0,0
2022-07-07,29.7,34.0,27.2,19.0,1.6,7.8,1007.3,1005.5,1008.5,82,202207,C0X120-2022-07.csv,0,0,0
2022-07-08,29.7,34.5,26.3,1.5,1.6,7.9,1006.2,1004.2,1008.0,82,202207,C0X120-2022-07.csv,0,0,0
2022-07-09,30.8,35.0,26.8,0.0,1.7,7.2,1004.8,1003.0,1006.5,78,202207,C0X120-2022-07.csv,1,1,0
2022-07-10,31.4,35.6,28.5,0.0,1.6,8.7,1005.4,1004.1,1006.5,76,202207,C0X120-2022-07.csv,1,1,1
2022-07-11,31.3,35.1,28.1,0.0,2.0,7.8,1006.0,1004.8,1007.7,75,202207,C0X120-2022-07.csv,1,1,0
2022-07-12,31.7,35.5,29.2,0.0,1.5,7.1,1005.6,1004.0,1007.0,72,202207,C0X120-2022-07.csv,1,1,1
2022-07-13,30.8,33.5,28.7,0.0,2.4,9.4,1003.9,1001.5,1005.7,78,202207,C0X120-2022-07.csv,0,0,0
2022-07-14,30.0,33.5,28.0,13.5,1.0,6.1,1003.6,1002.2,1005.6,81,202207,C0X120-2022-07.csv,0,0,0
2022-07-15,29.0,31.5,26.7,0.5,2.0,6.5,1005.0,1003.5,1006.3,80,202207,C0X120-2022-07.csv,0,0,0
2022-07-16,28.8,32.7,26.8,3.0,1.8,7.1,1004.7,1003.3,1005.8,84,202207,C0X120-2022-07.csv,0,0,0
2022-07-17,30.0,33.5,27.2,5.0,2.2,6.8,1004.8,1003.0,1005.8,82,202207,C0X120-2022-07.csv,0,0,0
2022-07-18,30.6,34.5,27.3,0.0,2.2,7.7,1004.8,1003.2,1006.7,78,202207,C0X120-2022-07.csv,0,0,0
2022-07-19,31.1,34.5,28.3,0.0,2.5,9.1,1006.5,1005.2,1008.6,79,202207,C0X120-2022-07.csv,0,0,0
2022-07-20,31.4,35.1,27.8,0.0,2.3,10.6,1008.9,1007.5,1011.0,77,202207,C0X120-2022-07.csv,1,1,0
2022-07-21,31.4,34.8,28.0,0.0,1.7,7.2,1010.3,1009.0,1011.3,78,202207,C0X120-2022-07.csv,1,1,0
2022-07-22,31.4,34.7,29.1,0.0,1.6,7.8,1008.8,1007.2,1010.5,79,202207,C0X120-2022-07.csv,1,0,0
2022-07-23,31.6,35.1,28.6,0.0,1.7,6.9,1006.9,1005.5,1009.0,74,202207,C0X120-2022-07.csv,1,1,0
2022-07-24,31.4,35.0,28.6,0.0,1.7,7.0,1005.4,1003.5,1006.6,75,202207,C0X120-2022-07.csv,1,1,0
2022-07-25,31.8,35.6,29.2,0.0,1.5,7.8,1006.3,1004.7,1007.7,75,202207,C0X120-2022-07.csv,1,1,1
2022-07-26,31.7,34.2,29.5,0.0,1.7,8.1,1006.1,1004.2,1007.3,75,202207,C0X120-2022-07.csv,0,0,0
2022-07-27,31.2,34.2,28.8,0.5,1.6,7.3,1005.3,1004.0,1006.3,76,202207,C0X120-2022-07.csv,0,0,0
2022-07-28,31.2,34.3,28.3,0.0,1.6,7.5,1004.4,1002.3,1005.7,73,202207,C0X120-2022-07.csv,0,0,0
2022-07-29,31.3,34.7,29.0,0.0,2.3,8.7,1002.8,1000.5,1004.5,74,202207,C0X120-2022-07.csv,1,0,0
2022-07-30,30.1,33.0,28.0,14.5,1.8,9.2,1000.9,999.2,1002.5,83,202207,C0X120-2022-07.csv,0,0,0
2022-07-31,30.6,35.1,27.8,0.0,1.6,7.2,1002.2,1001.0,1004.0,78,202207,C0X120-2022-07.csv,1,1,0
2022-08-01,29.2,34.2,27.6,11.0,1.9,8.3,1004.8,1003.1,1006.0,83,202208,C0X120-2022-08.csv,0,0,0
2022-08-02,27.8,29.3,25.7,36.5,1.5,6.5,1006.6,1004.3,1008.5,87,202208,C0X120-2022-08.csv,0,0,0
2022-08-03,28.7,33.5,26.5,6.0,1.4,9.2,1006.7,1005.0,1008.0,83,202208,C0X120-2022-08.csv,0,0,0
2022-08-04,29.0,34.0,26.5,0.5,1.4,9.8,1007.4,1006.0,1009.1,82,202208,C0X120-2022-08.csv,0,0,0
2022-08-05,29.6,34.0,26.5,2.0,1.7,7.9,1007.4,1005.2,1008.5,82,202208,C0X120-2022-08.csv,0,0,0
2022-08-06,30.2,35.0,27.7,0.0,1.7,8.5,1006.0,1002.0,1008.0,81,202208,C0X120-2022-08.csv,1,1,0
2022-08-07,29.1,34.5,25.3,5.0,1.7,10.8,1006.0,1002.4,1008.0,83,202208,C0X120-2022-08.csv,0,0,0
2022-08-08,29.6,34.6,26.0,11.0,1.4,10.0,1006.1,1002.7,1007.5,77,202208,C0X120-2022-08.csv,1,0,0
2022-08-09,29.4,34.0,27.0,6.5,1.4,11.8,1005.8,1004.0,1007.5,82,202208,C0X120-2022-08.csv,0,0,0
2022-08-10,29.4,34.5,25.6,44.0,2.2,9.6,1006.3,1004.0,1008.3,82,202208,C0X120-2022-08.csv,0,0,0
2022-08-11,29.4,34.0,26.3,0.0,1.8,7.8,1007.3,1005.5,1009.0,82,202208,C0X120-2022-08.csv,0,0,0
2022-08-12,28.7,34.2,26.5,3.5,1.5,8.5,1007.2,1006.2,1008.5,85,202208,C0X120-2022-08.csv,0,0,0
2022-08-13,29.5,34.2,26.0,0.0,1.6,7.0,1006.5,1005.0,1007.3,81,202208,C0X120-2022-08.csv,0,0,0
2022-08-14,30.4,34.1,26.8,0.0,1.8,7.8,1005.5,1004.0,1006.8,78,202208,C0X120-2022-08.csv,0,0,0
2022-08-15,29.3,34.0,26.5,1.0,1.8,8.2,1004.6,1003.0,1005.7,82,202208,C0X120-2022-08.csv,0,0,0
2022-08-16,29.2,35.1,26.6,18.5,2.0,9.0,1005.0,1002.6,1006.6,83,202208,C0X120-2022-08.csv,1,1,0
2022-08-17,28.9,34.0,26.3,24.5,1.9,8.4,1005.5,1003.5,1007.1,86,202208,C0X120-2022-08.csv,0,0,0
2022-08-18,28.1,32.5,26.0,6.0,1.5,7.1,1005.1,1003.7,1006.5,88,202208,C0X120-2022-08.csv,0,0,0
2022-08-19,30.0,34.5,25.7,0.0,2.8,12.5,1006.0,1004.5,1008.5,77,202208,C0X120-2022-08.csv,0,0,0
2022-08-20,30.6,34.6,27.0,0.0,1.9,7.2,1007.8,1006.5,1009.1,76,202208,C0X120-2022-08.csv,1,0,0
2022-08-21,30.3,33.5,27.1,0.0,1.7,8.3,1006.3,1004.7,1008.3,78,202208,C0X120-2022-08.csv,0,0,0
2022-08-22,31.1,35.0,27.5,0.0,1.6,6.6,1004.1,1002.2,1005.8,78,202208,C0X120-2022-08.csv,1,1,0
2022-08-23,31.4,34.2,29.3,0.0,1.9,9.4,1003.3,1001.0,1005.0,77,202208,C0X120-2022-08.csv,0,0,0
2022-08-24,30.9,34.8,28.7,8.0,1.4,7.7,1004.0,1001.3,1007.7,78,202208,C0X120-2022-08.csv,1,1,0
2022-08-25,31.1,35.0,28.3,0.0,2.5,10.0,1008.3,1006.2,1011.0,70,202208,C0X120-2022-08.csv,1,1,0
2022-08-26,30.9,33.7,28.1,0.0,1.7,7.7,1008.7,1007.1,1010.5,76,202208,C0X120-2022-08.csv,0,0,0
2022-08-27,31.5,35.8,27.5,0.0,1.4,6.3,1006.4,1003.6,1009.2,77,202208,C0X120-2022-08.csv,1,1,1
2022-08-28,29.4,34.6,25.5,6.0,1.7,7.3,1007.1,1005.3,1009.1,82,202208,C0X120-2022-08.csv,1,0,0
2022-08-29,28.5,32.5,26.2,25.5,1.5,6.3,1008.0,1006.7,1009.1,88,202208,C0X120-2022-08.csv,0,0,0
2022-08-30,29.7,33.3,26.7,0.0,1.6,7.3,1006.2,1004.1,1008.7,83,202208,C0X120-2022-08.csv,0,0,0
2022-08-31,30.3,34.6,27.0,0.0,1.9,6.8,1003.7,1001.1,1005.3,80,202208,C0X120-2022-08.csv,1,0,0
2022-09-01,29.7,33.6,27.5,0.0,4.0,17.1,1001.9,999.6,1004.5,77,202209,C0X120-2022-09.csv,0,0,0
2022-09-02,27.6,29.5,26.2,3.5,5.7,16.0,997.5,995.5,1000.7,84,202209,C0X120-2022-09.csv,0,0,0
2022-09-03,28.4,30.7,26.3,7.5,5.4,16.9,994.9,993.1,996.5,87,202209,C0X120-2022-09.csv,0,0,0
2022-09-04,29.7,33.0,26.7,4.0,2.0,11.6,998.1,996.3,1000.7,79,202209,C0X120-2022-09.csv,0,0,0
2022-09-05,29.9,32.8,27.5,1.0,2.4,8.3,1001.9,999.7,1005.1,82,202209,C0X120-2022-09.csv,0,0,0
2022-09-06,28.8,33.1,27.3,11.0,1.9,8.6,1007.8,1004.0,1011.2,85,202209,C0X120-2022-09.csv,0,0,0
2022-09-07,29.6,34.2,27.2,1.0,1.5,7.2,1011.1,1009.8,1012.5,81,202209,C0X120-2022-09.csv,0,0,0
2022-09-08,28.7,33.6,26.8,0.0,1.8,8.0,1010.5,1008.5,1012.2,84,202209,C0X120-2022-09.csv,0,0,0
2022-09-09,29.4,33.0,26.7,0.0,1.8,7.3,1009.1,1006.7,1010.7,77,202209,C0X120-2022-09.csv,0,0,0
2022-09-10,29.1,33.0,26.5,0.0,2.3,9.3,1007.5,1004.8,1009.5,75,202209,C0X120-2022-09.csv,0,0,0
2022-09-11,28.0,31.6,24.5,0.0,3.3,11.9,1004.2,1001.8,1007.6,78,202209,C0X120-2022-09.csv,0,0,0
2022-09-12,28.2,31.0,26.3,0.0,5.0,15.8,1001.9,1000.5,1003.0,82,202209,C0X120-2022-09.csv,0,0,0
2022-09-13,28.6,31.2,26.5,0.0,3.3,12.1,1003.1,1001.7,1004.5,77,202209,C0X120-2022-09.csv,0,0,0
2022-09-14,29.5,35.0,24.8,0.0,1.4,6.6,1002.9,1001.2,1004.6,72,202209,C0X120-2022-09.csv,1,1,0
2022-09-15,29.8,34.7,25.3,0.0,1.6,7.1,1002.7,1000.8,1003.8,72,202209,C0X120-2022-09.csv,1,0,0
2022-09-16,29.5,33.2,26.7,0.0,1.5,6.6,1003.0,1001.5,1004.1,76,202209,C0X120-2022-09.csv,0,0,0
2022-09-17,28.9,33.0,25.5,0.0,2.0,9.6,1003.4,1001.2,1005.2,77,202209,C0X120-2022-09.csv,0,0,0
2022-09-18,29.2,34.0,25.7,0.0,1.3,6.9,1003.7,1001.7,1005.2,76,202209,C0X120-2022-09.csv,0,0,0
2022-09-19,28.5,33.5,25.5,0.0,1.4,7.1,1004.5,1002.8,1006.3,77,202209,C0X120-2022-09.csv,0,0,0
2022-09-20,27.8,32.6,25.5,0.0,1.8,7.6,1006.0,1004.6,1008.6,82,202209,C0X120-2022-09.csv,0,0,0
2022-09-21,28.2,33.0,23.8,0.0,2.1,9.6,1007.7,1005.8,1009.3,73,202209,C0X120-2022-09.csv,0,0,0
2022-09-22,28.5,32.5,25.5,0.0,1.5,7.0,1007.9,1005.7,1009.5,73,202209,C0X120-2022-09.csv,0,0,0
2022-09-23,28.8,33.0,24.7,0.0,1.7,6.9,1007.7,1005.7,1009.5,71,202209,C0X120-2022-09.csv,0,0,0
2022-09-24,28.2,32.0,24.5,0.0,2.1,9.0,1007.1,1005.0,1008.7,71,202209,C0X120-2022-09.csv,0,0,0
2022-09-25,28.4,33.5,24.7,0.0,2.2,9.2,1006.7,1004.8,1008.5,78,202209,C0X120-2022-09.csv,0,0,0
2022-09-26,29.3,34.2,26.2,0.0,1.5,7.0,1006.1,1004.3,1007.5,81,202209,C0X120-2022-09.csv,0,0,0
2022-09-27,30.0,33.7,26.2,0.0,1.7,8.0,1006.0,1004.5,1007.3,78,202209,C0X120-2022-09.csv,0,0,0
2022-09-28,30.3,34.3,27.5,0.0,1.5,7.0,1006.5,1004.5,1008.3,75,202209,C0X120-2022-09.csv,0,0,0
2022-09-29,30.1,33.6,28.1,0.0,1.7,7.9,1008.8,1007.2,1010.7,76,202209,C0X120-2022-09.csv,0,0,0
2022-09-30,30.0,34.2,27.2,0.0,1.8,8.0,1011.0,1009.3,1012.5,76,202209,C0X120-2022-09.csv,0,0,0
2022-10-01,30.0,35.0,26.6,0.0,1.4,7.2,1011.4,1010.2,1012.5,77,202210,C0X120-2022-10.csv,1,1,0
2022-10-02,30.3,33.8,27.5,0.0,1.5,7.4,1011.3,1009.6,1012.5,77,202210,C0X120-2022-10.csv,0,0,0
2022-10-03,30.0,34.0,27.0,0.0,1.4,7.1,1011.2,1009.5,1012.5,77,202210,C0X120-2022-10.csv,0,0,0
2022-10-04,30.4,34.0,28.5,0.0,1.6,7.0,1011.3,1009.2,1013.0,74,202210,C0X120-2022-10.csv,0,0,0
2022-10-05,30.2,34.5,28.3,0.0,1.3,7.6,1011.6,1009.6,1013.0,76,202210,C0X120-2022-10.csv,0,0,0
2022-10-06,29.7,33.7,27.0,0.0,1.9,7.9,1012.0,1009.5,1013.6,78,202210,C0X120-2022-10.csv,0,0,0
2022-10-07,29.4,33.0,26.8,0.0,1.6,9.1,1011.6,1008.5,1013.5,77,202210,C0X120-2022-10.csv,0,0,0
2022-10-08,28.5,32.8,25.7,0.0,1.7,6.5,1011.8,1009.5,1013.3,77,202210,C0X120-2022-10.csv,0,0,0
2022-10-09,27.9,32.5,25.7,0.0,2.6,9.8,1012.4,1010.0,1014.0,77,202210,C0X120-2022-10.csv,0,0,0
2022-10-10,24.7,28.5,21.1,0.0,4.2,11.4,1012.6,1010.3,1014.2,71,202210,C0X120-2022-10.csv,0,0,0
2022-10-11,23.5,27.2,20.8,0.0,2.7,7.3,1011.6,1009.6,1013.5,70,202210,C0X120-2022-10.csv,0,0,0
2022-10-12,25.2,30.6,21.1,0.0,2.6,8.7,1010.0,1008.0,1011.6,73,202210,C0X120-2022-10.csv,0,0,0
2022-10-13,26.4,32.5,22.2,0.0,2.4,8.9,1008.9,1006.5,1010.8,77,202210,C0X120-2022-10.csv,0,0,0
2022-10-14,26.5,31.5,23.0,0.0,2.7,8.8,1007.4,1005.0,1009.6,78,202210,C0X120-2022-10.csv,0,0,0
2022-10-15,26.7,31.1,23.5,0.0,2.6,8.5,1004.4,1002.1,1006.7,83,202210,C0X120-2022-10.csv,0,0,0
2022-10-16,26.9,29.5,25.0,1.5,1.9,8.2,1002.0,1000.0,1003.8,88,202210,C0X120-2022-10.csv,0,0,0
2022-10-17,26.2,31.0,22.6,0.0,3.5,12.6,1004.4,1002.5,1007.1,84,202210,C0X120-2022-10.csv,0,0,0
2022-10-18,23.3,28.0,21.0,0.0,3.8,11.7,1008.8,1006.1,1011.1,74,202210,C0X120-2022-10.csv,0,0,0
2022-10-19,24.5,30.1,20.7,0.0,2.5,8.1,1011.7,1010.0,1013.8,69,202210,C0X120-2022-10.csv,0,0,0
2022-10-20,25.7,30.8,21.8,0.0,2.1,8.0,1013.5,1011.8,1015.1,71,202210,C0X120-2022-10.csv,0,0,0
2022-10-21,26.0,31.5,22.6,0.0,2.0,9.7,1012.5,1009.8,1014.6,78,202210,C0X120-2022-10.csv,0,0,0
2022-10-22,26.3,29.1,24.0,0.5,0.8,3.9,1011.3,1009.7,1012.7,88,202210,C0X120-2022-10.csv,0,0,0
2022-10-23,25.7,28.0,23.3,0.0,2.5,7.3,1011.4,1009.7,1013.0,87,202210,C0X120-2022-10.csv,0,0,0
2022-10-24,24.6,29.0,22.1,0.0,2.9,8.5,1012.0,1010.1,1014.0,72,202210,C0X120-2022-10.csv,0,0,0
2022-10-25,24.2,28.5,21.0,0.0,1.9,5.6,1014.1,1012.7,1015.7,70,202210,C0X120-2022-10.csv,0,0,0
2022-10-26,25.2,29.7,21.3,0.0,1.3,5.9,1013.6,1011.5,1015.2,70,202210,C0X120-2022-10.csv,0,0,0
2022-10-27,26.1,31.3,23.6,0.0,1.7,9.2,1011.9,1009.6,1013.5,77,202210,C0X120-2022-10.csv,0,0,0
2022-10-28,25.9,30.1,22.3,0.0,2.0,8.5,1010.6,1008.6,1012.6,81,202210,C0X120-2022-10.csv,0,0,0
2022-10-29,25.8,31.5,22.7,0.0,2.4,9.3,1008.6,1006.0,1010.6,79,202210,C0X120-2022-10.csv,0,0,0
2022-10-30,26.0,30.8,22.6,0.0,2.3,7.8,1005.4,1003.0,1007.3,80,202210,C0X120-2022-10.csv,0,0,0
2022-10-31,24.0,26.3,22.1,2.0,3.3,12.3,1004.3,1002.2,1005.5,91,202210,C0X120-2022-10.csv,0,0,0
2022-11-01,24.5,29.2,21.3,1.0,2.9,10.1,1004.3,1000.9,1006.0,81,202211,C0X120-2022-11.csv,0,0,0
2022-11-02,24.8,30.8,20.5,0.0,2.0,6.7,1007.2,1004.7,1009.6,82,202211,C0X120-2022-11.csv,0,0,0
2022-11-03,25.8,31.2,23.0,0.0,1.9,7.3,1010.6,1009.0,1013.0,85,202211,C0X120-2022-11.csv,0,0,0
2022-11-04,25.1,30.3,22.0,0.0,2.4,8.2,1013.2,1011.3,1015.5,85,202211,C0X120-2022-11.csv,0,0,0
2022-11-05,22.8,26.0,21.0,0.0,2.9,9.0,1015.2,1013.6,1016.7,82,202211,C0X120-2022-11.csv,0,0,0
2022-11-06,23.3,28.3,20.5,0.0,2.8,6.9,1014.7,1012.2,1016.6,81,202211,C0X120-2022-11.csv,0,0,0
2022-11-07,24.3,28.8,21.0,0.0,2.2,6.8,1013.6,1011.3,1015.6,86,202211,C0X120-2022-11.csv,0,0,0
2022-11-08,24.9,29.0,22.7,0.0,2.2,9.1,1014.0,1012.5,1015.7,87,202211,C0X120-2022-11.csv,0,0,0
2022-11-09,25.1,30.0,22.0,0.0,1.2,5.8,1013.6,1011.8,1015.0,88,202211,C0X120-2022-11.csv,0,0,0
2022-11-10,25.6,29.3,23.1,0.0,1.8,7.3,1013.3,1011.1,1015.1,88,202211,C0X120-2022-11.csv,0,0,0
2022-11-11,26.2,30.6,24.0,0.0,1.4,6.2,1013.0,1011.3,1015.0,86,202211,C0X120-2022-11.csv,0,0,0
2022-11-12,26.1,30.5,24.2,0.0,1.8,6.6,1012.3,1010.1,1014.0,87,202211,C0X120-2022-11.csv,0,0,0
2022-11-13,24.9,29.6,22.8,0.0,2.1,7.9,1013.4,1011.3,1015.5,91,202211,C0X120-2022-11.csv,0,0,0
2022-11-14,24.9,30.0,22.8,0.0,1.7,6.6,1013.5,1011.3,1015.8,89,202211,C0X120-2022-11.csv,0,0,0
2022-11-15,24.9,29.3,21.8,0.0,1.9,7.4,1013.0,1011.0,1015.0,87,202211,C0X120-2022-11.csv,0,0,0
2022-11-16,24.8,28.7,22.6,0.0,1.9,7.4,1012.8,1011.0,1014.6,88,202211,C0X120-2022-11.csv,0,0,0
2022-11-17,25.5,30.5,22.3,0.0,2.2,7.9,1012.3,1010.0,1014.0,85,202211,C0X120-2022-11.csv,0,0,0
2022-11-18,25.4,31.0,22.6,0.0,2.5,7.6,1013.2,1010.7,1014.5,87,202211,C0X120-2022-11.csv,0,0,0
2022-11-19,25.4,29.5,23.1,0.0,2.0,8.1,1012.3,1010.0,1014.5,87,202211,C0X120-2022-11.csv,0,0,0
2022-11-20,25.3,30.2,23.0,0.0,2.1,7.1,1011.4,1009.5,1013.5,87,202211,C0X120-2022-11.csv,0,0,0
2022-11-21,25.6,30.2,23.2,0.0,1.0,5.8,1011.9,1010.2,1013.1,86,202211,C0X120-2022-11.csv,0,0,0
2022-11-22,25.3,28.3,23.0,0.0,1.7,5.4,1011.5,1010.3,1013.3,89,202211,C0X120-2022-11.csv,0,0,0
2022-11-23,25.6,30.0,23.2,0.0,2.4,7.2,1011.7,1009.7,1013.5,87,202211,C0X120-2022-11.csv,0,0,0
2022-11-24,24.8,29.0,22.2,0.0,2.2,5.9,1012.6,1010.5,1014.6,86,202211,C0X120-2022-11.csv,0,0,0
2022-11-25,25.1,30.7,23.0,0.0,2.1,8.8,1012.9,1010.6,1014.5,87,202211,C0X120-2022-11.csv,0,0,0
2022-11-26,24.9,28.0,23.0,0.0,2.5,10.4,1012.2,1010.5,1013.7,82,202211,C0X120-2022-11.csv,0,0,0
2022-11-27,25.3,29.3,22.5,0.0,1.2,6.0,1011.4,1009.0,1013.0,84,202211,C0X120-2022-11.csv,0,0,0
2022-11-28,27.5,33.2,23.2,0.0,1.4,7.4,1011.4,1009.5,1013.2,80,202211,C0X120-2022-11.csv,0,0,0
2022-11-29,28.0,33.2,25.1,0.0,1.2,6.4,1011.7,1009.5,1013.2,83,202211,C0X120-2022-11.csv,0,0,0
2022-11-30,24.2,27.5,20.5,0.0,3.5,11.6,1014.2,1012.0,1016.3,82,202211,C0X120-2022-11.csv,0,0,0
2022-12-01,21.9,26.1,19.3,0.0,3.6,10.1,1015.0,1013.2,1017.0,79,202212,C0X120-2022-12.csv,0,0,0
2022-12-02,21.9,26.6,19.1,0.0,3.4,10.0,1014.4,1011.5,1016.7,83,202212,C0X120-2022-12.csv,0,0,0
2022-12-03,22.9,28.5,19.5,0.0,2.7,7.3,1013.1,1010.7,1015.3,87,202212,C0X120-2022-12.csv,0,0,0
2022-12-04,22.9,26.6,20.8,0.0,2.5,7.4,1014.3,1012.5,1016.5,89,202212,C0X120-2022-12.csv,0,0,0
2022-12-05,21.4,25.5,17.8,0.0,4.3,11.2,1014.4,1012.0,1016.6,83,202212,C0X120-2022-12.csv,0,0,0
2022-12-06,20.4,25.0,17.7,0.0,2.6,7.8,1014.2,1012.0,1016.8,80,202212,C0X120-2022-12.csv,0,0,0
2022-12-07,21.6,26.5,18.5,0.0,3.1,10.1,1014.6,1012.0,1017.0,80,202212,C0X120-2022-12.csv,0,0,0
2022-12-08,20.9,26.6,17.2,0.0,3.4,10.7,1013.2,1010.7,1015.5,82,202212,C0X120-2022-12.csv,0,0,0
2022-12-09,20.6,24.8,18.0,0.0,3.9,12.1,1010.2,1007.2,1012.3,84,202212,C0X120-2022-12.csv,0,0,0
2022-12-10,21.2,26.5,17.5,0.0,2.5,8.3,1009.3,1006.5,1011.5,83,202212,C0X120-2022-12.csv,0,0,0
2022-12-11,20.7,25.5,18.0,0.0,3.3,8.4,1009.3,1006.8,1011.5,80,202212,C0X120-2022-12.csv,0,0,0
2022-12-12,19.7,24.1,17.7,0.0,3.7,11.5,1011.8,1010.0,1013.5,79,202212,C0X120-2022-12.csv,0,0,0
2022-12-13,19.2,23.6,17.0,0.0,3.3,8.6,1013.9,1012.2,1016.3,80,202212,C0X120-2022-12.csv,0,0,0
2022-12-14,18.2,20.7,16.5,0.0,3.3,8.3,1016.0,1014.1,1018.3,81,202212,C0X120-2022-12.csv,0,0,0
2022-12-15,19.8,25.0,17.1,0.0,3.1,7.8,1014.1,1010.8,1016.8,83,202212,C0X120-2022-12.csv,0,0,0
2022-12-16,21.1,25.3,18.5,0.0,3.7,10.0,1013.5,1011.5,1015.0,86,202212,C0X120-2022-12.csv,0,0,0
2022-12-17,15.7,19.7,12.7,3.0,5.9,18.2,1018.1,1013.3,1022.5,88,202212,C0X120-2022-12.csv,0,0,0
2022-12-18,12.7,15.3,11.0,0.0,4.5,16.2,1020.7,1018.0,1022.6,68,202212,C0X120-2022-12.csv,0,0,0
2022-12-19,15.4,21.2,10.1,0.0,2.1,6.7,1018.3,1015.7,1020.8,76,202212,C0X120-2022-12.csv,0,0,0
2022-12-20,17.6,22.7,13.2,0.0,1.4,7.8,1015.1,1012.2,1017.6,83,202212,C0X120-2022-12.csv,0,0,0
2022-12-21,17.7,22.0,14.6,0.0,3.6,12.0,1011.5,1008.3,1014.1,85,202212,C0X120-2022-12.csv,0,0,0
2022-12-22,16.7,23.0,12.8,0.0,3.5,11.3,1012.1,1009.7,1015.0,52,202212,C0X120-2022-12.csv,0,0,0
2022-12-23,15.0,21.0,11.3,0.0,3.3,10.3,1015.7,1013.3,1017.5,60,202212,C0X120-2022-12.csv,0,0,0
2022-12-24,14.0,20.5,10.3,0.0,3.0,9.1,1018.0,1016.0,1019.8,57,202212,C0X120-2022-12.csv,0,0,0
2022-12-25,14.4,21.0,9.3,0.0,2.1,7.9,1019.2,1017.3,1021.3,62,202212,C0X120-2022-12.csv,0,0,0
2022-12-26,15.5,21.5,10.1,0.0,2.0,10.0,1019.9,1017.8,1021.8,77,202212,C0X120-2022-12.csv,0,0,0
2022-12-27,16.7,23.7,11.2,0.0,2.1,7.9,1019.6,1017.2,1021.5,79,202212,C0X120-2022-12.csv,0,0,0
2022-12-28,17.9,24.5,13.0,0.0,2.0,6.5,1019.3,1016.7,1021.2,81,202212,C0X120-2022-12.csv,0,0,0
2022-12-29,18.1,20.2,16.0,0.0,2.9,9.4,1019.4,1017.6,1020.7,86,202212,C0X120-2022-12.csv,0,0,0
2022-12-30,18.2,21.8,16.1,0.0,3.9,11.9,1019.4,1017.0,1021.0,86,202212,C0X120-2022-12.csv,0,0,0
2022-12-31,18.7,24.1,15.7,0.0,3.0,9.1,1019.0,1016.8,1021.1,83,202212,C0X120-2022-12.csv,0,0,0
2023-01-01,19.1,21.6,17.5,0.0,2.6,8.1,1019.5,1017.5,1021.0,92,202301,C0X120-2023-01.csv,0,0,0
2023-01-02,19.0,20.3,18.3,6.0,3.0,7.7,1019.5,1017.2,1021.1,98,202301,C0X120-2023-01.csv,0,0,0
2023-01-03,18.4,21.0,16.7,0.0,3.3,9.3,1019.6,1018.0,1021.6,90,202301,C0X120-2023-01.csv,0,0,0
2023-01-04,18.6,23.6,16.3,0.0,3.0,8.2,1019.7,1017.5,1021.5,85,202301,C0X120-2023-01.csv,0,0,0
2023-01-05,19.5,24.8,16.0,0.0,2.8,7.7,1019.6,1016.8,1021.6,90,202301,C0X120-2023-01.csv,0,0,0
2023-01-06,19.4,23.0,17.0,0.0,3.6,10.5,1018.7,1016.0,1021.1,89,202301,C0X120-2023-01.csv,0,0,0
2023-01-07,19.8,26.0,16.6,0.0,2.3,6.0,1016.9,1014.5,1018.5,77,202301,C0X120-2023-01.csv,0,0,0
2023-01-08,19.7,24.8,16.8,0.0,1.8,6.4,1018.1,1016.5,1019.3,82,202301,C0X120-2023-01.csv,0,0,0
2023-01-09,19.5,25.3,17.5,0.0,2.2,7.6,1017.5,1015.0,1019.8,90,202301,C0X120-2023-01.csv,0,0,0
2023-01-10,20.1,23.0,18.5,0.0,2.4,7.4,1016.1,1014.0,1017.8,91,202301,C0X120-2023-01.csv,0,0,0
2023-01-11,19.8,23.0,18.3,0.0,2.3,7.9,1015.3,1013.1,1017.2,93,202301,C0X120-2023-01.csv,0,0,0
2023-01-12,20.6,25.5,18.2,0.0,1.8,6.0,1013.8,1011.8,1015.6,90,202301,C0X120-2023-01.csv,0,0,0
2023-01-13,23.8,30.2,18.3,0.0,1.3,7.6,1010.8,1009.0,1013.5,81,202301,C0X120-2023-01.csv,0,0,0
2023-01-14,25.2,30.0,21.2,0.0,1.7,7.1,1008.0,1005.3,1010.2,81,202301,C0X120-2023-01.csv,0,0,0
2023-01-15,20.3,25.3,15.2,0.0,3.3,9.2,1010.6,1008.2,1014.8,86,202301,C0X120-2023-01.csv,0,0,0
2023-01-16,15.7,19.5,14.2,0.0,4.0,9.8,1017.0,1014.6,1019.5,80,202301,C0X120-2023-01.csv,0,0,0
2023-01-17,16.4,21.1,12.8,0.0,3.3,9.9,1019.3,1016.5,1021.6,85,202301,C0X120-2023-01.csv,0,0,0
2023-01-18,16.2,20.6,14.0,0.0,3.9,11.3,1020.0,1017.3,1022.2,84,202301,C0X120-2023-01.csv,0,0,0
2023-01-19,17.1,23.2,13.2,0.0,3.0,8.3,1018.8,1016.0,1021.0,82,202301,C0X120-2023-01.csv,0,0,0
2023-01-20,18.0,23.3,15.0,0.0,3.2,10.0,1018.0,1016.0,1020.0,83,202301,C0X120-2023-01.csv,0,0,0
2023-01-21,18.5,25.5,14.8,0.0,2.4,7.4,1016.5,1013.2,1019.5,84,202301,C0X120-2023-01.csv,0,0,0
2023-01-22,19.9,26.0,16.6,0.0,2.7,7.5,1014.4,1011.5,1016.6,85,202301,C0X120-2023-01.csv,0,0,0
2023-01-23,19.7,24.1,17.2,0.0,3.1,9.2,1012.7,1010.1,1015.2,87,202301,C0X120-2023-01.csv,0,0,0
2023-01-24,14.6,17.5,10.8,0.0,6.3,18.0,1019.3,1015.1,1021.8,72,202301,C0X120-2023-01.csv,0,0,0
2023-01-25,13.8,19.5,9.0,0.0,2.2,9.0,1019.6,1016.8,1022.1,68,202301,C0X120-2023-01.csv,0,0,0
2023-01-26,16.3,22.1,13.0,0.0,2.5,9.2,1017.4,1014.0,1019.6,80,202301,C0X120-2023-01.csv,0,0,0
2023-01-27,15.1,19.5,11.5,0.0,4.8,15.7,1018.1,1015.5,1020.0,72,202301,C0X120-2023-01.csv,0,0,0
2023-01-28,12.2,16.8,9.5,0.0,4.1,11.1,1019.4,1016.8,1021.7,61,202301,C0X120-2023-01.csv,0,0,0
2023-01-29,13.7,19.8,8.8,0.0,2.7,9.8,1019.3,1017.0,1021.1,73,202301,C0X120-2023-01.csv,0,0,0
2023-01-30,15.6,22.7,10.1,0.0,2.3,7.6,1019.1,1016.3,1022.3,76,202301,C0X120-2023-01.csv,0,0,0
2023-01-31,16.3,22.8,11.7,0.0,1.7,6.7,1016.3,1013.6,1019.0,76,202301,C0X120-2023-01.csv,0,0,0
2023-02-01,20.4,27.1,14.6,0.0,1.6,5.8,1014.1,1011.8,1016.0,63,202302,C0X120-2023-02.csv,0,0,0
2023-02-02,19.5,24.6,16.2,0.0,3.0,9.4,1015.7,1013.8,1018.0,80,202302,C0X120-2023-02.csv,0,0,0
2023-02-03,18.7,23.5,16.1,0.0,3.2,8.3,1015.8,1013.5,1018.1,84,202302,C0X120-2023-02.csv,0,0,0
2023-02-04,19.0,24.7,16.0,0.0,2.9,9.0,1014.7,1012.1,1016.7,87,202302,C0X120-2023-02.csv,0,0,0
2023-02-05,19.1,25.0,17.1,0.0,3.0,8.9,1013.7,1011.5,1015.6,89,202302,C0X120-2023-02.csv,0,0,0
2023-02-06,20.3,26.2,17.0,0.0,2.5,8.9,1012.0,1008.8,1014.8,87,202302,C0X120-2023-02.csv,0,0,0
2023-02-07,20.5,26.5,17.8,0.0,2.9,9.3,1013.0,1011.1,1015.0,87,202302,C0X120-2023-02.csv,0,0,0
2023-02-08,19.7,25.5,17.8,0.0,2.9,8.0,1014.7,1012.0,1016.8,90,202302,C0X120-2023-02.csv,0,0,0
2023-02-09,19.7,23.8,17.0,0.0,2.3,7.1,1014.4,1012.3,1016.1,89,202302,C0X120-2023-02.csv,0,0,0
2023-02-10,22.5,28.8,18.0,0.0,1.8,7.4,1013.3,1011.5,1015.5,83,202302,C0X120-2023-02.csv,0,0,0
2023-02-11,20.9,27.6,17.8,0.0,2.0,6.4,1013.2,1011.3,1015.5,88,202302,C0X120-2023-02.csv,0,0,0
2023-02-12,23.8,30.5,18.5,0.0,1.8,9.3,1012.6,1010.0,1015.0,82,202302,C0X120-2023-02.csv,0,0,0
2023-02-13,25.2,32.5,19.2,0.0,2.0,8.6,1011.5,1008.1,1013.6,81,202302,C0X120-2023-02.csv,0,0,0
2023-02-14,16.0,19.3,13.0,0.0,4.1,10.7,1015.3,1012.1,1018.0,86,202302,C0X120-2023-02.csv,0,0,0
2023-02-15,14.9,19.0,12.8,0.0,4.3,11.2,1019.8,1017.7,1022.1,72,202302,C0X120-2023-02.csv,0,0,0
2023-02-16,16.9,23.0,13.0,0.0,2.4,8.4,1021.3,1019.1,1023.0,73,202302,C0X120-2023-02.csv,0,0,0
2023-02-17,17.9,22.6,14.5,0.0,3.0,9.4,1019.2,1016.2,1022.3,84,202302,C0X120-2023-02.csv,0,0,0
2023-02-18,19.4,25.2,14.7,0.0,2.0,7.6,1016.1,1012.7,1018.5,85,202302,C0X120-2023-02.csv,0,0,0
2023-02-19,19.2,26.5,15.6,0.0,3.4,11.1,1014.4,1011.7,1016.5,85,202302,C0X120-2023-02.csv,0,0,0
2023-02-20,17.9,23.0,15.5,0.0,3.5,9.6,1014.5,1012.6,1016.5,75,202302,C0X120-2023-02.csv,0,0,0
2023-02-21,17.0,20.0,14.2,0.0,3.8,10.9,1018.0,1016.8,1019.8,72,202302,C0X120-2023-02.csv,0,0,0
2023-02-22,16.7,20.8,14.5,0.0,3.5,10.2,1018.2,1015.6,1020.5,81,202302,C0X120-2023-02.csv,0,0,0
2023-02-23,18.2,23.3,15.6,0.0,3.3,9.2,1014.4,1011.5,1017.5,87,202302,C0X120-2023-02.csv,0,0,0
2023-02-24,17.5,21.5,15.0,0.0,4.1,11.6,1014.5,1011.5,1017.8,90,202302,C0X120-2023-02.csv,0,0,0
2023-02-25,16.7,21.0,14.5,0.0,4.2,11.0,1021.2,1016.9,1024.5,77,202302,C0X120-2023-02.csv,0,0,0
2023-02-26,15.9,20.1,13.6,0.0,3.7,11.1,1024.8,1023.1,1027.0,70,202302,C0X120-2023-02.csv,0,0,0
2023-02-27,16.4,22.6,12.5,0.0,2.4,9.2,1023.8,1021.5,1025.6,77,202302,C0X120-2023-02.csv,0,0,0
2023-02-28,17.4,23.0,14.8,0.0,2.4,8.2,1021.2,1018.5,1024.0,87,202302,C0X120-2023-02.csv,0,0,0
2023-03-01,19.2,25.6,14.3,0.0,2.8,8.9,1018.5,1015.6,1020.7,80,202303,C0X120-2023-03.csv,0,0,0
2023-03-02,17.9,23.7,14.7,0.0,3.5,12.0,1020.3,1018.5,1022.2,74,202303,C0X120-2023-03.csv,0,0,0
2023-03-03,17.7,24.0,13.5,0.0,2.0,8.4,1021.4,1018.7,1023.2,73,202303,C0X120-2023-03.csv,0,0,0
2023-03-04,18.2,24.3,14.1,0.0,2.4,9.2,1021.4,1018.8,1023.6,80,202303,C0X120-2023-03.csv,0,0,0
2023-03-05,18.6,26.0,13.3,0.0,2.4,8.3,1020.0,1017.2,1022.2,71,202303,C0X120-2023-03.csv,0,0,0
2023-03-06,19.4,25.1,14.3,0.0,1.2,8.1,1019.4,1017.5,1021.5,74,202303,C0X120-2023-03.csv,0,0,0
2023-03-07,20.3,25.2,16.3,0.0,1.5,7.9,1018.8,1016.8,1020.7,69,202303,C0X120-2023-03.csv,0,0,0
2023-03-08,20.7,25.7,16.0,0.0,1.5,6.9,1017.6,1015.5,1020.0,62,202303,C0X120-2023-03.csv,0,0,0
2023-03-09,20.9,26.1,16.0,0.0,1.7,8.9,1015.5,1013.1,1017.3,64,202303,C0X120-2023-03.csv,0,0,0
2023-03-10,22.4,27.2,16.8,0.0,1.3,8.1,1014.9,1013.1,1016.7,68,202303,C0X120-2023-03.csv,0,0,0
2023-03-11,23.0,27.5,18.5,0.0,1.3,7.6,1015.8,1014.3,1017.3,72,202303,C0X120-2023-03.csv,0,0,0
2023-03-12,22.1,27.2,18.2,0.0,2.3,9.5,1015.8,1013.7,1017.3,74,202303,C0X120-2023-03.csv,0,0,0
2023-03-13,18.8,23.7,15.6,0.0,3.3,9.3,1015.9,1013.7,1017.7,72,202303,C0X120-2023-03.csv,0,0,0
2023-03-14,20.3,26.0,16.2,0.0,2.0,8.0,1013.9,1011.3,1015.7,73,202303,C0X120-2023-03.csv,0,0,0
2023-03-15,21.7,26.5,17.3,0.0,2.0,7.9,1015.0,1013.0,1016.7,78,202303,C0X120-2023-03.csv,0,0,0
2023-03-16,22.2,27.5,18.2,0.0,2.1,8.7,1016.1,1014.5,1018.0,83,202303,C0X120-2023-03.csv,0,0,0
2023-03-17,22.8,27.1,20.0,0.0,2.3,8.5,1014.4,1012.0,1017.1,81,202303,C0X120-2023-03.csv,0,0,0
2023-03-18,22.2,27.2,19.5,0.0,2.9,9.4,1013.4,1011.5,1015.0,81,202303,C0X120-2023-03.csv,0,0,0
2023-03-19,22.1,26.6,18.5,0.0,3.1,8.9,1013.0,1010.3,1015.2,81,202303,C0X120-2023-03.csv,0,0,0
2023-03-20,24.0,29.5,20.5,0.0,1.7,7.3,1010.1,1008.0,1012.5,81,202303,C0X120-2023-03.csv,0,0,0
2023-03-21,25.3,30.0,21.5,0.0,1.5,8.3,1008.1,1006.0,1009.7,81,202303,C0X120-2023-03.csv,0,0,0
2023-03-22,26.0,30.5,22.3,0.0,2.0,8.3,1007.4,1005.7,1009.1,79,202303,C0X120-2023-03.csv,0,0,0
2023-03-23,25.6,30.5,21.7,0.0,1.8,7.6,1008.8,1007.2,1010.7,79,202303,C0X120-2023-03.csv,0,0,0
2023-03-24,25.8,31.3,21.2,0.0,2.1,8.7,1011.4,1009.6,1013.0,75,202303,C0X120-2023-03.csv,0,0,0
2023-03-25,23.6,29.5,20.5,0.0,3.0,11.2,1011.6,1009.2,1013.1,83,202303,C0X120-2023-03.csv,0,0,0
2023-03-26,21.5,,,0.0,2.9,,1012.0,,,85,202303,C0X120-2023-03.csv,0,0,0
2023-03-27,20.1,26.0,17.1,0.0,3.2,9.7,1013.5,1011.6,1015.5,83,202303,C0X120-2023-03.csv,0,0,0
2023-03-28,20.7,26.5,16.7,0.5,3.5,11.0,1014.8,1012.5,1017.1,85,202303,C0X120-2023-03.csv,0,0,0
2023-03-29,21.4,25.3,18.8,0.0,2.9,9.4,1012.6,1010.6,1014.2,89,202303,C0X120-2023-03.csv,0,0,0
2023-03-30,22.7,28.6,19.7,0.0,3.1,10.0,1009.8,1007.3,1012.2,84,202303,C0X120-2023-03.csv,0,0,0
2023-03-31,21.5,26.6,19.1,0.0,2.6,8.0,1010.9,1008.5,1012.8,83,202303,C0X120-2023-03.csv,0,0,0
2023-04-01,21.1,22.8,19.8,7.5,1.9,6.4,1010.6,1008.8,1012.6,92,202304,C0X120-2023-04.csv,0,0,0
2023-04-02,23.9,28.8,20.0,0.0,2.1,7.5,1010.2,1007.6,1012.1,85,202304,C0X120-2023-04.csv,0,0,0
2023-04-03,24.7,28.3,22.0,0.0,1.5,7.8,1010.7,1008.8,1012.3,81,202304,C0X120-2023-04.csv,0,0,0
2023-04-04,24.5,28.1,21.5,0.0,1.7,7.8,1009.4,1007.1,1011.3,83,202304,C0X120-2023-04.csv,0,0,0
2023-04-05,26.3,31.5,21.6,0.0,1.8,8.4,1009.9,1007.8,1011.5,77,202304,C0X120-2023-04.csv,0,0,0
2023-04-06,27.0,30.2,24.8,0.0,1.9,9.3,1009.8,1007.7,1011.7,79,202304,C0X120-2023-04.csv,0,0,0
2023-04-07,23.0,26.5,19.0,4.5,3.1,9.6,1011.9,1009.5,1015.3,83,202304,C0X120-2023-04.csv,0,0,0
2023-04-08,21.6,27.1,18.5,0.0,2.2,7.6,1015.7,1013.7,1017.7,67,202304,C0X120-2023-04.csv,0,0,0
2023-04-09,22.6,26.2,19.5,0.0,1.6,8.9,1015.1,1012.5,1017.3,71,202304,C0X120-2023-04.csv,0,0,0
2023-04-10,23.6,28.5,20.2,0.0,1.6,9.3,1013.3,1011.0,1015.5,73,202304,C0X120-2023-04.csv,0,0,0
2023-04-11,25.1,29.2,20.6,0.0,1.6,6.7,1011.1,1008.5,1013.0,71,202304,C0X120-2023-04.csv,0,0,0
2023-04-12,24.8,28.6,21.8,0.0,2.1,9.8,1010.6,1008.6,1012.0,79,202304,C0X120-2023-04.csv,0,0,0
2023-04-13,24.3,29.0,21.3,0.0,2.1,7.9,1010.3,1008.5,1012.1,86,202304,C0X120-2023-04.csv,0,0,0
2023-04-14,25.8,32.0,21.5,0.0,1.6,6.7,1008.3,1004.8,1011.3,80,202304,C0X120-2023-04.csv,0,0,0
2023-04-15,27.2,30.5,24.7,0.0,1.8,9.3,1006.2,1004.1,1008.2,76,202304,C0X120-2023-04.csv,0,0,0
2023-04-16,27.0,31.6,23.5,0.0,1.3,7.0,1007.7,1006.0,1009.6,77,202304,C0X120-2023-04.csv,0,0,0
2023-04-17,27.0,30.8,23.5,0.0,1.7,7.8,1010.7,1009.0,1012.2,77,202304,C0X120-2023-04.csv,0,0,0
2023-04-18,29.2,34.3,24.2,0.0,2.3,9.1,1009.3,1006.7,1012.1,71,202304,C0X120-2023-04.csv,0,0,0
2023-04-19,28.6,32.5,27.0,4.0,3.1,11.0,1005.0,1003.1,1008.3,79,202304,C0X120-2023-04.csv,0,0,0
2023-04-20,26.8,29.7,25.0,2.5,2.2,10.6,1003.4,1001.2,1005.8,84,202304,C0X120-2023-04.csv,0,0,0
2023-04-21,25.8,29.0,24.0,0.0,1.8,6.6,1006.7,1004.0,1009.2,85,202304,C0X120-2023-04.csv,0,0,0
2023-04-22,26.2,30.5,23.3,0.0,1.6,6.7,1009.6,1007.3,1012.1,80,202304,C0X120-2023-04.csv,0,0,0
2023-04-23,26.0,31.6,22.5,0.0,2.2,8.7,1011.4,1009.8,1013.1,80,202304,C0X120-2023-04.csv,0,0,0
2023-04-24,25.3,29.8,22.2,0.0,2.6,9.5,1011.7,1009.6,1013.7,85,202304,C0X120-2023-04.csv,0,0,0
2023-04-25,25.1,30.0,21.8,0.0,2.0,8.6,1010.5,1008.6,1012.0,81,202304,C0X120-2023-04.csv,0,0,0
2023-04-26,24.1,28.5,21.6,0.0,3.0,8.6,1011.0,1009.5,1013.1,78,202304,C0X120-2023-04.csv,0,0,0
2023-04-27,24.7,29.6,20.8,0.0,2.4,9.5,1012.8,1010.8,1014.8,74,202304,C0X120-2023-04.csv,0,0,0
2023-04-28,26.4,31.8,23.1,0.0,2.6,8.8,1011.5,1009.0,1013.5,77,202304,C0X120-2023-04.csv,0,0,0
2023-04-29,27.8,32.2,24.1,0.0,1.7,7.7,1009.0,1007.2,1011.0,73,202304,C0X120-2023-04.csv,0,0,0
2023-04-30,26.1,30.0,23.0,0.0,3.0,9.4,1009.1,1007.1,1012.0,78,202304,C0X120-2023-04.csv,0,0,0
2023-05-01,25.6,31.2,21.2,0.0,2.3,7.6,1011.4,1009.8,1014.0,73,202305,C0X120-2023-05.csv,0,0,0
2023-05-02,26.4,31.3,23.0,0.0,2.0,8.7,1013.0,1011.1,1014.7,77,202305,C0X120-2023-05.csv,0,0,0
2023-05-03,26.9,32.1,23.1,0.0,1.7,7.4,1011.9,1010.5,1014.0,81,202305,C0X120-2023-05.csv,0,0,0
2023-05-04,28.6,33.5,24.1,0.0,1.8,9.3,1007.8,1005.3,1010.6,76,202305,C0X120-2023-05.csv,0,0,0
2023-05-05,29.5,34.0,26.0,0.0,2.3,12.1,1004.5,1002.2,1006.2,76,202305,C0X120-2023-05.csv,0,0,0
2023-05-06,30.4,35.0,26.5,0.0,2.4,8.2,1003.8,1001.5,1005.2,70,202305,C0X120-2023-05.csv,1,1,0
2023-05-07,27.6,29.8,23.7,33.0,1.6,7.9,1005.0,1003.2,1008.0,84,202305,C0X120-2023-05.csv,0,0,0
2023-05-08,24.9,27.8,22.0,1.0,3.0,9.2,1008.0,1005.0,1010.6,85,202305,C0X120-2023-05.csv,0,0,0
2023-05-09,23.2,26.7,21.0,0.0,2.8,6.9,1010.5,1009.0,1012.1,77,202305,C0X120-2023-05.csv,0,0,0
2023-05-10,25.1,29.2,21.5,0.0,1.5,7.3,1011.2,1009.7,1012.5,73,202305,C0X120-2023-05.csv,0,0,0
2023-05-11,26.1,30.6,23.1,0.0,1.3,7.4,1012.3,1011.1,1013.7,78,202305,C0X120-2023-05.csv,0,0,0
2023-05-12,26.4,30.0,24.5,0.0,1.6,7.5,1012.1,1010.5,1014.0,80,202305,C0X120-2023-05.csv,0,0,0
2023-05-13,25.7,28.8,23.7,0.0,1.9,8.2,1010.8,1009.1,1012.7,83,202305,C0X120-2023-05.csv,0,0,0
2023-05-14,26.1,29.1,24.2,0.0,1.7,7.3,1008.9,1007.3,1010.3,79,202305,C0X120-2023-05.csv,0,0,0
2023-05-15,25.8,28.5,24.1,1.5,0.9,5.2,1008.6,1007.1,1010.0,84,202305,C0X120-2023-05.csv,0,0,0
2023-05-16,26.3,30.0,23.8,0.0,1.4,6.8,1008.1,1006.1,1009.6,84,202305,C0X120-2023-05.csv,0,0,0
2023-05-17,28.7,33.0,24.5,0.0,1.8,8.4,1007.3,1005.5,1008.8,76,202305,C0X120-2023-05.csv,0,0,0
2023-05-18,29.3,32.0,26.7,0.0,2.3,9.0,1006.6,1004.8,1008.0,84,202305,C0X120-2023-05.csv,0,0,0
2023-05-19,28.6,32.3,25.6,9.5,2.2,9.9,1007.2,1006.0,1008.7,86,202305,C0X120-2023-05.csv,0,0,0
2023-05-20,28.8,32.8,25.6,0.0,1.8,8.2,1008.2,1006.7,1010.3,81,202305,C0X120-2023-05.csv,0,0,0
2023-05-21,29.4,33.7,25.6,0.0,2.1,8.3,1008.7,1006.8,1010.3,77,202305,C0X120-2023-05.csv,0,0,0
2023-05-22,30.1,33.6,27.0,0.0,2.1,7.1,1007.1,1005.5,1008.5,78,202305,C0X120-2023-05.csv,0,0,0
2023-05-23,27.5,31.1,25.0,9.0,1.8,8.2,1007.4,1005.6,1009.3,85,202305,C0X120-2023-05.csv,0,0,0
2023-05-24,27.2,31.5,24.7,0.5,1.4,7.0,1009.1,1008.0,1010.1,80,202305,C0X120-2023-05.csv,0,0,0
2023-05-25,28.9,33.0,25.3,0.0,1.7,8.8,1010.5,1008.6,1011.8,79,202305,C0X120-2023-05.csv,0,0,0
2023-05-26,29.3,32.5,27.0,0.0,1.7,8.4,1010.6,1008.5,1012.5,77,202305,C0X120-2023-05.csv,0,0,0
2023-05-27,28.6,31.3,27.0,0.0,2.0,8.3,1008.9,1007.5,1010.3,80,202305,C0X120-2023-05.csv,0,0,0
2023-05-28,28.7,31.7,26.5,0.0,1.7,7.8,1006.7,1004.5,1008.2,80,202305,C0X120-2023-05.csv,0,0,0
2023-05-29,29.9,33.2,26.8,0.0,1.6,8.7,1002.9,1001.0,1006.0,76,202305,C0X120-2023-05.csv,0,0,0
2023-05-30,30.5,34.2,28.1,0.0,1.6,9.0,997.8,994.6,1001.2,78,202305,C0X120-2023-05.csv,0,0,0
2023-05-31,29.6,33.2,27.6,0.0,2.8,14.1,995.5,994.0,997.0,81,202305,C0X120-2023-05.csv,0,0,0
2023-06-01,29.1,32.7,27.1,0.0,4.7,16.2,998.1,994.7,1001.8,80,202306,C0X120-2023-06.csv,0,0,0
2023-06-02,30.6,34.7,26.7,0.0,1.6,6.5,1003.7,1001.5,1006.5,79,202306,C0X120-2023-06.csv,1,0,0
2023-06-03,29.0,32.8,27.0,14.5,1.7,6.4,1007.2,1005.6,1009.0,87,202306,C0X120-2023-06.csv,0,0,0
2023-06-04,30.1,33.6,27.1,0.0,2.0,8.4,1007.8,1006.0,1008.8,78,202306,C0X120-2023-06.csv,0,0,0
2023-06-05,30.0,33.2,27.6,0.0,1.8,8.5,1007.6,1006.0,1009.7,81,202306,C0X120-2023-06.csv,0,0,0
2023-06-06,30.3,34.1,26.5,0.0,1.8,8.2,1007.4,1005.5,1009.6,78,202306,C0X120-2023-06.csv,0,0,0
2023-06-07,30.3,33.6,27.2,0.0,2.2,8.1,1008.1,1006.3,1009.3,78,202306,C0X120-2023-06.csv,0,0,0
2023-06-08,30.2,33.6,27.3,0.0,2.1,9.0,1006.3,1004.0,1008.8,79,202306,C0X120-2023-06.csv,0,0,0
2023-06-09,30.6,34.0,27.5,0.0,1.8,8.6,1003.5,1001.1,1005.6,78,202306,C0X120-2023-06.csv,0,0,0
2023-06-10,29.8,33.7,27.0,0.0,1.6,6.4,1000.9,999.0,1003.0,79,202306,C0X120-2023-06.csv,0,0,0
2023-06-11,29.1,32.6,27.6,0.5,1.5,8.5,1000.5,999.2,1001.7,84,202306,C0X120-2023-06.csv,0,0,0
2023-06-12,28.3,32.0,26.5,29.5,2.1,8.1,1000.6,999.0,1002.6,89,202306,C0X120-2023-06.csv,0,0,0
2023-06-13,28.6,33.1,26.6,8.5,2.7,10.5,1000.4,999.0,1002.1,88,202306,C0X120-2023-06.csv,0,0,0
2023-06-14,29.5,33.3,26.7,4.0,1.5,6.9,1003.3,1000.2,1006.2,84,202306,C0X120-2023-06.csv,0,0,0
2023-06-15,28.4,31.2,26.0,15.5,2.7,9.4,1006.0,1004.1,1008.5,86,202306,C0X120-2023-06.csv,0,0,0
2023-06-16,29.2,32.3,25.5,1.5,2.8,11.6,1007.5,1006.0,1009.6,81,202306,C0X120-2023-06.csv,0,0,0
2023-06-17,29.7,33.7,27.7,0.5,1.8,6.6,1009.3,1007.7,1011.0,82,202306,C0X120-2023-06.csv,0,0,0
2023-06-18,30.5,34.5,27.5,0.0,2.1,6.8,1008.4,1005.6,1010.1,80,202306,C0X120-2023-06.csv,0,0,0
2023-06-19,30.3,34.5,26.5,0.0,1.8,7.3,1006.7,1004.6,1008.8,76,202306,C0X120-2023-06.csv,0,0,0
2023-06-20,30.7,34.0,27.5,0.0,1.8,8.9,1006.1,1004.7,1007.2,78,202306,C0X120-2023-06.csv,0,0,0
2023-06-21,30.7,34.5,27.7,0.0,1.9,8.5,1006.4,1004.7,1007.3,78,202306,C0X120-2023-06.csv,0,0,0
2023-06-22,30.6,34.3,27.6,0.0,1.8,8.1,1006.5,1005.0,1007.8,78,202306,C0X120-2023-06.csv,0,0,0
2023-06-23,30.8,34.6,28.0,0.0,1.9,7.8,1006.9,1005.6,1008.1,77,202306,C0X120-2023-06.csv,1,0,0
2023-06-24,30.6,34.5,27.2,0.0,2.5,10.9,1007.2,1005.3,1009.2,75,202306,C0X120-2023-06.csv,0,0,0
2023-06-25,30.6,34.5,27.8,0.0,2.3,8.7,1007.7,1006.2,1009.3,76,202306,C0X120-2023-06.csv,0,0,0
2023-06-26,29.8,34.7,26.8,1.5,1.7,9.5,1008.1,1006.1,1010.0,80,202306,C0X120-2023-06.csv,1,0,0
2023-06-27,30.2,34.7,26.0,0.0,1.8,9.3,1009.0,1007.6,1011.1,79,202306,C0X120-2023-06.csv,1,0,0
2023-06-28,29.7,33.8,27.2,26.0,1.7,6.4,1008.6,1006.7,1010.7,83,202306,C0X120-2023-06.csv,0,0,0
2023-06-29,29.5,33.8,27.1,10.5,1.6,9.8,1006.6,1002.7,1007.8,84,202306,C0X120-2023-06.csv,0,0,0
2023-06-30,30.6,34.5,27.3,0.0,2.9,9.4,1005.5,1004.5,1006.6,78,202306,C0X120-2023-06.csv,0,0,0
2023-07-01,29.7,33.6,26.7,9.0,3.1,12.9,1007.0,1005.0,1009.5,81,202307,C0X120-2023-07.csv,0,0,0
2023-07-02,31.2,34.7,27.6,0.0,3.2,12.4,1008.8,1006.5,1011.1,74,202307,C0X120-2023-07.csv,1,0,0
2023-07-03,31.0,34.5,27.3,0.0,2.6,8.6,1009.0,1007.1,1010.7,75,202307,C0X120-2023-07.csv,0,0,0
2023-07-04,30.9,36.2,27.6,1.0,2.3,9.0,1007.9,1006.7,1009.5,75,202307,C0X120-2023-07.csv,1,1,1
2023-07-05,31.3,35.2,27.5,0.0,1.8,7.5,1007.3,1006.0,1008.5,74,202307,C0X120-2023-07.csv,1,1,1
2023-07-06,31.0,34.7,27.8,0.0,2.0,7.7,1007.7,1006.5,1009.1,76,202307,C0X120-2023-07.csv,1,0,0
2023-07-07,31.5,35.5,27.5,0.0,1.7,7.5,1008.7,1007.5,1009.8,72,202307,C0X120-2023-07.csv,1,1,1
2023-07-08,31.5,35.3,28.0,0.0,1.8,7.5,1009.1,1007.5,1010.5,73,202307,C0X120-2023-07.csv,1,1,1
2023-07-09,31.3,34.6,28.0,0.0,2.0,10.3,1008.0,1007.1,1008.8,75,202307,C0X120-2023-07.csv,1,0,0
2023-07-10,31.0,34.8,27.8,0.0,2.1,8.8,1007.0,1005.7,1008.0,77,202307,C0X120-2023-07.csv,1,1,0
2023-07-11,29.2,33.8,26.0,0.0,1.8,8.7,1007.6,1005.8,1009.0,82,202307,C0X120-2023-07.csv,0,0,0
2023-07-12,29.7,34.7,25.7,16.5,1.8,9.6,1006.9,1005.1,1008.1,81,202307,C0X120-2023-07.csv,1,0,0
2023-07-13,30.5,33.6,27.5,0.0,2.2,9.6,1004.9,1002.8,1006.8,81,202307,C0X120-2023-07.csv,0,0,0
2023-07-14,31.4,34.7,27.6,0.0,2.0,9.9,1002.0,999.3,1004.3,73,202307,C0X120-2023-07.csv,1,0,0
2023-07-15,32.0,36.1,29.6,0.0,1.7,7.7,999.4,997.3,1001.3,72,202307,C0X120-2023-07.csv,1,1,1
2023-07-16,29.9,34.3,26.7,23.0,1.3,10.2,999.4,997.0,1002.1,83,202307,C0X120-2023-07.csv,0,0,0
2023-07-17,31.1,36.0,27.5,0.0,2.0,10.2,1002.8,1000.5,1006.1,74,202307,C0X120-2023-07.csv,1,1,1
2023-07-18,30.5,35.2,27.1,4.0,1.7,7.9,1007.0,1005.5,1008.8,77,202307,C0X120-2023-07.csv,1,1,1
2023-07-19,29.8,34.5,27.3,14.0,1.7,7.5,1007.5,1006.0,1008.7,83,202307,C0X120-2023-07.csv,0,0,0
2023-07-20,29.3,34.2,26.5,1.5,2.0,7.5,1007.2,1005.0,1009.2,85,202307,C0X120-2023-07.csv,0,0,0
2023-07-21,30.4,35.0,26.2,21.0,1.7,7.6,1008.3,1006.0,1011.2,78,202307,C0X120-2023-07.csv,1,1,0
2023-07-22,30.1,34.1,25.8,9.5,1.6,6.5,1009.6,1008.0,1010.8,83,202307,C0X120-2023-07.csv,0,0,0
2023-07-23,30.1,34.0,27.5,1.0,2.0,9.0,1008.4,1006.6,1010.3,84,202307,C0X120-2023-07.csv,0,0,0
2023-07-24,30.4,33.8,27.0,0.0,2.7,9.4,1005.8,1003.5,1007.5,78,202307,C0X120-2023-07.csv,0,0,0
2023-07-25,31.2,34.6,27.6,0.0,1.7,7.6,1002.4,999.6,1005.0,76,202307,C0X120-2023-07.csv,1,0,0
2023-07-26,28.9,31.5,27.1,8.0,1.3,5.4,997.2,995.0,1000.1,89,202307,C0X120-2023-07.csv,0,0,0
2023-07-27,27.2,28.2,25.8,11.5,1.4,5.6,994.4,992.6,996.6,93,202307,C0X120-2023-07.csv,0,0,0
2023-07-28,26.3,28.3,24.2,76.5,6.5,23.0,997.5,989.1,1002.5,92,202307,C0X120-2023-07.csv,0,0,0
2023-07-29,29.9,33.6,28.0,0.0,3.0,11.2,1003.9,1001.5,1005.8,83,202307,C0X120-2023-07.csv,0,0,0
2023-07-30,28.8,33.2,27.0,5.5,2.0,8.7,1005.4,1003.8,1006.7,87,202307,C0X120-2023-07.csv,0,0,0
2023-07-31,29.2,32.8,26.8,0.0,1.6,9.4,1004.6,1002.0,1006.1,85,202307,C0X120-2023-07.csv,0,0,0
2023-08-01,29.9,33.3,27.0,0.0,2.0,8.9,1001.4,998.7,1003.8,82,202308,C0X120-2023-08.csv,0,0,0
2023-08-02,29.6,32.2,27.5,3.5,3.2,11.9,999.4,997.5,1001.3,86,202308,C0X120-2023-08.csv,0,0,0
2023-08-03,30.8,33.5,29.0,0.0,1.9,8.1,999.8,998.2,1001.3,80,202308,C0X120-2023-08.csv,0,0,0
2023-08-04,30.6,32.5,29.2,3.0,3.9,17.0,1002.2,999.8,1004.5,84,202308,C0X120-2023-08.csv,0,0,0
2023-08-05,30.6,32.5,29.5,1.0,3.0,10.9,1002.5,1001.5,1004.0,84,202308,C0X120-2023-08.csv,0,0,0
2023-08-06,30.4,32.0,29.1,2.0,2.2,11.6,1001.0,999.2,1002.3,86,202308,C0X120-2023-08.csv,0,0,0
2023-08-07,29.6,32.8,26.7,36.5,2.2,8.2,1001.1,999.1,1003.0,87,202308,C0X120-2023-08.csv,0,0,0
2023-08-08,29.4,32.5,27.3,20.5,2.1,9.2,1002.1,1000.0,1003.6,87,202308,C0X120-2023-08.csv,0,0,0
2023-08-09,29.0,32.5,26.2,13.5,2.2,6.3,1003.6,1001.8,1005.6,87,202308,C0X120-2023-08.csv,0,0,0
2023-08-10,26.7,28.6,25.5,42.0,2.3,8.6,1003.7,1002.1,1005.2,95,202308,C0X120-2023-08.csv,0,0,0
2023-08-11,28.3,32.6,25.7,27.5,2.4,8.6,1003.4,1002.0,1004.5,89,202308,C0X120-2023-08.csv,0,0,0
2023-08-12,30.1,34.5,27.0,0.0,2.8,8.9,1003.9,1002.0,1005.1,80,202308,C0X120-2023-08.csv,0,0,0
2023-08-13,29.1,32.6,27.2,6.5,2.4,9.6,1004.2,1003.0,1006.0,86,202308,C0X120-2023-08.csv,0,0,0
2023-08-14,28.8,31.1,26.6,33.5,2.1,6.5,1005.2,1004.1,1006.8,89,202308,C0X120-2023-08.csv,0,0,0
2023-08-15,29.6,32.0,27.0,3.0,1.7,10.1,1005.7,1004.2,1007.0,85,202308,C0X120-2023-08.csv,0,0,0
2023-08-16,28.8,31.8,27.2,15.0,1.9,5.8,1005.2,1003.7,1006.8,90,202308,C0X120-2023-08.csv,0,0,0
2023-08-17,27.4,28.2,26.6,4.0,2.0,8.4,1003.7,1002.2,1005.1,92,202308,C0X120-2023-08.csv,0,0,0
2023-08-18,28.3,32.0,26.1,1.0,2.8,9.0,1003.6,1001.5,1005.6,86,202308,C0X120-2023-08.csv,0,0,0
2023-08-19,28.3,30.5,26.7,1.0,2.4,9.4,1005.8,1004.0,1007.5,86,202308,C0X120-2023-08.csv,0,0,0
2023-08-20,30.2,34.1,26.5,0.0,1.9,7.2,1007.5,1005.5,1008.8,80,202308,C0X120-2023-08.csv,0,0,0
2023-08-21,30.5,34.5,27.3,0.0,1.6,7.0,1006.8,1004.5,1008.2,80,202308,C0X120-2023-08.csv,0,0,0
2023-08-22,30.4,33.7,27.2,0.0,1.6,7.0,1004.9,1002.1,1007.3,80,202308,C0X120-2023-08.csv,0,0,0
2023-08-23,30.4,34.7,27.2,0.0,1.7,8.7,1004.7,1002.7,1006.3,79,202308,C0X120-2023-08.csv,1,0,0
2023-08-24,29.7,34.6,27.5,0.0,1.5,8.6,1005.6,1004.3,1006.7,81,202308,C0X120-2023-08.csv,1,0,0
2023-08-25,29.8,34.2,26.5,0.0,1.9,8.4,1005.0,1002.5,1006.6,80,202308,C0X120-2023-08.csv,0,0,0
2023-08-26,29.4,34.5,27.0,0.0,1.7,7.3,1003.7,1001.0,1005.2,83,202308,C0X120-2023-08.csv,0,0,0
2023-08-27,28.9,33.5,26.3,0.0,1.2,7.2,1002.2,1001.0,1004.0,84,202308,C0X120-2023-08.csv,0,0,0
2023-08-28,30.0,34.3,26.0,0.0,1.5,6.9,1001.4,999.8,1003.0,77,202308,C0X120-2023-08.csv,0,0,0
2023-08-29,30.5,34.5,27.8,0.5,1.9,10.3,1001.1,998.5,1002.8,80,202308,C0X120-2023-08.csv,0,0,0
2023-08-30,30.6,34.2,27.7,0.0,1.7,5.8,998.6,996.6,1001.0,84,202308,C0X120-2023-08.csv,0,0,0
2023-08-31,28.9,33.0,27.0,1.0,1.5,9.5,1000.2,998.6,1002.3,88,202308,C0X120-2023-08.csv,0,0,0
2023-09-01,29.2,33.7,26.8,8.5,1.2,6.5,1001.0,1000.1,1002.5,87,202309,C0X120-2023-09.csv,0,0,0
2023-09-02,30.2,33.7,27.5,0.0,1.7,9.3,999.5,998.1,1001.1,84,202309,C0X120-2023-09.csv,0,0,0
2023-09-03,28.6,30.1,27.3,1.5,2.4,15.7,991.6,979.1,998.8,88,202309,C0X120-2023-09.csv,0,0,0
2023-09-04,27.3,30.1,25.8,33.5,5.2,18.6,994.3,984.8,1001.3,92,202309,C0X120-2023-09.csv,0,0,0
2023-09-05,29.3,33.2,26.5,0.0,3.3,11.8,1003.4,1000.5,1006.1,85,202309,C0X120-2023-09.csv,0,0,0
2023-09-06,29.4,34.3,26.7,5.0,2.3,7.5,1006.6,1004.6,1008.5,84,202309,C0X120-2023-09.csv,0,0,0
2023-09-07,27.9,32.3,25.7,35.0,1.8,8.4,1006.8,1005.2,1007.8,90,202309,C0X120-2023-09.csv,0,0,0
2023-09-08,26.7,30.2,24.8,67.5,2.6,8.4,1007.1,1005.7,1008.3,94,202309,C0X120-2023-09.csv,0,0,0
2023-09-09,26.1,29.0,24.7,53.5,2.9,10.2,1006.5,1005.5,1008.2,94,202309,C0X120-2023-09.csv,0,0,0
2023-09-10,26.5,28.5,24.5,60.5,2.5,8.8,1005.8,1004.2,1008.8,94,202309,C0X120-2023-09.csv,0,0,0
2023-09-11,28.1,32.2,25.5,0.0,1.4,7.2,1006.3,1004.8,1008.0,86,202309,C0X120-2023-09.csv,0,0,0
2023-09-12,28.6,32.5,25.6,0.0,1.4,6.6,1006.3,1004.5,1007.5,83,202309,C0X120-2023-09.csv,0,0,0
2023-09-13,28.9,32.0,26.3,0.0,1.3,6.0,1006.2,1005.0,1007.3,82,202309,C0X120-2023-09.csv,0,0,0
2023-09-14,29.2,33.1,26.5,0.0,1.5,6.6,1007.0,1005.8,1008.8,78,202309,C0X120-2023-09.csv,0,0,0
2023-09-15,29.0,33.5,26.6,0.0,1.2,6.8,1008.9,1006.8,1011.3,80,202309,C0X120-2023-09.csv,0,0,0
2023-09-16,29.6,34.3,26.1,0.0,1.5,7.1,1009.9,1008.2,1011.7,78,202309,C0X120-2023-09.csv,0,0,0
2023-09-17,30.0,33.2,27.3,0.0,1.4,7.1,1009.3,1007.7,1011.1,79,202309,C0X120-2023-09.csv,0,0,0
2023-09-18,30.1,33.6,27.7,0.0,1.8,8.3,1009.8,1008.5,1011.0,75,202309,C0X120-2023-09.csv,0,0,0
2023-09-19,29.9,34.0,26.3,0.0,1.3,6.8,1009.8,1008.3,1011.1,79,202309,C0X120-2023-09.csv,0,0,0
2023-09-20,30.2,33.5,26.7,0.0,1.4,7.7,1008.7,1006.6,1010.2,78,202309,C0X120-2023-09.csv,0,0,0
2023-09-21,30.5,33.7,28.3,0.0,1.7,8.2,1008.7,1007.0,1010.5,77,202309,C0X120-2023-09.csv,0,0,0
2023-09-22,30.0,34.0,27.5,0.0,1.7,7.3,1008.0,1006.0,1009.5,81,202309,C0X120-2023-09.csv,0,0,0
2023-09-23,30.3,34.0,27.1,0.0,1.7,7.5,1007.8,1006.2,1008.8,79,202309,C0X120-2023-09.csv,0,0,0
2023-09-24,30.3,33.8,27.3,0.0,1.6,7.1,1008.0,1005.5,1009.8,81,202309,C0X120-2023-09.csv,0,0,0
2023-09-25,30.6,34.0,28.3,0.0,1.8,6.5,1008.0,1005.2,1009.5,80,202309,C0X120-2023-09.csv,0,0,0
2023-09-26,30.5,34.3,27.7,0.0,1.9,7.7,1008.0,1006.5,1009.7,79,202309,C0X120-2023-09.csv,0,0,0
2023-09-27,29.4,33.5,27.5,2.0,2.0,7.6,1007.5,1006.0,1009.2,84,202309,C0X120-2023-09.csv,0,0,0
2023-09-28,29.3,34.7,26.5,1.0,1.8,8.0,1008.7,1007.1,1010.6,82,202309,C0X120-2023-09.csv,1,0,0
2023-09-29,29.9,34.3,26.8,0.0,1.6,8.2,1008.8,1007.0,1010.1,82,202309,C0X120-2023-09.csv,0,0,0
2023-09-30,30.4,34.1,27.5,0.0,1.8,7.1,1006.8,1004.7,1008.6,81,202309,C0X120-2023-09.csv,0,0,0
2023-10-01,30.5,35.0,28.2,0.0,1.6,9.0,1006.1,1004.0,1007.6,81,202310,C0X120-2023-10.csv,1,1,0
2023-10-02,29.5,34.5,26.5,0.0,3.1,9.2,1007.0,1004.8,1008.8,76,202310,C0X120-2023-10.csv,0,0,0
2023-10-03,28.1,32.3,25.5,0.0,4.0,12.3,1004.9,1002.2,1007.3,73,202310,C0X120-2023-10.csv,0,0,0
2023-10-04,27.6,28.2,26.7,0.0,7.0,22.3,1000.1,996.3,1004.5,87,202310,C0X120-2023-10.csv,0,0,0
2023-10-05,28.1,30.1,26.7,0.0,5.2,23.6,996.9,991.9,1004.0,84,202310,C0X120-2023-10.csv,0,0,0
2023-10-06,27.2,31.0,25.7,2.5,1.6,8.5,1006.9,1003.7,1008.7,90,202310,C0X120-2023-10.csv,0,0,0
2023-10-07,27.4,32.1,25.8,20.5,1.9,7.2,1008.9,1006.8,1010.7,90,202310,C0X120-2023-10.csv,0,0,0
2023-10-08,27.6,32.5,25.2,1.5,2.3,8.5,1010.9,1009.0,1013.0,88,202310,C0X120-2023-10.csv,0,0,0
2023-10-09,28.4,32.5,25.7,0.0,1.4,5.3,1012.1,1010.5,1014.0,85,202310,C0X120-2023-10.csv,0,0,0
2023-10-10,27.8,31.8,25.0,0.0,2.2,7.8,1012.3,1009.7,1014.1,84,202310,C0X120-2023-10.csv,0,0,0
2023-10-11,27.4,32.0,24.5,0.0,2.5,9.7,1012.9,1011.0,1014.7,79,202310,C0X120-2023-10.csv,0,0,0
2023-10-12,26.9,32.5,23.1,0.0,2.2,7.2,1013.5,1011.2,1015.0,78,202310,C0X120-2023-10.csv,0,0,0
2023-10-13,27.7,32.5,24.6,0.0,1.8,7.3,1011.6,1009.5,1013.5,76,202310,C0X120-2023-10.csv,0,0,0
2023-10-14,27.4,32.1,24.1,0.0,1.9,7.8,1010.1,1007.5,1011.6,78,202310,C0X120-2023-10.csv,0,0,0
2023-10-15,26.7,31.0,24.0,0.0,2.1,7.6,1010.9,1009.5,1012.5,75,202310,C0X120-2023-10.csv,0,0,0
2023-10-16,26.1,28.5,24.0,0.0,1.6,5.2,1012.8,1011.3,1014.3,76,202310,C0X120-2023-10.csv,0,0,0
2023-10-17,25.6,28.1,23.5,0.5,1.4,4.3,1014.0,1012.6,1015.8,82,202310,C0X120-2023-10.csv,0,0,0
2023-10-18,26.6,29.7,24.6,0.0,0.7,3.7,1014.7,1013.0,1016.5,82,202310,C0X120-2023-10.csv,0,0,0
2023-10-19,27.5,32.0,24.0,0.0,1.3,7.4,1013.4,1011.5,1015.0,81,202310,C0X120-2023-10.csv,0,0,0
2023-10-20,27.1,32.5,24.0,0.0,2.7,10.2,1013.0,1011.5,1014.5,82,202310,C0X120-2023-10.csv,0,0,0
2023-10-21,25.9,30.5,23.3,0.0,2.5,7.6,1014.7,1013.0,1016.5,78,202310,C0X120-2023-10.csv,0,0,0
2023-10-22,26.8,32.0,24.0,0.0,1.6,7.4,1015.3,1013.5,1016.8,79,202310,C0X120-2023-10.csv,0,0,0
2023-10-23,27.1,31.5,24.0,0.0,1.5,6.8,1014.8,1013.0,1016.5,82,202310,C0X120-2023-10.csv,0,0,0
2023-10-24,27.4,32.5,25.0,0.0,1.6,8.0,1013.8,1011.5,1016.7,85,202310,C0X120-2023-10.csv,0,0,0
2023-10-25,27.6,32.0,25.1,0.0,1.9,6.9,1012.6,1010.5,1014.0,84,202310,C0X120-2023-10.csv,0,0,0
2023-10-26,27.4,31.2,24.7,0.0,1.1,7.1,1012.2,1010.7,1013.6,83,202310,C0X120-2023-10.csv,0,0,0
2023-10-27,26.9,31.0,23.5,0.0,1.8,7.6,1011.8,1010.1,1013.5,81,202310,C0X120-2023-10.csv,0,0,0
2023-10-28,26.8,31.0,24.2,0.0,1.5,8.6,1012.2,1010.5,1013.8,81,202310,C0X120-2023-10.csv,0,0,0
2023-10-29,26.3,30.5,23.5,0.0,1.7,7.4,1013.2,1011.2,1015.0,79,202310,C0X120-2023-10.csv,0,0,0
2023-10-30,26.0,31.0,23.1,0.0,2.6,9.6,1014.0,1011.7,1015.7,77,202310,C0X120-2023-10.csv,0,0,0
2023-10-31,26.3,30.6,22.2,0.0,1.9,6.8,1014.9,1013.0,1016.3,80,202310,C0X120-2023-10.csv,0,0,0
2023-11-01,27.0,32.5,23.5,0.0,1.1,6.6,1014.6,1013.0,1016.2,80,202311,C0X120-2023-11.csv,0,0,0
2023-11-02,26.7,31.5,23.8,0.0,1.5,7.8,1012.9,1011.5,1014.7,82,202311,C0X120-2023-11.csv,0,0,0
2023-11-03,26.1,30.0,23.3,0.0,1.8,8.0,1011.5,1009.5,1013.1,85,202311,C0X120-2023-11.csv,0,0,0
2023-11-04,26.4,32.0,22.5,0.0,1.8,7.8,1011.9,1010.2,1013.5,81,202311,C0X120-2023-11.csv,0,0,0
2023-11-05,27.5,33.1,23.3,0.0,1.0,7.3,1012.5,1010.6,1014.0,75,202311,C0X120-2023-11.csv,0,0,0
2023-11-06,27.6,32.2,24.1,0.0,1.9,8.7,1012.9,1011.0,1014.7,76,202311,C0X120-2023-11.csv,0,0,0
2023-11-07,26.4,30.7,23.7,0.0,2.4,8.7,1014.0,1012.3,1015.7,79,202311,C0X120-2023-11.csv,0,0,0
2023-11-08,26.4,31.7,22.7,0.0,1.5,6.3,1013.7,1012.0,1015.2,76,202311,C0X120-2023-11.csv,0,0,0
2023-11-09,26.8,31.5,24.2,0.0,1.3,7.0,1013.7,1011.5,1015.1,84,202311,C0X120-2023-11.csv,0,0,0
2023-11-10,27.8,33.3,24.5,0.0,2.2,8.8,1014.1,1011.8,1015.6,79,202311,C0X120-2023-11.csv,0,0,0
2023-11-11,25.9,30.8,23.0,0.0,2.9,8.8,1014.9,1012.5,1016.6,82,202311,C0X120-2023-11.csv,0,0,0
2023-11-12,24.4,28.0,22.1,0.0,3.3,9.2,1016.4,1014.2,1018.3,80,202311,C0X120-2023-11.csv,0,0,0
2023-11-13,22.3,26.5,19.7,0.0,3.5,9.8,1018.6,1016.5,1021.0,75,202311,C0X120-2023-11.csv,0,0,0
2023-11-14,22.5,27.2,19.6,0.0,2.1,7.6,1019.3,1017.1,1021.6,75,202311,C0X120-2023-11.csv,0,0,0
2023-11-15,24.1,29.0,19.7,0.0,1.3,6.6,1018.6,1016.2,1020.5,79,202311,C0X120-2023-11.csv,0,0,0
2023-11-16,24.3,29.7,20.7,0.0,3.4,12.2,1018.9,1016.5,1021.0,81,202311,C0X120-2023-11.csv,0,0,0
2023-11-17,19.7,23.8,16.0,0.0,4.9,14.9,1019.2,1017.1,1020.6,64,202311,C0X120-2023-11.csv,0,0,0
2023-11-18,18.8,24.3,15.0,0.0,2.8,8.5,1019.2,1016.6,1021.3,56,202311,C0X120-2023-11.csv,0,0,0
2023-11-19,20.1,26.2,14.1,0.0,1.4,5.6,1017.7,1015.0,1019.7,70,202311,C0X120-2023-11.csv,0,0,0
2023-11-20,21.9,26.3,17.6,0.0,1.4,6.1,1016.3,1014.3,1018.0,75,202311,C0X120-2023-11.csv,0,0,0
2023-11-21,22.7,28.0,18.1,0.0,1.5,7.0,1014.8,1012.1,1017.0,76,202311,C0X120-2023-11.csv,0,0,0
2023-11-22,22.6,27.8,17.8,0.0,1.6,6.6,1013.6,1011.5,1015.3,77,202311,C0X120-2023-11.csv,0,0,0
2023-11-23,22.9,28.7,18.2,0.0,1.8,8.6,1013.7,1012.0,1015.5,78,202311,C0X120-2023-11.csv,0,0,0
2023-11-24,22.5,29.1,18.3,0.0,1.7,7.6,1016.2,1014.0,1018.1,77,202311,C0X120-2023-11.csv,0,0,0
2023-11-25,22.4,27.3,17.8,0.0,1.2,6.1,1017.6,1015.8,1019.5,76,202311,C0X120-2023-11.csv,0,0,0
2023-11-26,21.9,27.0,18.0,0.0,2.2,9.4,1016.4,1013.6,1018.5,82,202311,C0X120-2023-11.csv,0,0,0
2023-11-27,22.6,27.6,18.7,0.0,2.6,8.9,1014.6,1012.8,1016.1,80,202311,C0X120-2023-11.csv,0,0,0
2023-11-28,24.1,29.7,19.0,0.0,1.8,6.7,1015.4,1013.5,1017.6,75,202311,C0X120-2023-11.csv,0,0,0
2023-11-29,25.4,29.0,23.0,0.0,1.8,7.0,1016.3,1014.6,1017.8,75,202311,C0X120-2023-11.csv,0,0,0
2023-11-30,23.9,28.0,21.2,0.0,3.0,8.4,1017.0,1014.6,1018.5,81,202311,C0X120-2023-11.csv,0,0,0
2023-12-01,21.2,24.5,18.6,0.0,3.4,8.7,1017.9,1016.2,1019.6,82,202312,C0X120-2023-12.csv,0,0,0
2023-12-02,20.5,26.5,18.0,0.0,3.0,9.0,1018.5,1015.6,1020.6,81,202312,C0X120-2023-12.csv,0,0,0
2023-12-03,21.5,25.0,18.8,0.0,2.8,7.7,1017.3,1015.6,1019.1,84,202312,C0X120-2023-12.csv,0,0,0
2023-12-04,23.5,25.8,19.6,0.0,3.4,10.3,1013.5,1011.7,1016.2,81,202312,C0X120-2023-12.csv,0,0,0
2023-12-05,22.6,27.2,20.3,0.0,3.6,9.7,1012.5,1010.0,1014.1,84,202312,C0X120-2023-12.csv,0,0,0
2023-12-06,21.9,25.0,20.5,0.0,3.3,9.8,1013.8,1012.0,1015.3,81,202312,C0X120-2023-12.csv,0,0,0
2023-12-07,22.4,28.0,18.2,0.0,1.8,6.4,1013.8,1011.7,1015.5,69,202312,C0X120-2023-12.csv,0,0,0
2023-12-08,22.6,27.1,19.1,0.0,1.4,5.5,1014.4,1012.6,1016.5,78,202312,C0X120-2023-12.csv,0,0,0
2023-12-09,23.8,29.1,19.0,0.0,1.7,7.6,1013.0,1011.0,1015.7,72,202312,C0X120-2023-12.csv,0,0,0
2023-12-10,25.2,30.5,21.6,0.0,2.0,7.6,1011.8,1009.5,1014.0,75,202312,C0X120-2023-12.csv,0,0,0
2023-12-11,26.2,29.5,24.2,0.0,1.2,6.2,1012.4,1011.0,1014.0,84,202312,C0X120-2023-12.csv,0,0,0
2023-12-12,24.9,29.0,21.5,0.0,2.6,8.3,1013.9,1012.2,1016.3,85,202312,C0X120-2023-12.csv,0,0,0
2023-12-13,23.3,28.3,20.0,0.0,2.4,6.4,1016.8,1015.2,1018.5,84,202312,C0X120-2023-12.csv,0,0,0
2023-12-14,23.7,28.0,21.8,0.0,1.7,6.7,1017.1,1015.0,1019.0,89,202312,C0X120-2023-12.csv,0,0,0
2023-12-15,24.9,30.3,21.2,0.0,1.5,6.7,1014.6,1012.0,1016.3,83,202312,C0X120-2023-12.csv,0,0,0
2023-12-16,21.0,25.5,15.0,0.0,3.7,12.4,1016.7,1014.0,1020.8,80,202312,C0X120-2023-12.csv,0,0,0
2023-12-17,17.4,21.0,14.5,0.0,2.8,9.4,1020.8,1018.5,1023.0,75,202312,C0X120-2023-12.csv,0,0,0
2023-12-18,20.6,25.2,16.8,0.0,2.6,10.4,1019.2,1016.5,1021.3,81,202312,C0X120-2023-12.csv,0,0,0
2023-12-19,21.6,26.5,18.5,0.0,3.4,10.0,1017.2,1014.5,1019.0,85,202312,C0X120-2023-12.csv,0,0,0
2023-12-20,18.3,21.2,16.1,0.0,3.6,9.1,1017.5,1015.6,1019.0,81,202312,C0X120-2023-12.csv,0,0,0
2023-12-21,15.4,17.5,12.6,0.0,4.0,10.3,1020.6,1017.7,1024.6,80,202312,C0X120-2023-12.csv,0,0,0
2023-12-22,13.6,17.0,11.5,0.0,3.9,12.7,1025.1,1023.3,1027.0,71,202312,C0X120-2023-12.csv,0,0,0
2023-12-23,16.6,20.1,13.0,0.0,1.8,4.7,1024.6,1022.7,1026.1,76,202312,C0X120-2023-12.csv,0,0,0
2023-12-24,16.8,22.1,13.0,0.0,3.6,13.0,1023.2,1020.6,1024.5,81,202312,C0X120-2023-12.csv,0,0,0
2023-12-25,15.8,22.5,11.5,0.0,2.8,8.5,1022.4,1020.0,1024.3,75,202312,C0X120-2023-12.csv,0,0,0
2023-12-26,17.6,23.3,11.6,0.0,1.7,5.2,1021.9,1020.0,1024.0,78,202312,C0X120-2023-12.csv,0,0,0
2023-12-27,20.7,24.2,18.7,0.0,2.3,7.5,1021.0,1019.2,1023.1,88,202312,C0X120-2023-12.csv,0,0,0
2023-12-28,19.7,21.2,18.6,12.0,2.5,8.2,1020.1,1018.0,1021.8,96,202312,C0X120-2023-12.csv,0,0,0
2023-12-29,19.9,25.5,17.0,0.0,2.5,7.6,1018.0,1015.8,1020.0,91,202312,C0X120-2023-12.csv,0,0,0
2023-12-30,20.4,24.5,17.8,0.0,1.6,5.2,1015.5,1013.7,1017.8,93,202312,C0X120-2023-12.csv,0,0,0
2023-12-31,21.8,28.0,18.5,0.0,2.9,9.6,1015.0,1013.2,1016.8,82,202312,C0X120-2023-12.csv,0,0,0
2024-01-01,18.7,23.2,16.1,0.0,3.1,8.4,1017.1,1015.5,1019.0,77,202401,C0X120-2024-01.csv,0,0,0
2024-01-02,19.3,25.7,14.8,0.0,1.9,7.3,1016.1,1013.5,1018.0,82,202401,C0X120-2024-01.csv,0,0,0
2024-01-03,18.7,23.0,14.3,0.0,4.3,15.0,1016.2,1014.0,1017.8,83,202401,C0X120-2024-01.csv,0,0,0
2024-01-04,17.3,22.7,12.7,0.0,1.8,6.7,1017.7,1016.2,1019.5,77,202401,C0X120-2024-01.csv,0,0,0
2024-01-05,18.8,,,0.0,2.1,6.9,1018.4,1016.5,1020.3,83,202401,C0X120-2024-01.csv,0,0,0
2024-01-06,19.0,24.8,15.1,0.0,1.9,7.8,1018.0,1015.5,1020.2,83,202401,C0X120-2024-01.csv,0,0,0
2024-01-07,18.8,24.5,15.5,0.0,2.8,8.1,1018.9,1017.3,1021.8,79,202401,C0X120-2024-01.csv,0,0,0
2024-01-08,18.6,27.0,17.3,0.0,2.2,6.6,1016.6,1013.5,1016.0,82,202401,C0X120-2024-01.csv,0,0,0
2024-01-09,20.4,25.6,16.5,0.0,3.1,10.1,1012.9,1010.0,1015.4,85,202401,C0X120-2024-01.csv,0,0,0
2024-01-10,18.9,23.7,15.0,0.0,3.9,14.5,1014.0,1012.4,1015.7,74,202401,C0X120-2024-01.csv,0,0,0
2024-01-11,16.9,22.7,12.2,0.0,1.9,6.4,1015.9,1014.4,1017.6,65,202401,C0X120-2024-01.csv,0,0,0
2024-01-12,18.2,25.1,13.8,0.0,1.3,6.8,1015.6,1013.4,1017.4,77,202401,C0X120-2024-01.csv,0,0,0
2024-01-13,19.2,25.3,14.2,0.0,1.4,6.2,1016.5,1014.6,1018.2,76,202401,C0X120-2024-01.csv,0,0,0
2024-01-14,19.6,24.6,16.0,0.0,1.8,7.0,1017.8,1016.4,1019.7,79,202401,C0X120-2024-01.csv,0,0,0
2024-01-15,19.3,25.0,15.3,0.0,2.3,8.3,1017.6,1015.5,1019.4,83,202401,C0X120-2024-01.csv,0,0,0
2024-01-16,18.9,23.8,15.0,0.0,2.6,8.2,1018.4,1016.5,1020.5,82,202401,C0X120-2024-01.csv,0,0,0
2024-01-17,20.1,26.2,15.2,0.0,1.5,5.3,1017.0,1014.4,1019.0,83,202401,C0X120-2024-01.csv,0,0,0
2024-01-18,20.9,26.5,17.2,0.0,1.7,6.7,1014.6,1011.9,1017.0,87,202401,C0X120-2024-01.csv,0,0,0
2024-01-19,22.4,28.5,19.7,0.0,2.0,6.7,1012.8,1010.4,1014.7,85,202401,C0X120-2024-01.csv,0,0,0
2024-01-20,21.8,26.5,19.2,0.0,2.9,9.0,1012.4,1010.6,1014.2,88,202401,C0X120-2024-01.csv,0,0,0
2024-01-21,19.8,25.5,16.2,0.0,3.6,11.9,1015.2,1012.7,1018.0,82,202401,C0X120-2024-01.csv,0,0,0
2024-01-22,16.3,21.0,12.7,0.0,3.8,10.2,1017.7,1015.1,1019.6,83,202401,C0X120-2024-01.csv,0,0,0
2024-01-23,10.8,13.2,8.6,0.5,4.6,15.4,1022.1,1019.0,1024.1,87,202401,C0X120-2024-01.csv,0,0,0
2024-01-24,13.4,18.3,10.0,0.0,2.4,6.8,1023.0,1021.1,1024.7,78,202401,C0X120-2024-01.csv,0,0,0
2024-01-25,14.9,19.7,12.5,0.0,2.6,7.7,1023.4,1021.5,1025.4,80,202401,C0X120-2024-01.csv,0,0,0
2024-01-26,15.8,21.5,12.0,0.0,2.6,9.1,1022.7,1020.3,1024.9,82,202401,C0X120-2024-01.csv,0,0,0
2024-01-27,16.5,22.7,12.8,0.0,2.8,9.3,1021.3,1018.9,1023.1,82,202401,C0X120-2024-01.csv,0,0,0
2024-01-28,16.8,22.2,13.3,0.0,3.3,8.9,1021.4,1019.0,1023.1,79,202401,C0X120-2024-01.csv,0,0,0
2024-01-29,18.4,24.0,14.5,0.0,2.8,9.0,1019.9,1016.5,1022.2,85,202401,C0X120-2024-01.csv,0,0,0
2024-01-30,20.3,25.7,17.7,0.0,2.4,7.4,1018.2,1016.1,1020.6,88,202401,C0X120-2024-01.csv,0,0,0
2024-01-31,22.2,27.7,18.0,0.0,1.2,6.7,1016.6,1014.1,1019.0,84,202401,C0X120-2024-01.csv,0,0,0
2024-02-01,22.6,28.7,17.0,0.0,1.2,6.2,1015.4,1013.3,1017.6,82,202402,C0X120-2024-02.csv,0,0,0
2024-02-02,22.0,26.6,18.3,0.0,2.2,7.9,1015.5,1013.6,1016.9,85,202402,C0X120-2024-02.csv,0,0,0
2024-02-03,21.1,26.5,18.2,0.0,2.0,6.5,1015.7,1013.8,1017.7,88,202402,C0X120-2024-02.csv,0,0,0
2024-02-04,21.5,27.0,19.2,0.5,2.2,7.8,1014.4,1011.5,1016.6,91,202402,C0X120-2024-02.csv,0,0,0
2024-02-05,20.8,27.0,17.5,0.0,3.2,10.4,1015.3,1012.7,1017.2,84,202402,C0X120-2024-02.csv,0,0,0
2024-02-06,19.9,25.1,17.8,0.0,2.8,8.2,1016.6,1014.5,1019.2,86,202402,C0X120-2024-02.csv,0,0,0
2024-02-07,18.6,22.5,15.2,0.0,3.4,11.2,1013.7,1011.0,1015.9,87,202402,C0X120-2024-02.csv,0,0,0
2024-02-08,17.0,21.2,14.5,0.5,3.0,7.8,1013.6,1011.3,1015.9,88,202402,C0X120-2024-02.csv,0,0,0
2024-02-09,15.2,18.6,13.5,4.0,3.8,9.8,1018.4,1015.6,1021.0,88,202402,C0X120-2024-02.csv,0,0,0
2024-02-10,16.3,21.0,13.1,0.0,3.1,7.2,1021.0,1019.1,1022.7,77,202402,C0X120-2024-02.csv,0,0,0
2024-02-11,17.2,24.3,12.3,0.0,2.9,8.3,1022.6,1020.7,1024.5,65,202402,C0X120-2024-02.csv,0,0,0
2024-02-12,17.3,23.5,12.6,0.0,1.8,7.2,1022.9,1021.3,1024.5,76,202402,C0X120-2024-02.csv,0,0,0
2024-02-13,18.8,25.2,13.1,0.0,1.6,7.8,1020.5,1017.4,1023.1,73,202402,C0X120-2024-02.csv,0,0,0
2024-02-14,21.3,28.6,15.0,0.0,1.3,6.1,1017.2,1014.5,1020.0,64,202402,C0X120-2024-02.csv,0,0,0
2024-02-15,23.1,29.3,18.0,0.0,1.5,7.4,1015.4,1012.8,1017.2,72,202402,C0X120-2024-02.csv,0,0,0
2024-02-16,19.3,23.6,16.7,0.0,3.0,8.7,1016.6,1014.7,1018.6,87,202402,C0X120-2024-02.csv,0,0,0
2024-02-17,19.7,25.6,16.6,0.0,2.1,7.3,1014.9,1012.7,1016.7,86,202402,C0X120-2024-02.csv,0,0,0
2024-02-18,23.5,30.0,17.5,0.0,2.0,8.7,1013.3,1011.3,1015.6,77,202402,C0X120-2024-02.csv,0,0,0
2024-02-19,26.1,31.2,20.8,0.0,1.8,7.1,1013.1,1011.8,1015.0,77,202402,C0X120-2024-02.csv,0,0,0
2024-02-20,26.6,31.6,23.0,0.0,2.1,9.7,1012.9,1010.7,1014.8,79,202402,C0X120-2024-02.csv,0,0,0
2024-02-21,26.4,32.1,20.5,0.0,1.7,9.4,1012.4,1009.8,1013.9,71,202402,C0X120-2024-02.csv,0,0,0
2024-02-22,24.5,30.2,21.1,0.0,2.4,8.0,1014.3,1012.2,1016.2,79,202402,C0X120-2024-02.csv,0,0,0
2024-02-23,21.5,26.8,17.6,0.0,3.9,11.3,1016.5,1014.3,1018.1,80,202402,C0X120-2024-02.csv,0,0,0
2024-02-24,21.1,25.3,17.2,0.0,3.1,9.2,1017.0,1015.5,1018.5,79,202402,C0X120-2024-02.csv,0,0,0
2024-02-25,19.2,23.3,16.1,0.0,3.5,10.6,1016.8,1014.7,1017.8,84,202402,C0X120-2024-02.csv,0,0,0
2024-02-26,17.2,22.8,14.5,0.0,2.9,9.4,1017.7,1016.1,1019.8,81,202402,C0X120-2024-02.csv,0,0,0
2024-02-27,17.9,23.0,15.0,0.0,3.2,7.3,1017.4,1015.3,1019.8,81,202402,C0X120-2024-02.csv,0,0,0
2024-02-28,20.4,27.5,15.6,0.0,2.1,7.0,1015.4,1011.7,1017.7,81,202402,C0X120-2024-02.csv,0,0,0
2024-02-29,22.2,30.2,17.5,0.0,2.5,7.6,1013.8,1010.9,1015.9,82,202402,C0X120-2024-02.csv,0,0,0
2024-03-01,16.7,20.0,14.1,0.0,3.8,10.8,1015.4,1013.1,1017.9,82,202403,C0X120-2024-03.csv,0,0,0
2024-03-02,14.3,15.6,13.0,1.0,2.8,8.2,1016.8,1014.9,1018.7,88,202403,C0X120-2024-03.csv,0,0,0
2024-03-03,18.0,24.5,13.7,0.0,2.3,7.2,1014.9,1011.5,1018.0,84,202403,C0X120-2024-03.csv,0,0,0
2024-03-04,22.0,28.2,16.5,0.0,1.4,7.5,1011.3,1007.1,1014.0,81,202403,C0X120-2024-03.csv,0,0,0
2024-03-05,27.2,31.1,24.0,0.0,2.1,7.6,1007.9,1005.2,1010.0,73,202403,C0X120-2024-03.csv,0,0,0
2024-03-06,25.5,30.3,19.0,0.0,2.0,7.5,1008.1,1006.2,1010.7,77,202403,C0X120-2024-03.csv,0,0,0
2024-03-07,17.8,19.5,15.8,6.5,3.0,8.0,1012.3,1009.6,1014.7,86,202403,C0X120-2024-03.csv,0,0,0
2024-03-08,18.0,23.7,15.1,0.0,3.1,9.9,1014.6,1012.4,1016.4,69,202403,C0X120-2024-03.csv,0,0,0
2024-03-09,16.9,21.8,14.0,0.0,2.5,7.9,1016.4,1013.3,1018.5,63,202403,C0X120-2024-03.csv,0,0,0
2024-03-10,17.9,22.8,15.1,0.0,2.2,7.0,1018.6,1016.7,1021.7,78,202403,C0X120-2024-03.csv,0,0,0
2024-03-11,19.5,23.6,17.5,0.5,2.3,8.3,1014.9,1011.8,1019.2,90,202403,C0X120-2024-03.csv,0,0,0
2024-03-12,20.6,26.1,17.3,0.0,3.2,11.0,1014.0,1012.2,1016.0,74,202403,C0X120-2024-03.csv,0,0,0
2024-03-13,21.3,25.7,17.6,0.0,2.1,7.9,1015.8,1014.4,1017.7,75,202403,C0X120-2024-03.csv,0,0,0
2024-03-14,20.6,27.1,17.8,0.0,2.0,7.5,1015.0,1011.9,1018.1,84,202403,C0X120-2024-03.csv,0,0,0
2024-03-15,21.9,29.5,18.2,0.0,2.0,8.5,1015.1,1013.2,1016.5,83,202403,C0X120-2024-03.csv,0,0,0
2024-03-16,23.6,30.5,18.5,0.0,1.6,7.3,1014.9,1012.8,1017.3,79,202403,C0X120-2024-03.csv,0,0,0
2024-03-17,25.2,30.1,21.1,0.0,1.8,6.8,1013.1,1010.7,1015.5,79,202403,C0X120-2024-03.csv,0,0,0
2024-03-18,22.6,26.8,19.8,0.0,3.0,8.8,1013.0,1010.5,1015.1,86,202403,C0X120-2024-03.csv,0,0,0
2024-03-19,19.8,23.3,16.5,0.0,3.9,13.7,1015.1,1012.3,1016.9,78,202403,C0X120-2024-03.csv,0,0,0
2024-03-20,20.9,26.0,16.3,0.0,2.4,8.8,1017.0,1015.3,1018.5,59,202403,C0X120-2024-03.csv,0,0,0
2024-03-21,21.4,25.6,17.5,0.0,1.7,8.3,1014.5,1012.0,1017.3,71,202403,C0X120-2024-03.csv,0,0,0
2024-03-22,23.7,29.2,18.1,0.0,1.0,6.2,1011.4,1009.0,1013.7,71,202403,C0X120-2024-03.csv,0,0,0
2024-03-23,26.7,31.6,21.7,0.0,2.9,10.5,1010.9,1009.0,1012.5,75,202403,C0X120-2024-03.csv,0,0,0
2024-03-24,28.0,32.7,24.1,0.0,1.8,7.8,1012.7,1010.7,1014.9,79,202403,C0X120-2024-03.csv,0,0,0
2024-03-25,27.9,32.0,25.0,0.0,2.0,10.5,1011.4,1009.3,1013.1,81,202403,C0X120-2024-03.csv,0,0,0
2024-03-26,26.3,30.5,22.5,0.0,2.1,8.5,1013.4,1011.1,1016.0,82,202403,C0X120-2024-03.csv,0,0,0
2024-03-27,24.4,30.0,20.6,0.0,2.6,7.4,1014.9,1012.4,1017.5,76,202403,C0X120-2024-03.csv,0,0,0
2024-03-28,26.3,31.2,22.5,0.0,1.3,9.5,1010.2,1007.2,1013.5,81,202403,C0X120-2024-03.csv,0,0,0
2024-03-29,26.5,30.1,23.8,0.0,1.6,6.2,1010.4,1008.8,1012.3,82,202403,C0X120-2024-03.csv,0,0,0
2024-03-30,27.3,30.7,24.1,0.5,1.5,7.5,1011.3,1009.6,1013.1,83,202403,C0X120-2024-03.csv,0,0,0
2024-03-31,27.5,31.5,24.0,5.5,1.8,7.8,1009.4,1007.3,1010.7,79,202403,C0X120-2024-03.csv,0,0,0
2024-04-01,26.7,31.0,21.2,58.5,1.3,22.3,1009.2,1006.9,1012.2,85,202404,C0X120-2024-04.csv,0,0,0
2024-04-02,28.1,31.6,24.5,0.0,2.2,10.3,1008.1,1006.7,1010.2,82,202404,C0X120-2024-04.csv,0,0,0
2024-04-03,28.7,33.2,25.7,0.0,2.0,9.2,1008.9,1006.5,1011.4,77,202404,C0X120-2024-04.csv,0,0,0
2024-04-04,28.4,33.7,24.3,0.0,1.8,7.8,1009.4,1006.5,1013.0,76,202404,C0X120-2024-04.csv,0,0,0
2024-04-05,26.0,31.0,23.0,0.0,2.4,10.1,1010.1,1008.0,1012.6,81,202404,C0X120-2024-04.csv,0,0,0
2024-04-06,26.3,30.6,23.0,0.0,2.4,8.7,1010.3,1008.5,1012.6,80,202404,C0X120-2024-04.csv,0,0,0
2024-04-07,27.4,32.8,23.5,0.0,2.0,7.8,1008.3,1005.8,1009.8,81,202404,C0X120-2024-04.csv,0,0,0
2024-04-08,27.1,32.5,24.7,0.0,2.1,7.9,1008.9,1007.0,1010.5,85,202404,C0X120-2024-04.csv,0,0,0
2024-04-09,24.0,27.8,21.6,0.0,2.8,7.9,1011.3,1008.9,1013.5,83,202404,C0X120-2024-04.csv,0,0,0
2024-04-10,24.7,28.5,21.5,0.0,2.0,8.8,1012.9,1011.2,1014.5,82,202404,C0X120-2024-04.csv,0,0,0
2024-04-11,26.3,30.5,23.3,0.0,1.7,8.2,1012.3,1010.3,1014.0,84,202404,C0X120-2024-04.csv,0,0,0
2024-04-12,27.7,32.5,24.3,0.0,1.4,6.9,1010.2,1008.1,1011.8,80,202404,C0X120-2024-04.csv,0,0,0
2024-04-13,27.8,31.8,25.1,0.0,1.4,7.1,1009.0,1007.8,1010.1,81,202404,C0X120-2024-04.csv,0,0,0
2024-04-14,28.7,33.0,25.1,0.0,1.9,9.4,1009.3,1007.7,1010.9,81,202404,C0X120-2024-04.csv,0,0,0
2024-04-15,28.3,32.0,26.0,0.0,1.4,5.9,1009.8,1008.1,1010.9,83,202404,C0X120-2024-04.csv,0,0,0
2024-04-16,27.9,31.7,24.5,0.0,1.6,7.0,1008.8,1007.6,1010.3,82,202404,C0X120-2024-04.csv,0,0,0
2024-04-17,28.1,32.6,24.6,0.0,1.7,9.0,1007.4,1005.0,1009.9,80,202404,C0X120-2024-04.csv,0,0,0
2024-04-18,29.0,32.3,25.7,0.0,1.7,8.5,1006.0,1004.4,1007.9,76,202404,C0X120-2024-04.csv,0,0,0
2024-04-19,28.0,32.0,24.6,0.0,2.1,8.6,1006.8,1005.0,1008.3,80,202404,C0X120-2024-04.csv,0,0,0
2024-04-20,28.8,32.5,25.0,0.0,2.3,10.0,1006.4,1003.8,1008.6,77,202404,C0X120-2024-04.csv,0,0,0
2024-04-21,29.4,35.0,24.1,0.0,2.0,8.7,1007.3,1005.8,1009.3,72,202404,C0X120-2024-04.csv,1,1,0
2024-04-22,29.5,34.7,26.3,0.0,1.9,8.4,1006.6,1004.7,1008.0,76,202404,C0X120-2024-04.csv,1,0,0
2024-04-23,29.1,32.2,26.6,0.0,1.3,7.6,1006.1,1004.9,1007.2,76,202404,C0X120-2024-04.csv,0,0,0
2024-04-24,27.5,31.2,25.5,2.0,1.1,7.7,1006.5,1005.4,1007.8,85,202404,C0X120-2024-04.csv,0,0,0
2024-04-25,24.9,28.0,23.3,67.0,1.9,9.2,1006.2,1005.0,1008.0,95,202404,C0X120-2024-04.csv,0,0,0
2024-04-26,24.5,25.6,22.0,39.0,2.8,9.4,1004.9,1002.2,1008.3,90,202404,C0X120-2024-04.csv,0,0,0
2024-04-27,26.1,29.1,24.0,0.5,3.0,12.5,1006.1,1002.9,1009.4,86,202404,C0X120-2024-04.csv,0,0,0
2024-04-28,25.8,29.1,22.2,14.0,1.9,8.1,1008.3,1004.2,1012.0,87,202404,C0X120-2024-04.csv,0,0,0
2024-04-29,28.4,32.7,24.0,0.0,1.2,5.8,1007.0,1004.8,1009.7,81,202404,C0X120-2024-04.csv,0,0,0
2024-04-30,28.0,34.0,24.7,0.5,2.2,11.5,1004.6,1002.7,1006.5,81,202404,C0X120-2024-04.csv,0,0,0
2024-05-01,25.9,31.0,22.3,26.0,2.3,10.2,1006.7,1004.0,1009.0,85,202405,C0X120-2024-05.csv,0,0,0
2024-05-02,26.1,31.1,23.2,0.0,2.7,8.6,1009.0,1006.9,1010.4,86,202405,C0X120-2024-05.csv,0,0,0
2024-05-03,26.2,31.5,22.5,0.0,2.2,8.3,1009.3,1007.2,1011.2,83,202405,C0X120-2024-05.csv,0,0,0
2024-05-04,27.4,32.5,24.0,0.0,1.8,7.3,1007.3,1005.4,1009.2,83,202405,C0X120-2024-05.csv,0,0,0
2024-05-05,28.3,33.0,25.3,0.0,1.6,7.4,1007.0,1005.2,1008.6,87,202405,C0X120-2024-05.csv,0,0,0
2024-05-06,28.9,33.0,26.3,0.0,1.7,7.3,1008.6,1007.0,1010.0,81,202405,C0X120-2024-05.csv,0,0,0
2024-05-07,28.1,32.5,25.6,0.0,1.9,6.8,1009.9,1008.2,1011.1,84,202405,C0X120-2024-05.csv,0,0,0
2024-05-08,28.2,32.3,25.5,0.0,1.7,9.0,1009.7,1007.9,1010.9,78,202405,C0X120-2024-05.csv,0,0,0
2024-05-09,27.0,31.0,23.6,0.0,1.9,8.8,1011.2,1009.2,1013.3,76,202405,C0X120-2024-05.csv,0,0,0
2024-05-10,26.4,31.0,22.5,0.0,1.8,8.8,1012.3,1011.1,1013.5,77,202405,C0X120-2024-05.csv,0,0,0
2024-05-11,28.1,31.8,24.8,0.0,1.4,7.1,1011.0,1008.9,1013.2,71,202405,C0X120-2024-05.csv,0,0,0
2024-05-12,29.5,34.5,26.5,0.0,1.4,6.9,1008.3,1005.8,1010.1,73,202405,C0X120-2024-05.csv,0,0,0
2024-05-13,26.0,29.5,22.0,0.0,3.5,9.5,1007.4,1005.5,1009.0,80,202405,C0X120-2024-05.csv,0,0,0
2024-05-14,25.1,30.3,21.3,0.0,2.1,7.4,1009.4,1008.0,1011.1,74,202405,C0X120-2024-05.csv,0,0,0
2024-05-15,26.1,31.1,21.8,0.0,2.1,8.3,1010.5,1009.1,1012.0,74,202405,C0X120-2024-05.csv,0,0,0
2024-05-16,26.7,31.5,23.3,0.0,2.1,7.6,1010.4,1008.5,1011.8,66,202405,C0X120-2024-05.csv,0,0,0
2024-05-17,26.2,30.0,24.3,0.0,2.0,6.9,1009.1,1007.3,1010.9,76,202405,C0X120-2024-05.csv,0,0,0
2024-05-18,25.7,29.5,23.2,0.0,2.3,7.0,1006.5,1004.7,1008.4,83,202405,C0X120-2024-05.csv,0,0,0
2024-05-19,27.7,31.2,25.0,0.0,1.0,5.2,1005.1,1003.8,1006.6,75,202405,C0X120-2024-05.csv,0,0,0
2024-05-20,27.8,30.8,25.3,0.0,1.3,5.5,1005.6,1004.0,1007.7,85,202405,C0X120-2024-05.csv,0,0,0
2024-05-21,28.8,32.8,24.6,3.5,1.4,6.9,1006.7,1005.2,1007.9,84,202405,C0X120-2024-05.csv,0,0,0
2024-05-22,28.4,32.0,26.1,0.5,1.6,6.7,1006.5,1005.2,1007.8,87,202405,C0X120-2024-05.csv,0,0,0
2024-05-23,28.9,33.5,25.7,0.0,1.6,6.9,1006.5,1005.1,1007.9,85,202405,C0X120-2024-05.csv,0,0,0
2024-05-24,28.0,31.5,26.5,0.5,1.8,6.1,1007.7,1006.0,1009.0,88,202405,C0X120-2024-05.csv,0,0,0
2024-05-25,29.6,34.2,26.1,0.0,1.8,8.2,1007.4,1005.9,1009.1,79,202405,C0X120-2024-05.csv,0,0,0
2024-05-26,27.6,29.0,26.0,7.0,0.6,3.6,1005.8,1003.8,1007.6,92,202405,C0X120-2024-05.csv,0,0,0
2024-05-27,28.7,32.6,25.2,0.5,2.1,7.5,1001.9,999.8,1003.9,85,202405,C0X120-2024-05.csv,0,0,0
2024-05-28,26.7,29.5,23.8,66.5,2.0,8.7,1000.3,998.4,1002.8,93,202405,C0X120-2024-05.csv,0,0,0
2024-05-29,27.0,31.7,23.5,1.0,2.0,7.4,1003.3,1001.8,1005.6,88,202405,C0X120-2024-05.csv,0,0,0
2024-05-30,29.4,34.1,25.5,1.5,2.4,11.3,1005.1,1003.3,1007.6,84,202405,C0X120-2024-05.csv,0,0,0
2024-05-31,30.9,34.5,27.1,0.5,2.4,9.2,1007.8,1006.2,1009.7,76,202405,C0X120-2024-05.csv,0,0,0
2024-06-01,30.9,34.5,28.5,0.0,2.1,7.0,1008.1,1006.6,1009.3,78,202406,C0X120-2024-06.csv,0,0,0
2024-06-02,27.3,29.5,24.8,74.5,2.4,8.3,1005.0,1002.2,1008.0,95,202406,C0X120-2024-06.csv,0,0,0
2024-06-03,25.7,29.6,23.2,0.0,2.9,11.2,1005.1,1003.3,1007.2,82,202406,C0X120-2024-06.csv,0,0,0
2024-06-04,26.4,30.6,24.1,16.5,1.2,6.2,1007.7,1005.6,1009.9,84,202406,C0X120-2024-06.csv,0,0,0
2024-06-05,27.2,30.3,24.5,0.0,1.1,4.5,1008.2,1007.1,1009.4,87,202406,C0X120-2024-06.csv,0,0,0
2024-06-06,27.8,30.6,25.6,0.5,1.3,6.0,1006.9,1004.9,1008.6,90,202406,C0X120-2024-06.csv,0,0,0
2024-06-07,28.1,32.6,25.1,0.0,2.0,7.8,1005.0,1003.0,1006.6,87,202406,C0X120-2024-06.csv,0,0,0
2024-06-08,29.3,33.5,26.2,1.0,1.4,7.1,1004.9,1003.1,1006.8,84,202406,C0X120-2024-06.csv,0,0,0
2024-06-09,29.5,33.1,27.0,0.0,1.6,8.5,1006.8,1004.8,1008.5,84,202406,C0X120-2024-06.csv,0,0,0
2024-06-10,29.6,33.8,26.3,1.0,2.2,9.8,1007.7,1005.4,1009.1,83,202406,C0X120-2024-06.csv,0,0,0
2024-06-11,28.5,32.0,25.3,28.0,2.5,10.7,1007.0,1004.6,1009.4,89,202406,C0X120-2024-06.csv,0,0,0
2024-06-12,28.5,32.3,26.6,26.5,2.3,10.5,1005.7,1004.2,1006.8,90,202406,C0X120-2024-06.csv,0,0,0
2024-06-13,28.8,33.6,26.2,24.5,2.3,6.4,1003.9,1001.9,1005.8,88,202406,C0X120-2024-06.csv,0,0,0
2024-06-14,29.2,32.6,26.5,15.0,2.4,7.5,1003.7,1002.4,1005.5,88,202406,C0X120-2024-06.csv,0,0,0
2024-06-15,30.7,34.5,27.5,0.0,2.4,8.2,1004.3,1002.7,1005.9,81,202406,C0X120-2024-06.csv,0,0,0
2024-06-16,30.7,34.5,27.7,0.0,2.4,9.0,1005.6,1004.3,1007.0,81,202406,C0X120-2024-06.csv,0,0,0
2024-06-17,31.0,34.0,28.5,0.0,2.5,9.5,1005.5,1004.0,1006.7,79,202406,C0X120-2024-06.csv,0,0,0
2024-06-18,31.1,35.1,27.8,0.0,2.1,8.5,1005.0,1003.3,1006.1,78,202406,C0X120-2024-06.csv,1,1,0
2024-06-19,31.4,34.8,28.7,0.0,2.1,8.5,1004.5,1002.7,1005.8,79,202406,C0X120-2024-06.csv,1,1,0
2024-06-20,31.5,35.0,28.1,0.0,2.3,8.3,1003.8,1001.8,1005.0,79,202406,C0X120-2024-06.csv,1,1,0
2024-06-21,31.9,35.1,29.0,0.0,2.5,9.2,1003.8,1001.8,1005.8,79,202406,C0X120-2024-06.csv,1,1,0
2024-06-22,32.4,35.7,29.1,0.0,2.8,10.3,1004.4,1002.7,1006.7,77,202406,C0X120-2024-06.csv,1,1,1
2024-06-23,32.0,35.5,29.6,0.0,2.7,10.7,1005.7,1004.0,1007.0,77,202406,C0X120-2024-06.csv,1,1,1
2024-06-24,31.5,35.2,28.6,0.0,2.7,9.5,1006.6,1004.3,1008.2,78,202406,C0X120-2024-06.csv,1,1,1
2024-06-25,31.1,35.3,28.3,0.0,2.6,10.7,1007.6,1005.2,1010.1,78,202406,C0X120-2024-06.csv,1,1,1
2024-06-26,30.8,35.7,27.8,2.0,1.8,8.4,1009.2,1007.8,1010.3,79,202406,C0X120-2024-06.csv,1,1,1
2024-06-27,30.7,35.5,27.1,0.0,1.7,10.9,1009.0,1006.6,1010.5,77,202406,C0X120-2024-06.csv,1,1,1
2024-06-28,31.4,36.5,27.0,0.5,2.6,11.1,1007.4,1005.1,1009.0,75,202406,C0X120-2024-06.csv,1,1,1
2024-06-29,30.5,35.0,27.5,4.5,3.4,13.5,1007.0,1004.9,1008.9,79,202406,C0X120-2024-06.csv,1,1,0
2024-06-30,30.2,33.7,27.1,6.0,2.1,12.0,1006.2,1004.5,1008.0,81,202406,C0X120-2024-06.csv,0,0,0
2024-07-01,31.4,34.7,28.5,0.0,2.6,9.4,1004.8,1002.8,1006.2,79,202407,C0X120-2024-07.csv,1,0,0
2024-07-02,31.0,35.1,27.0,0.0,2.8,10.0,1006.1,1004.2,1009.2,79,202407,C0X120-2024-07.csv,1,1,0
2024-07-03,31.3,37.3,27.5,0.0,1.7,8.9,1009.6,1007.5,1011.7,75,202407,C0X120-2024-07.csv,1,1,1
2024-07-04,31.6,34.7,29.0,0.0,2.1,8.8,1009.2,1007.0,1011.4,80,202407,C0X120-2024-07.csv,1,0,0
2024-07-05,30.9,34.5,28.3,0.5,1.9,8.5,1006.4,1004.4,1008.2,83,202407,C0X120-2024-07.csv,0,0,0
2024-07-06,30.4,35.7,27.3,0.5,1.6,10.1,1006.5,1004.4,1008.0,80,202407,C0X120-2024-07.csv,1,1,1
2024-07-07,29.1,35.7,24.6,19.0,1.5,13.6,1007.4,1005.4,1009.1,82,202407,C0X120-2024-07.csv,1,1,1
2024-07-08,27.9,34.3,22.5,23.0,1.8,15.2,1006.5,1004.6,1007.9,82,202407,C0X120-2024-07.csv,0,0,0
2024-07-09,30.0,34.5,24.5,0.0,1.7,8.4,1006.3,1004.7,1007.4,77,202407,C0X120-2024-07.csv,0,0,0
2024-07-10,31.1,34.8,27.6,0.0,2.5,10.2,1006.3,1005.0,1007.8,78,202407,C0X120-2024-07.csv,1,1,0
2024-07-11,31.3,34.6,27.8,0.0,2.2,9.1,1004.7,1002.9,1005.9,77,202407,C0X120-2024-07.csv,1,0,0
2024-07-12,31.6,36.0,27.7,0.0,1.7,7.9,1003.0,1001.1,1004.1,76,202407,C0X120-2024-07.csv,1,1,1
2024-07-13,30.3,36.0,25.0,19.5,2.1,13.4,1003.6,1002.1,1006.0,80,202407,C0X120-2024-07.csv,1,1,1
2024-07-14,31.0,34.7,26.0,0.0,2.2,8.6,1005.3,1004.4,1007.0,79,202407,C0X120-2024-07.csv,1,0,0
2024-07-15,30.2,35.7,25.5,6.0,2.1,12.0,1006.7,1003.6,1008.1,81,202407,C0X120-2024-07.csv,1,1,1
2024-07-16,30.0,35.5,26.2,0.5,1.6,9.1,1007.1,1005.4,1008.4,80,202407,C0X120-2024-07.csv,1,1,1
2024-07-17,30.0,36.2,27.0,1.0,1.3,6.7,1007.6,1006.0,1009.0,81,202407,C0X120-2024-07.csv,1,1,1
2024-07-18,30.0,36.2,24.5,44.0,1.7,13.1,1007.3,1005.3,1008.6,81,202407,C0X120-2024-07.csv,1,1,1
2024-07-19,30.9,35.5,27.2,12.5,1.6,8.6,1005.6,1003.6,1007.5,84,202407,C0X120-2024-07.csv,1,1,1
2024-07-20,31.5,35.2,28.5,0.0,1.7,7.6,1005.9,1004.2,1007.5,81,202407,C0X120-2024-07.csv,1,1,1
2024-07-21,29.5,35.0,26.0,26.0,2.2,14.6,1005.3,1003.2,1006.9,87,202407,C0X120-2024-07.csv,1,1,0
2024-07-22,30.7,34.8,26.8,0.0,2.3,9.8,1002.2,1000.0,1006.0,82,202407,C0X120-2024-07.csv,1,1,0
2024-07-23,30.5,34.6,27.3,0.5,2.3,11.4,994.8,990.5,1000.2,86,202407,C0X120-2024-07.csv,1,0,0
2024-07-24,28.5,29.6,27.0,99.5,4.7,22.3,984.8,979.8,991.0,94,202407,C0X120-2024-07.csv,0,0,0
2024-07-25,27.2,29.3,25.5,481.0,6.2,21.7,982.6,979.0,989.5,97,202407,C0X120-2024-07.csv,0,0,0
2024-07-26,27.5,30.1,24.5,298.5,5.3,19.7,995.5,989.0,1001.2,95,202407,C0X120-2024-07.csv,0,0,0
2024-07-27,29.6,32.1,27.8,2.0,4.1,16.1,1004.6,1000.6,1006.5,85,202407,C0X120-2024-07.csv,0,0,0
2024-07-28,30.1,34.0,27.8,0.0,1.8,8.6,1006.1,1004.4,1007.4,83,202407,C0X120-2024-07.csv,0,0,0
2024-07-29,28.9,32.7,26.5,2.0,2.3,6.5,1004.4,1002.2,1006.1,88,202407,C0X120-2024-07.csv,0,0,0
2024-07-30,30.0,33.5,26.7,0.0,2.6,10.2,1005.3,1004.2,1007.4,81,202407,C0X120-2024-07.csv,0,0,0
2024-07-31,30.2,33.8,27.5,0.0,2.6,9.6,1006.9,1005.8,1008.4,80,202407,C0X120-2024-07.csv,0,0,0
2024-08-01,31.0,34.6,27.5,2.5,1.7,7.8,1006.6,1004.8,1008.1,78,202408,C0X120-2024-08.csv,1,0,0
2024-08-02,31.3,34.3,28.1,0.0,1.7,8.5,1005.5,1003.7,1006.4,78,202408,C0X120-2024-08.csv,0,0,0
2024-08-03,31.3,35.0,28.5,0.0,1.6,7.2,1005.5,1003.8,1006.5,78,202408,C0X120-2024-08.csv,1,1,0
2024-08-04,31.8,35.3,29.3,0.0,1.4,6.4,1004.7,1002.3,1005.8,78,202408,C0X120-2024-08.csv,1,1,1
2024-08-05,30.8,35.2,28.0,0.0,1.7,8.9,1003.1,1000.6,1005.0,78,202408,C0X120-2024-08.csv,1,1,1
2024-08-06,28.8,33.7,26.2,6.0,1.6,7.5,1002.8,1001.5,1004.0,85,202408,C0X120-2024-08.csv,0,0,0
2024-08-07,30.2,34.5,26.7,0.0,1.4,6.2,1003.2,1001.7,1004.5,79,202408,C0X120-2024-08.csv,0,0,0
2024-08-08,30.8,35.5,28.0,0.0,1.7,6.3,1003.5,1001.9,1004.8,78,202408,C0X120-2024-08.csv,1,1,1
2024-08-09,27.7,29.6,25.7,67.0,1.9,7.2,1002.9,1001.7,1004.4,92,202408,C0X120-2024-08.csv,0,0,0
2024-08-10,27.3,29.5,25.5,27.5,2.4,7.9,1001.8,1000.8,1003.2,92,202408,C0X120-2024-08.csv,0,0,0
2024-08-11,29.4,34.0,26.8,0.0,1.9,5.6,1001.0,999.1,1002.6,82,202408,C0X120-2024-08.csv,0,0,0
2024-08-12,30.7,35.0,27.3,0.0,1.7,6.4,1001.5,999.6,1003.6,79,202408,C0X120-2024-08.csv,1,1,0
2024-08-13,30.9,34.8,27.8,0.0,1.8,8.3,1003.3,1002.0,1004.7,80,202408,C0X120-2024-08.csv,1,1,0
2024-08-14,30.2,34.7,27.6,0.0,1.8,10.0,1003.5,1002.2,1004.7,82,202408,C0X120-2024-08.csv,1,0,0
2024-08-15,27.9,31.8,25.8,39.5,2.2,8.8,1002.9,1001.5,1004.0,91,202408,C0X120-2024-08.csv,0,0,0
2024-08-16,28.5,33.0,25.7,54.5,2.2,7.6,1002.9,1001.0,1005.5,87,202408,C0X120-2024-08.csv,0,0,0
2024-08-17,27.3,30.3,25.2,61.0,1.7,7.2,1006.2,1004.4,1007.5,92,202408,C0X120-2024-08.csv,0,0,0
2024-08-18,29.1,33.5,26.8,0.0,2.3,8.6,1005.2,1003.2,1006.8,83,202408,C0X120-2024-08.csv,0,0,0
2024-08-19,27.4,31.7,25.7,27.5,2.9,10.3,1004.6,1002.9,1006.8,90,202408,C0X120-2024-08.csv,0,0,0
2024-08-20,27.9,34.2,24.5,47.5,3.1,14.6,1006.6,1005.1,1009.5,83,202408,C0X120-2024-08.csv,0,0,0
2024-08-21,29.7,34.1,26.1,0.0,2.0,11.9,1008.3,1007.4,1009.4,80,202408,C0X120-2024-08.csv,0,0,0
2024-08-22,30.4,34.2,26.6,0.0,1.6,7.0,1008.0,1006.0,1009.1,78,202408,C0X120-2024-08.csv,0,0,0
2024-08-23,30.6,33.6,27.6,0.0,1.5,6.9,1007.7,1005.9,1008.8,80,202408,C0X120-2024-08.csv,0,0,0
2024-08-24,29.9,33.8,27.5,0.0,1.6,7.3,1006.6,1005.3,1008.4,81,202408,C0X120-2024-08.csv,0,0,0
2024-08-25,30.2,34.2,26.2,0.0,1.5,6.8,1005.4,1003.3,1006.9,76,202408,C0X120-2024-08.csv,0,0,0
2024-08-26,30.4,33.6,28.0,0.0,1.7,7.3,1003.7,1002.5,1005.1,77,202408,C0X120-2024-08.csv,0,0,0
2024-08-27,30.6,34.8,27.0,0.0,1.6,7.6,1002.4,1000.1,1004.5,76,202408,C0X120-2024-08.csv,1,1,0
2024-08-28,31.2,34.7,27.6,0.0,1.5,7.5,1000.9,998.5,1002.2,77,202408,C0X120-2024-08.csv,1,0,0
2024-08-29,31.1,35.1,28.0,0.0,1.8,8.9,1002.8,1001.1,1005.3,79,202408,C0X120-2024-08.csv,1,1,0
2024-08-30,31.3,35.3,27.8,0.0,1.5,7.7,1004.8,1003.4,1006.3,77,202408,C0X120-2024-08.csv,1,1,1
2024-08-31,31.0,34.8,28.0,0.0,2.0,7.9,1005.7,1003.6,1006.9,78,202408,C0X120-2024-08.csv,1,1,0
2024-09-01,30.3,34.2,27.3,0.0,1.3,7.9,1004.7,1003.4,1006.4,81,202409,C0X120-2024-09.csv,0,0,0
2024-09-02,30.9,35.0,27.6,0.0,1.5,6.9,1004.2,1002.2,1005.9,80,202409,C0X120-2024-09.csv,1,1,0
2024-09-03,30.8,35.6,28.5,1.5,1.7,8.1,1001.8,999.5,1004.1,82,202409,C0X120-2024-09.csv,1,1,1
2024-09-04,30.4,35.5,28.0,8.0,1.5,7.4,998.9,996.9,1000.5,82,202409,C0X120-2024-09.csv,1,1,1
2024-09-05,29.0,34.5,24.5,29.5,1.6,14.8,999.4,997.1,1001.1,87,202409,C0X120-2024-09.csv,0,0,0
2024-09-06,28.9,35.0,26.2,10.5,2.0,8.5,1003.6,1000.7,1006.6,85,202409,C0X120-2024-09.csv,1,1,0
2024-09-07,28.7,32.3,27.0,0.5,2.2,8.2,1007.7,1006.3,1009.7,86,202409,C0X120-2024-09.csv,0,0,0
2024-09-08,28.2,33.3,25.0,16.0,1.6,9.9,1006.7,1004.9,1008.8,86,202409,C0X120-2024-09.csv,0,0,0
2024-09-09,28.4,33.5,25.0,0.0,1.8,7.3,1004.0,1001.6,1005.7,83,202409,C0X120-2024-09.csv,0,0,0
2024-09-10,29.5,34.3,26.1,1.0,1.8,8.0,1003.3,1001.7,1005.1,81,202409,C0X120-2024-09.csv,0,0,0
2024-09-11,30.1,34.6,27.1,1.0,1.5,8.6,1005.0,1003.2,1006.4,82,202409,C0X120-2024-09.csv,1,0,0
2024-09-12,30.1,33.5,28.0,0.0,2.0,7.6,1003.9,1002.2,1005.9,83,202409,C0X120-2024-09.csv,0,0,0
2024-09-13,29.6,34.6,25.8,1.0,1.7,10.5,1000.6,998.1,1002.5,81,202409,C0X120-2024-09.csv,1,0,0
2024-09-14,27.0,32.1,24.5,26.0,1.6,7.6,998.0,996.3,999.8,87,202409,C0X120-2024-09.csv,0,0,0
2024-09-15,29.4,33.8,24.7,0.0,1.6,7.0,998.6,996.8,1000.7,80,202409,C0X120-2024-09.csv,0,0,0
2024-09-16,30.5,33.5,27.5,0.0,1.8,7.6,1000.3,999.1,1001.5,81,202409,C0X120-2024-09.csv,0,0,0
2024-09-17,31.1,35.3,28.0,4.0,1.3,9.0,1000.4,998.5,1002.1,80,202409,C0X120-2024-09.csv,1,1,1
2024-09-18,30.5,35.3,27.8,0.5,1.7,6.7,999.6,998.1,1000.9,82,202409,C0X120-2024-09.csv,1,1,1
2024-09-19,30.4,34.1,27.7,6.0,1.9,11.2,1000.5,999.1,1002.6,81,202409,C0X120-2024-09.csv,0,0,0
2024-09-20,29.3,33.0,27.3,0.5,2.2,12.1,1002.2,1000.9,1004.0,85,202409,C0X120-2024-09.csv,0,0,0
2024-09-21,28.9,32.7,26.2,26.0,2.0,7.0,1001.8,1000.2,1003.6,86,202409,C0X120-2024-09.csv,0,0,0
2024-09-22,26.3,27.6,25.2,116.0,3.5,14.6,1005.8,1002.4,1009.6,96,202409,C0X120-2024-09.csv,0,0,0
2024-09-23,29.1,33.8,25.5,2.0,2.2,9.3,1009.2,1007.5,1011.4,84,202409,C0X120-2024-09.csv,0,0,0
2024-09-24,29.9,34.2,26.5,0.0,1.4,6.7,1008.9,1007.2,1010.4,82,202409,C0X120-2024-09.csv,0,0,0
2024-09-25,30.0,33.0,28.1,0.0,1.9,7.7,1007.9,1006.8,1009.5,81,202409,C0X120-2024-09.csv,0,0,0
2024-09-26,29.9,33.5,28.0,0.0,2.3,9.0,1007.1,1005.3,1008.7,84,202409,C0X120-2024-09.csv,0,0,0
2024-09-27,29.3,32.6,27.5,0.0,2.1,8.2,1006.0,1003.9,1007.7,85,202409,C0X120-2024-09.csv,0,0,0
2024-09-28,29.8,33.5,27.0,0.0,1.8,8.9,1003.9,1001.3,1005.8,81,202409,C0X120-2024-09.csv,0,0,0
2024-09-29,30.3,34.0,26.8,0.0,1.2,6.7,1002.0,1000.1,1003.9,79,202409,C0X120-2024-09.csv,0,0,0
2024-09-30,30.2,33.5,27.8,0.0,1.3,5.6,996.9,993.7,1000.5,84,202409,C0X120-2024-09.csv,0,0,0
2024-10-01,29.2,32.0,27.6,1.0,1.6,6.0,998.2,995.3,1001.3,86,202410,C0X120-2024-10.csv,0,0,0
2024-10-02,26.0,28.3,24.1,47.5,3.0,10.8,999.7,996.7,1002.3,93,202410,C0X120-2024-10.csv,0,0,0
2024-10-03,25.1,26.1,23.7,9.5,4.2,13.8,1001.8,999.0,1006.6,92,202410,C0X120-2024-10.csv,0,0,0
2024-10-04,26.3,30.8,23.2,0.5,3.1,9.7,1008.3,1006.2,1010.1,88,202410,C0X120-2024-10.csv,0,0,0
2024-10-05,27.7,31.6,25.0,0.0,2.8,9.1,1009.4,1007.6,1010.9,87,202410,C0X120-2024-10.csv,0,0,0
2024-10-06,28.8,32.5,26.5,0.0,1.4,8.2,1009.9,1007.9,1011.4,84,202410,C0X120-2024-10.csv,0,0,0
2024-10-07,29.3,33.5,26.0,0.0,1.8,7.3,1009.8,1007.6,1011.5,81,202410,C0X120-2024-10.csv,0,0,0
2024-10-08,28.5,32.5,25.5,0.0,2.0,8.6,1009.3,1007.1,1010.7,83,202410,C0X120-2024-10.csv,0,0,0
2024-10-09,27.4,31.8,24.0,0.0,2.0,6.8,1008.5,1006.5,1009.7,82,202410,C0X120-2024-10.csv,0,0,0
2024-10-10,26.2,31.2,23.5,0.0,2.9,10.0,1008.7,1006.9,1010.0,80,202410,C0X120-2024-10.csv,0,0,0
2024-10-11,26.2,30.6,22.3,0.0,2.0,6.6,1009.3,1007.5,1011.2,79,202410,C0X120-2024-10.csv,0,0,0
2024-10-12,27.5,32.0,20.5,0.0,1.5,5.9,1010.8,1009.4,1012.3,79,202410,C0X120-2024-10.csv,0,0,0
2024-10-13,28.2,32.7,25.3,0.0,1.5,6.4,1010.7,1009.0,1012.1,83,202410,C0X120-2024-10.csv,0,0,0
2024-10-14,28.7,33.5,25.6,0.0,1.1,5.9,1009.9,1007.7,1011.5,83,202410,C0X120-2024-10.csv,0,0,0
2024-10-15,28.3,31.6,26.1,0.0,1.4,6.0,1010.0,1008.5,1011.3,86,202410,C0X120-2024-10.csv,0,0,0
2024-10-16,28.9,32.6,26.7,0.0,1.4,7.4,1010.7,1009.1,1012.3,84,202410,C0X120-2024-10.csv,0,0,0
2024-10-17,29.1,33.0,26.7,0.0,1.2,6.1,1010.0,1008.0,1011.7,82,202410,C0X120-2024-10.csv,0,0,0
2024-10-18,28.9,33.0,26.5,0.0,1.7,5.9,1009.7,1008.0,1011.1,83,202410,C0X120-2024-10.csv,0,0,0
2024-10-19,28.4,31.5,26.1,0.0,1.9,7.2,1010.3,1008.8,1011.8,87,202410,C0X120-2024-10.csv,0,0,0
2024-10-20,28.3,32.7,25.7,0.0,2.2,7.5,1011.4,1010.1,1013.2,81,202410,C0X120-2024-10.csv,0,0,0
2024-10-21,27.8,32.5,24.5,0.0,2.2,8.3,1010.2,1007.8,1012.0,83,202410,C0X120-2024-10.csv,0,0,0
2024-10-22,27.8,32.0,25.1,0.0,2.5,10.5,1007.8,1005.8,1010.0,84,202410,C0X120-2024-10.csv,0,0,0
2024-10-23,26.1,30.5,23.3,0.0,3.5,9.9,1003.3,1001.3,1005.9,78,202410,C0X120-2024-10.csv,0,0,0
2024-10-24,25.5,29.5,22.6,0.0,4.0,11.3,999.9,997.3,1001.6,79,202410,C0X120-2024-10.csv,0,0,0
2024-10-25,27.6,33.7,24.3,0.0,2.1,7.5,1000.8,998.8,1003.6,83,202410,C0X120-2024-10.csv,0,0,0
2024-10-26,28.3,31.7,26.5,0.0,1.8,8.3,1004.8,1002.7,1006.6,87,202410,C0X120-2024-10.csv,0,0,0
2024-10-27,28.1,30.8,26.0,0.5,1.4,6.1,1005.4,1003.1,1006.9,89,202410,C0X120-2024-10.csv,0,0,0
2024-10-28,26.3,28.2,24.5,0.5,2.5,9.4,1004.9,1002.9,1006.5,88,202410,C0X120-2024-10.csv,0,0,0
2024-10-29,26.1,31.1,23.1,0.0,3.2,10.4,1005.2,1002.3,1007.3,81,202410,C0X120-2024-10.csv,0,0,0
2024-10-30,26.1,31.0,22.6,0.0,3.3,9.0,1001.7,995.5,1005.4,80,202410,C0X120-2024-10.csv,0,0,0
2024-10-31,26.4,28.0,24.1,27.5,5.9,23.5,985.2,972.7,996.8,91,202410,C0X120-2024-10.csv,0,0,0
2024-11-01,26.8,30.0,24.1,21.5,2.9,19.0,1005.7,996.5,1010.4,89,202411,C0X120-2024-11.csv,0,0,0
2024-11-02,26.8,32.0,23.5,0.0,2.0,6.1,1011.9,1009.6,1014.8,83,202411,C0X120-2024-11.csv,0,0,0
2024-11-03,26.2,31.2,23.2,0.0,2.3,7.3,1012.9,1010.6,1014.3,85,202411,C0X120-2024-11.csv,0,0,0
2024-11-04,26.7,31.3,24.0,0.0,2.0,7.2,1012.3,1010.0,1014.1,83,202411,C0X120-2024-11.csv,0,0,0
2024-11-05,25.1,28.6,22.5,0.0,2.8,8.5,1012.2,1010.0,1013.9,82,202411,C0X120-2024-11.csv,0,0,0
2024-11-06,23.7,28.5,21.3,0.0,3.4,8.5,1012.7,1010.8,1014.2,74,202411,C0X120-2024-11.csv,0,0,0
2024-11-07,23.5,28.5,19.6,0.0,2.9,9.2,1012.5,1010.6,1014.1,75,202411,C0X120-2024-11.csv,0,0,0
2024-11-08,23.7,28.0,21.2,0.0,3.0,8.4,1011.4,1009.1,1013.2,85,202411,C0X120-2024-11.csv,0,0,0
2024-11-09,25.5,30.5,22.0,0.0,1.7,7.4,1011.8,1010.0,1013.5,88,202411,C0X120-2024-11.csv,0,0,0
2024-11-10,25.4,29.8,23.1,0.0,2.0,8.6,1011.5,1009.8,1013.4,89,202411,C0X120-2024-11.csv,0,0,0
2024-11-11,25.5,30.3,22.1,0.0,2.3,7.4,1009.6,1007.1,1011.6,86,202411,C0X120-2024-11.csv,0,0,0
2024-11-12,25.4,27.0,24.0,2.0,1.5,7.4,1008.0,1005.7,1010.2,93,202411,C0X120-2024-11.csv,0,0,0
2024-11-13,26.6,31.2,24.5,0.0,1.3,6.1,1008.5,1006.5,1010.0,89,202411,C0X120-2024-11.csv,0,0,0
2024-11-14,26.4,29.6,24.5,0.0,1.7,6.4,1008.7,1006.8,1010.3,90,202411,C0X120-2024-11.csv,0,0,0
2024-11-15,25.5,28.3,23.6,0.0,2.2,6.4,1005.3,1003.1,1008.0,94,202411,C0X120-2024-11.csv,0,0,0
2024-11-16,25.5,28.6,23.5,53.5,2.8,10.2,1005.8,1003.8,1007.9,93,202411,C0X120-2024-11.csv,0,0,0
2024-11-17,26.0,30.7,24.0,0.0,2.8,8.8,1009.6,1007.3,1011.7,87,202411,C0X120-2024-11.csv,0,0,0
2024-11-18,23.3,25.5,20.8,0.0,3.2,9.9,1012.5,1010.6,1014.5,83,202411,C0X120-2024-11.csv,0,0,0
2024-11-19,22.5,26.0,20.5,0.0,2.5,6.8,1013.7,1011.2,1015.0,85,202411,C0X120-2024-11.csv,0,0,0
2024-11-20,23.2,27.5,20.5,0.0,2.7,7.6,1012.8,1011.0,1014.4,86,202411,C0X120-2024-11.csv,0,0,0
2024-11-21,22.9,27.2,20.7,0.0,3.2,10.7,1012.1,1010.3,1013.9,86,202411,C0X120-2024-11.csv,0,0,0
2024-11-22,22.8,27.0,20.2,0.0,3.0,8.2,1012.9,1011.1,1014.6,81,202411,C0X120-2024-11.csv,0,0,0
2024-11-23,22.6,30.3,20.3,0.0,2.6,6.7,1014.6,1012.9,1016.3,78,202411,C0X120-2024-11.csv,0,0,0
2024-11-24,23.3,28.1,20.1,0.0,1.9,7.3,1015.1,1013.4,1017.2,81,202411,C0X120-2024-11.csv,0,0,0
2024-11-25,23.8,27.5,21.1,0.0,2.1,7.4,1014.6,1013.2,1016.1,86,202411,C0X120-2024-11.csv,0,0,0
2024-11-26,22.6,27.6,17.8,0.0,4.2,12.7,1014.1,1010.5,1016.6,82,202411,C0X120-2024-11.csv,0,0,0
2024-11-27,19.8,25.5,16.8,0.0,3.4,9.5,1015.3,1012.6,1016.9,71,202411,C0X120-2024-11.csv,0,0,0
2024-11-28,19.5,24.1,16.7,0.0,3.7,9.8,1016.6,1014.0,1018.9,64,202411,C0X120-2024-11.csv,0,0,0
2024-11-29,18.7,24.0,15.8,0.0,3.4,10.9,1016.0,1013.5,1017.8,65,202411,C0X120-2024-11.csv,0,0,0
2024-11-30,19.3,24.5,15.1,0.0,1.4,6.4,1013.9,1011.0,1015.9,71,202411,C0X120-2024-11.csv,0,0,0
2024-12-01,20.7,26.8,16.6,0.0,1.6,5.8,1011.7,1009.2,1013.9,79,202412,C0X120-2024-12.csv,0,0,0
2024-12-02,21.2,26.2,17.0,0.0,1.6,7.1,1011.8,1010.2,1013.8,87,202412,C0X120-2024-12.csv,0,0,0
2024-12-03,22.6,26.8,18.5,0.0,1.2,6.2,1011.7,1010.1,1013.4,86,202412,C0X120-2024-12.csv,0,0,0
2024-12-04,22.5,27.5,19.1,0.0,2.2,8.0,1011.8,1009.6,1013.4,84,202412,C0X120-2024-12.csv,0,0,0
2024-12-05,21.9,27.1,18.5,0.0,2.8,8.9,1012.0,1009.7,1014.0,80,202412,C0X120-2024-12.csv,0,0,0
2024-12-06,21.8,27.8,18.0,0.0,2.8,9.4,1011.9,1009.2,1013.8,82,202412,C0X120-2024-12.csv,0,0,0
2024-12-07,21.6,26.7,18.5,0.0,3.5,10.2,1012.6,1010.4,1014.6,84,202412,C0X120-2024-12.csv,0,0,0
2024-12-08,19.5,23.5,17.5,0.0,3.8,11.3,1015.1,1012.8,1017.1,79,202412,C0X120-2024-12.csv,0,0,0
2024-12-09,20.1,24.1,17.3,0.0,2.6,8.6,1015.2,1012.4,1017.5,79,202412,C0X120-2024-12.csv,0,0,0
2024-12-10,21.3,26.0,18.0,0.0,2.3,9.7,1013.5,1011.4,1015.2,82,202412,C0X120-2024-12.csv,0,0,0
2024-12-11,21.7,28.1,18.5,0.0,2.7,8.3,1013.0,1010.6,1015.0,85,202412,C0X120-2024-12.csv,0,0,0
2024-12-12,20.9,25.2,17.5,0.0,3.4,8.4,1013.3,1011.1,1015.8,81,202412,C0X120-2024-12.csv,0,0,0
2024-12-13,20.0,23.6,17.0,0.0,4.3,12.7,1015.0,1012.4,1017.4,83,202412,C0X120-2024-12.csv,0,0,0
2024-12-14,16.1,19.0,14.0,0.0,4.7,11.4,1019.5,1017.1,1021.5,76,202412,C0X120-2024-12.csv,0,0,0
2024-12-15,16.2,22.0,13.0,0.0,3.1,8.8,1019.6,1016.9,1021.9,76,202412,C0X120-2024-12.csv,0,0,0
2024-12-16,16.1,18.6,14.5,0.0,2.7,6.6,1018.3,1016.1,1020.1,76,202412,C0X120-2024-12.csv,0,0,0
2024-12-17,18.2,24.2,13.2,0.0,2.8,9.5,1016.6,1014.4,1018.3,80,202412,C0X120-2024-12.csv,0,0,0
2024-12-18,18.2,23.3,15.7,0.0,4.2,11.0,1016.0,1013.3,1017.7,73,202412,C0X120-2024-12.csv,0,0,0
2024-12-19,16.0,18.1,14.8,0.0,3.2,7.6,1016.7,1015.3,1019.0,69,202412,C0X120-2024-12.csv,0,0,0
2024-12-20,17.5,23.1,13.1,0.0,2.7,7.7,1014.9,1012.1,1017.2,80,202412,C0X120-2024-12.csv,0,0,0
2024-12-21,18.1,23.0,15.2,0.0,3.7,10.4,1014.9,1012.4,1016.6,83,202412,C0X120-2024-12.csv,0,0,0
2024-12-22,16.0,19.0,14.0,0.0,3.9,10.3,1016.6,1015.0,1018.9,73,202412,C0X120-2024-12.csv,0,0,0
2024-12-23,16.2,18.2,14.3,11.5,2.3,7.0,1016.4,1015.0,1018.0,87,202412,C0X120-2024-12.csv,0,0,0
2024-12-24,17.5,19.5,15.7,14.0,1.5,6.5,1016.7,1014.7,1018.6,96,202412,C0X120-2024-12.csv,0,0,0
2024-12-25,19.7,22.7,17.5,0.0,2.6,8.3,1017.3,1015.0,1019.1,93,202412,C0X120-2024-12.csv,0,0,0
2024-12-26,20.4,24.7,18.0,0.0,3.1,8.1,1017.4,1015.3,1019.1,88,202412,C0X120-2024-12.csv,0,0,0
2024-12-27,18.7,20.6,17.5,0.0,3.0,7.5,1018.6,1016.8,1020.3,85,202412,C0X120-2024-12.csv,0,0,0
2024-12-28,16.2,20.2,12.6,0.0,4.5,13.6,1019.6,1017.2,1021.3,75,202412,C0X120-2024-12.csv,0,0,0
2024-12-29,16.3,21.2,11.5,0.0,2.1,6.8,1019.1,1016.1,1021.5,77,202412,C0X120-2024-12.csv,0,0,0
2024-12-30,19.4,24.2,16.6,0.0,2.6,6.9,1017.5,1015.2,1019.7,83,202412,C0X120-2024-12.csv,0,0,0
2024-12-31,18.9,22.7,16.3,0.0,3.2,10.5,1014.9,1012.3,1017.0,75,202412,C0X120-2024-12.csv,0,0,0
