Date,Pond,Layer,Temperature,Salinity,pH,DO,Turbidity
202209,T1,D,29.5,1.003,7.829,6.87,38.3
202209,T1,U,30.0,1.002,7.912,7.31,36.2
202210,T1,D,32.7,1.004,7.843,5.41,163.0
202210,T1,U,33.4,1.003,8.001,7.5,74.9
202211,T1,D,25.9,1.003,8.87,8.62,37.5
202211,T1,U,26.5,1.001,8.887,9.06,35.7
202212,T1,D,19.95,1.004,8.4035,9.6,141.8
202212,T1,U,19.799999999999997,1.0034999999999998,8.455,10.095,70.25
202301,T1,D,19.200000000000003,1.0025,8.0125,6.680000000000001,104.4
202301,T1,U,19.200000000000003,1.0034999999999998,8.074,7.14,28.4
202302,T1,D,21.6,1.0025,8.7585,9.735,231.85
202302,T1,U,21.4,1.0034999999999998,8.793,10.04,46.099999999999994
202303,T1,D,25.0,1.003,7.617,8.01,97.1
202303,T1,U,25.0,1.003,8.877,10.94,78.9
202304,T1,D,28.4,1.004,8.356,8.29,75.8
202304,T1,U,28.0,1.004,8.408,8.96,29.8
202305,T1,D,32.0,1.003,8.501,7.6,186.3
202305,T1,U,32.3,1.002,8.53,8.3,52.6
202307,T1,D,31.0,1.002,8.246,6.99,54.2
202307,T1,U,31.7,1.002,8.268,7.09,47.0
202310,T1,D,26.8,1.001,8.522,6.37,37.0
202310,T1,U,27.0,1.002,8.562,6.39,27.2
202311,T1,D,21.2,1.003,8.177,7.34,146.8
202311,T1,U,21.0,1.004,8.225,7.84,37.7
202312,T1,D,18.2,1.004,8.473,9.35,274.0
202312,T1,U,16.6,1.002,8.523,9.7,41.1
202401,T1,D,24.1,1.003,8.759,7.61,364.0
202401,T1,U,23.7,1.003,8.826,8.86,121.5
202402,T1,D,19.2,1.003,8.561,7.51,375.0
202402,T1,U,18.3,1.004,8.617,8.43,38.2
202403,T1,D,23.5,1.004,8.437,6.41,377.0
202403,T1,U,23.3,1.004,8.492,7.23,45.0
202404,T1,D,29.6,1.006,8.322,8.31,42.3
202404,T1,U,29.8,1.006,8.374,8.2,33.7
202410,T1,D,31.3,1.004,8.27,9.1,65.9
202410,T1,U,32.6,1.004,8.128,8.1,60.7
202411,T1,D,24.0,1.004,8.22,9.7,76.3
202411,T1,U,23.5,1.004,8.209,8.28,61.9
202412,T1,D,20.2,1.004,8.175999999999998,8.985,121.69999999999999
202412,T1,U,19.75,1.004,7.858,9.075,80.19999999999999
202209,T2,D,29.5,1.004,8.127,6.16,50.9
202209,T2,U,29.8,1.003,8.185,6.85,19.06
202210,T2,D,32.8,1.006,8.873,10.6,87.0
202210,T2,U,33.3,1.005,8.89,11.7,63.7
202211,T2,D,26.1,1.003,8.816,8.41,64.8
202211,T2,U,26.5,1.002,8.815,8.57,46.3
202304,T2,D,27.8,1.005,8.411,8.04,7.49
202304,T2,U,28.2,1.005,8.445,8.81,12.2
202305,T2,D,31.2,1.004,8.626,8.85,38.4
202305,T2,U,31.8,1.003,8.704,12.32,36.6
202306,T2,D,31.8,1.005,8.333,8.64,75.0
202306,T2,U,33.5,1.004,8.388,9.35,33.4
202307,T2,D,30.8,1.004,8.122,6.36,60.1
202307,T2,U,31.6,1.003,8.196,7.6,36.4
202308,T2,D,27.9,1.003,8.222,4.81,42.7
202308,T2,U,28.3,1.003,8.254,5.02,26.2
202309,T2,D,29.4,1.003,8.836,7.67,14.5
202309,T2,U,30.0,1.002,8.89,8.68,20.0
202310,T2,D,26.6,1.003,8.33,5.94,51.1
202310,T2,U,26.7,1.003,8.37,6.52,21.8
202311,T2,D,21.5,1.005,8.699,7.62,62.8
202311,T2,U,21.0,1.005,8.833,9.08,38.2
202312,T2,D,7.3,1.004,8.686,9.72,93.0
202312,T2,U,16.2,1.004,8.706,10.8,65.7
202401,T2,D,26.1,1.005,8.829,7.22,77.4
202401,T2,U,25.5,1.005,8.939,11.39,46.9
202402,T2,D,18.6,1.005,8.977,7.49,77.6
202402,T2,U,18.3,1.006,9.083,8.6,41.3
202403,T2,D,22.3,1.004,8.882,6.32,82.0
202403,T2,U,21.7,1.003,8.964,6.72,45.0
202404,T2,D,29.0,1.006,9.002,8.26,49.8
202404,T2,U,29.9,1.006,9.054,9.78,27.5
202405,T2,D,38.1,1.007,8.572,9.98,29.8
202405,T2,U,37.1,1.007,8.591,9.65,29.8
202406,T2,D,33.6,1.007,8.597,7.51,28.4
202406,T2,U,34.2,1.007,8.624,7.54,27.5
202407,T2,D,31.0,1.0059999999999998,8.589500000000001,6.305000000000001,37.6
202407,T2,U,31.6,1.0055,8.7015,7.935,32.8
202408,T2,D,33.0,1.0045,8.318999999999999,7.025,33.0
202408,T2,U,33.8,1.0045,8.379000000000001,7.535,27.0
202409,T2,D,31.0,1.007,8.517,8.89,100.7
202409,T2,U,32.6,1.007,8.636,12.66,28.4
202410,T2,U,32.5,1.004,8.503,8.04,47.4
202411,T2,D,24.0,1.004,8.572,8.93,42.4
202411,T2,U,23.0,1.004,8.603,8.74,40.9
202412,T2,D,18.9,1.004,8.483,9.77,88.2
202412,T2,U,22.8,1.004,8.481,6.42,39.0
202209,T3,D,29.5,1.004,8.21,6.52,74.0
202209,T3,U,29.8,1.003,8.283,7.45,20.0
202210,T3,D,33.0,1.005,8.318,7.53,46.8
202210,T3,U,33.6,1.004,8.3,8.49,26.4
202211,T3,D,26.0,1.005,8.957,8.42,52.7
202211,T3,U,26.4,1.004,8.956,8.67,34.0
202303,T3,D,24.8,1.004,9.312,10.81,23.4
202303,T3,U,25.0,1.004,9.311,10.63,20.5
202304,T3,D,27.7,1.005,8.504,7.45,22.8
202304,T3,U,27.9,1.005,8.531,7.87,12.47
202305,T3,D,31.2,1.003,8.366,8.62,43.7
202305,T3,U,31.9,1.003,8.444,9.79,30.2
202306,T3,D,31.6,1.003,8.29,7.58,87.1
202306,T3,U,33.4,1.003,8.348,8.93,64.8
202307,T3,D,30.8,1.004,8.133,6.1,32.1
202307,T3,U,31.8,1.004,8.133,6.53,26.5
202308,T3,D,27.9,1.003,8.258,4.15,26.9
202308,T3,U,27.9,1.004,8.282,4.52,5.31
202309,T3,U,29.8,1.002,8.716,10.81,17.19
202310,T3,U,26.9,1.003,9.0,8.13,37.2
202311,T3,U,20.8,1.004,9.008,8.42,23.3
202312,T3,U,16.2,1.004,9.164,10.77,28.2
202401,T3,U,24.9,1.004,9.28,8.3,17.05
202402,T3,U,18.0,1.004,9.369,8.49,33.8
202403,T3,U,21.3,1.003,9.21,7.18,42.3
202404,T3,D,29.3,1.007,9.241,6.8,43.2
202404,T3,U,30.5,1.007,9.271,7.8,37.4
202405,T3,D,34.9,1.006,8.956,12.32,29.7
202405,T3,U,29.5,1.006,8.972,12.28,30.0
202406,T3,D,32.9,1.006,8.411,7.67,21.2
202406,T3,U,33.9,1.006,8.486,9.15,17.9
202407,T3,D,31.05,1.005,8.52,8.39,90.19999999999999
202407,T3,U,31.6,1.005,8.5755,8.68,31.799999999999997
202408,T3,D,33.55,1.004,8.7075,7.66,65.2
202408,T3,U,34.599999999999994,1.004,8.2995,7.3100000000000005,53.75
202409,T3,U,32.4,1.007,8.315,9.92,31.4
202410,T3,D,31.7,1.004,8.45,9.2,63.0
202410,T3,U,32.6,1.004,8.342,8.6,41.3
202412,T3,D,18.8,1.006,8.446,9.65,130.0
202209,T4,D,29.7,1.003,8.198,7.15,38.6
202209,T4,U,30.0,1.002,8.312,8.75,31.1
202210,T4,D,32.9,1.003,8.524,8.23,196.0
202210,T4,U,33.3,1.002,8.545,10.54,43.3
202211,T4,D,26.0,1.004,7.909,5.33,122.3
202211,T4,U,26.5,1.003,8.06,7.07,68.0
202212,T4,D,20.15,1.0045,9.011,9.165,69.9
202212,T4,U,19.95,1.004,9.1005,10.629999999999999,24.9
202302,T4,U,22.6,1.003,8.917,9.85,9.0
202303,T4,D,25.0,1.001,9.13,10.06,31.5
202303,T4,U,25.0,1.001,9.248,9.71,27.7
202304,T4,D,27.5,1.003,8.643,10.76,24.8
202304,T4,U,28.0,1.003,8.68,10.92,14.86
202305,T4,D,31.0,1.002,8.519,8.09,50.0
202305,T4,U,31.9,1.003,8.57,13.24,34.3
202306,T4,D,32.0,1.002,8.514,10.64,76.9
202306,T4,U,33.4,1.002,8.588,12.49,50.8
202307,T4,D,30.9,1.002,8.2,7.94,39.0
202307,T4,U,32.0,1.002,8.278,9.07,32.7
202308,T4,D,27.6,1.002,8.339,5.12,32.6
202308,T4,U,27.8,1.002,8.348,4.54,23.3
202309,T4,D,30.2,1.001,8.328,7.89,23.3
202309,T4,U,30.7,1.001,8.385,8.72,22.6
202310,T4,U,26.8,1.002,8.486,7.42,28.3
202311,T4,U,21.0,1.004,8.579,8.39,20.8
202312,T4,U,16.2,1.004,8.912,11.81,29.6
202401,T4,U,25.1,1.004,9.048,8.46,21.1
202402,T4,U,18.5,1.004,9.0,8.56,29.0
202403,T4,U,21.2,1.004,8.804,6.82,18.0
202404,T4,D,29.7,1.008,8.885,7.31,22.7
202404,T4,U,31.0,1.008,8.863,7.0,20.8
202405,T4,D,32.2,1.006,8.708,10.87,30.0
202405,T4,U,30.4,1.006,8.757,11.14,30.1
202406,T4,D,32.8,1.005,8.584,8.13,33.5
202406,T4,U,33.8,1.005,8.601,8.15,28.6
202407,T4,D,30.75,1.0045,8.568,9.55,34.650000000000006
202407,T4,U,31.2,1.0045,8.585,9.725,29.6
202408,T4,D,33.15,1.003,8.344000000000001,8.440000000000001,61.55
202408,T4,U,34.650000000000006,1.003,8.3715,7.67,45.8
202409,T4,D,31.0,1.005,7.96,5.43,95.0
202409,T4,U,32.5,1.005,8.386,9.85,37.8
202412,T4,D,18.6,1.008,8.444,11.07,86.3
