Cohort,Samples,Pond_month_groups,Algorithm,Predictor_set,PCoA1_R2,PCoA2_R2,Mean_R2,PCoA1_MAE,PCoA2_MAE,Mean_MAE,Delta_mean_R2
all_ponds,160,89,Mean-only baseline,None,-0.008698553461042424,-0.01399226139734866,-0.011345407429195542,0.12729223525848732,0.1284280290946212,0.12786013217655426,
all_ponds,160,89,Ridge,Structure,0.5114886199260968,0.01407948211622223,0.26278405102115954,0.08859619156530017,0.12328728848870607,0.10594174002700313,
all_ponds,160,89,Ridge,+ Season,0.4879366611986633,0.4327440287264832,0.46034034496257326,0.08956183026010914,0.09009569387890812,0.08982876206950863,0.19755629394141372
all_ponds,160,89,Ridge,+ Water quality,0.6562875274913683,0.4154282611196515,0.5358578943055099,0.07211884541265004,0.09482134316717887,0.08347009428991445,0.07551754934293664
all_ponds,160,89,Ridge,+ Disturbances,0.6400942976426217,0.3985258251594662,0.519310061401044,0.07198535203949621,0.09352807931320564,0.08275671567635093,-0.01654783290446593
all_ponds,160,89,Random forest,Structure,0.5131307354659598,0.021709652733409524,0.26742019409968465,0.08769227324235239,0.12203780675913527,0.10486504000074383,
all_ponds,160,89,Random forest,+ Season,0.7019567002086524,0.450162965580148,0.5760598328944002,0.0647604395954927,0.09353037890887059,0.07914540925218164,0.30863963879471557
all_ponds,160,89,Random forest,+ Water quality,0.656898082675959,0.5114757850431622,0.5841869338595606,0.07271784603202369,0.08701952175120856,0.07986868389161612,0.008127100965160339
all_ponds,160,89,Random forest,+ Disturbances,0.6612550606984171,0.5136405867924454,0.5874478237454313,0.07234509163089402,0.08655725705838482,0.07945117434463941,0.003260889885870699
all_ponds,160,89,Gradient boosting,Structure,0.5134148776239651,0.018559505431852474,0.2659871915279088,0.08800565852297168,0.12271972903580974,0.10536269377939071,
all_ponds,160,89,Gradient boosting,+ Season,0.5586486389018106,0.46508859322343266,0.5118686160626216,0.08245883721029439,0.0907013176362154,0.0865800774232549,0.2458814245347128
all_ponds,160,89,Gradient boosting,+ Water quality,0.5834711862799677,0.5129908324362517,0.5482310093581098,0.07948042114102069,0.08403319222882426,0.08175680668492247,0.03636239329548818
all_ponds,160,89,Gradient boosting,+ Disturbances,0.6043525471161958,0.5164466929091907,0.5603996200126933,0.07667275284256367,0.08342982525240053,0.0800512890474821,0.012168610654583523
all_ponds,160,89,XGBoost,Structure,0.5130557010027555,0.01713496715436358,0.26509533407855956,0.08816151389460795,0.12279728685941418,0.10547940037701106,
all_ponds,160,89,XGBoost,+ Season,0.5258844830002065,0.4487104902348623,0.4872974866175344,0.0831396479474146,0.09237498176513828,0.08775731485627644,0.22220215253897485
all_ponds,160,89,XGBoost,+ Water quality,0.5683299857372138,0.5259330335843877,0.5471315096608007,0.08098331236490564,0.08211573158283003,0.08154952197386783,0.05983402304326629
all_ponds,160,89,XGBoost,+ Disturbances,0.6002853199274336,0.5150315469007123,0.557658433414073,0.07755609001106864,0.08246238652338125,0.08000923826722495,0.010526923753272244
all_ponds,160,89,Support vector regression,Structure,0.5122858638671561,0.005774783695283725,0.25903032378121993,0.08619631406073659,0.12316031631469264,0.10467831518771462,
all_ponds,160,89,Support vector regression,+ Season,0.6765594170708253,0.42270277951781,0.5496310982943177,0.07098339541015168,0.09616575975745298,0.08357457758380232,0.29060077451309774
all_ponds,160,89,Support vector regression,+ Water quality,0.7067048624048757,0.5211359440930172,0.6139204032489465,0.06986771397482461,0.08531699432892394,0.07759235415187427,0.06428930495462881
all_ponds,160,89,Support vector regression,+ Disturbances,0.6413451945827858,0.539798469316487,0.5905718319496365,0.07373987842729755,0.08340591114164339,0.07857289478447047,-0.023348571299310006
all_ponds,160,89,Generalized additive model,Structure,0.5120088262246769,0.014577869153467038,0.263293347689072,0.08871305185571174,0.12330837253200837,0.10601071219386005,
all_ponds,160,89,Generalized additive model,+ Season,0.4861515751348384,0.4154304213014569,0.45079099821814766,0.0907961645089084,0.09256513526706292,0.09168064988798566,0.1874976505290757
all_ponds,160,89,Generalized additive model,+ Water quality,0.646994225289123,0.4406184056407795,0.5438063154649513,0.07455183736454872,0.09111299026031165,0.08283241381243019,0.09301531724680362
all_ponds,160,89,Generalized additive model,+ Disturbances,0.6616345819799836,0.4045424804373223,0.533088531208653,0.07201331381485424,0.09176707495913598,0.0818901943869951,-0.010717784256298324
