Cohort,Samples,Pond_month_groups,Algorithm,Predictor_set,PCoA1_R2,PCoA2_R2,Mean_R2,Delta_mean_R2,PCoA1_MAE,PCoA2_MAE,Mean_MAE
all_ponds,160,89,Mean-only baseline,None,-0.0087,-0.014,-0.0113,,0.1273,0.1284,0.1279
all_ponds,160,89,Ridge,Structure,0.5115,0.0141,0.2628,,0.0886,0.1233,0.1059
all_ponds,160,89,Ridge,+ Season,0.4879,0.4327,0.4603,0.1976,0.0896,0.0901,0.0898
all_ponds,160,89,Ridge,+ Water quality,0.6563,0.4154,0.5359,0.0755,0.0721,0.0948,0.0835
all_ponds,160,89,Ridge,+ Disturbances,0.6401,0.3985,0.5193,-0.0165,0.072,0.0935,0.0828
all_ponds,160,89,Random forest,Structure,0.5131,0.0217,0.2674,,0.0877,0.122,0.1049
all_ponds,160,89,Random forest,+ Season,0.702,0.4502,0.5761,0.3087,0.0648,0.0935,0.0791
all_ponds,160,89,Random forest,+ Water quality,0.6569,0.5115,0.5842,0.0081,0.0727,0.087,0.0799
all_ponds,160,89,Random forest,+ Disturbances,0.6613,0.5136,0.5874,0.0032,0.0723,0.0866,0.0795
all_ponds,160,89,Gradient boosting,Structure,0.5134,0.0186,0.266,,0.088,0.1227,0.1054
all_ponds,160,89,Gradient boosting,+ Season,0.5586,0.4651,0.5119,0.2459,0.0825,0.0907,0.0866
all_ponds,160,89,Gradient boosting,+ Water quality,0.5835,0.513,0.5482,0.0364,0.0795,0.084,0.0818
all_ponds,160,89,Gradient boosting,+ Disturbances,0.6044,0.5164,0.5604,0.0122,0.0767,0.0834,0.0801
all_ponds,160,89,XGBoost,Structure,0.5131,0.0171,0.2651,,0.0882,0.1228,0.1055
all_ponds,160,89,XGBoost,+ Season,0.5259,0.4487,0.4873,0.2222,0.0831,0.0924,0.0878
all_ponds,160,89,XGBoost,+ Water quality,0.5683,0.5259,0.5471,0.0598,0.081,0.0821,0.0815
all_ponds,160,89,XGBoost,+ Disturbances,0.6003,0.515,0.5577,0.0105,0.0776,0.0825,0.08
all_ponds,160,89,Support vector regression,Structure,0.5123,0.0058,0.259,,0.0862,0.1232,0.1047
all_ponds,160,89,Support vector regression,+ Season,0.6766,0.4227,0.5496,0.2906,0.071,0.0962,0.0836
all_ponds,160,89,Support vector regression,+ Water quality,0.7067,0.5211,0.6139,0.0643,0.0699,0.0853,0.0776
all_ponds,160,89,Support vector regression,+ Disturbances,0.6413,0.5398,0.5906,-0.0233,0.0737,0.0834,0.0786
all_ponds,160,89,Generalized additive model,Structure,0.512,0.0146,0.2633,,0.0887,0.1233,0.106
all_ponds,160,89,Generalized additive model,+ Season,0.4862,0.4154,0.4508,0.1875,0.0908,0.0926,0.0917
all_ponds,160,89,Generalized additive model,+ Water quality,0.6496,0.4361,0.5429,0.0921,0.0742,0.0917,0.0829
all_ponds,160,89,Generalized additive model,+ Disturbances,0.6605,0.4034,0.5319,-0.011,0.0718,0.0921,0.0819
