sample-id	input	filtered	percentage of input passed filter	denoised	non-chimeric	percentage of input non-chimeric
#q2:types	numeric	numeric	numeric	numeric	numeric	numeric
Probiotic1	26233	25929	98.84	23595	22629	86.26
Probiotic2	18359	18186	99.06	16492	16037	87.35
Probiotic3	21419	21240	99.16	20464	19989	93.32
SeaWater1	24195	24139	99.77	23828	23823	98.46
SeaWater2	19444	18841	96.9	14608	14428	74.2
T1-202209-D	55585	54117	97.36	52669	52663	94.74
T1-202209-U	56141	54372	96.85	52497	52454	93.43
T1-202210-D	41226	40394	97.98	37805	37772	91.62
T1-202210-U	37029	36214	97.8	34951	34932	94.34
T1-202211-D	26629	26461	99.37	25461	25211	94.67
T1-202211-U	20711	20470	98.84	18092	17773	85.81
T1-202212-1-D	33691	32965	97.85	30922	30903	91.72
T1-202212-1-U	26208	25525	97.39	24654	24642	94.02
T1-202212-2-D	41507	40952	98.66	38903	37838	91.16
T1-202212-2-U	38683	38108	98.51	35840	35291	91.23
T1-202301-1-D	29492	29235	99.13	25633	25572	86.71
T1-202301-1-U	27605	27490	99.58	25648	25634	92.86
T1-202301-2-D	27015	26148	96.79	25623	25623	94.85
T1-202301-2-U	25911	25121	96.95	24021	24013	92.67
T1-202302-1-D	29739	29068	97.74	27434	27429	92.23
T1-202302-1-U	35817	34736	96.98	33359	33344	93.1
T1-202302-2-D	66949	64588	96.47	60541	60485	90.34
T1-202302-2-U	29996	28848	96.17	27886	27875	92.93
T1-202303-D	58926	50139	85.09	48978	48958	83.08
T1-202303-U	61874	52258	84.46	51193	51159	82.68
T1-202304-D	17957	15620	86.99	14823	14819	82.52
T1-202304-U	27611	23906	86.58	23190	23181	83.96
T1-202305-D	16734	14560	87.01	13780	13735	82.08
T1-202305-U	49369	42899	86.89	41983	41613	84.29
T1-202307-D	56317	48386	85.92	46775	46652	82.84
T1-202307-U	56787	48882	86.08	46802	46712	82.26
T1-202310-D	55412	45573	82.24	43738	43717	78.89
T1-202310-U	89663	73394	81.86	71390	71352	79.58
T1-202311-D	34075	26505	77.78	23355	23335	68.48
T1-202311-U	33140	25915	78.2	24446	24442	73.75
T1-202312-D	5985	3985	66.58	3000	2998	50.09
T1-202312-U	6652	4338	65.21	3564	3564	53.58
T1-202401-D	38622	30451	78.84	27856	27850	72.11
T1-202401-U	16220	11722	72.27	9817	9810	60.48
T1-202402-D	28807	22227	77.16	19505	19480	67.62
T1-202402-U	24314	18795	77.3	17353	17340	71.32
T1-202403-D	13580	10055	74.04	7751	7751	57.08
T1-202403-U	8700	6444	74.07	5425	5425	62.36
T1-202404-D	31021	23424	75.51	21029	21011	67.73
T1-202404-U	24090	18555	77.02	16986	16942	70.33
T1-202410-D	82965	75118	90.54	71533	71415	86.08
T1-202410-U	77741	70759	91.02	66520	66334	85.33
T1-202411-D	47424	42976	90.62	41599	41577	87.67
T1-202411-U	60584	53823	88.84	52077	52039	85.9
T1-202412-1-D	45000	40912	90.92	39857	39834	88.52
T1-202412-1-U	53411	48535	90.87	46918	46901	87.81
T1-202412-2-D	65195	59637	91.47	56699	56685	86.95
T1-202412-2-U	79373	72596	91.46	68928	68876	86.78
T2-202209-D	50071	49633	99.13	47680	47632	95.13
T2-202209-U	42890	42460	99	40379	40283	93.92
T2-202210-D	39563	39354	99.47	37937	37929	95.87
T2-202210-U	27313	27001	98.86	25124	25095	91.88
T2-202211-D	28058	27666	98.6	25896	25687	91.55
T2-202211-U	30683	30141	98.23	28291	28057	91.44
T2-202302-1-G	21612	21409	99.06	18158	18129	83.88
T2-202304-D	24453	21079	86.2	20632	20616	84.31
T2-202304-U	30420	26256	86.31	25763	25738	84.61
T2-202305-D	14391	12470	86.65	12065	12059	83.8
T2-202305-U	73053	62496	85.55	60237	60034	82.18
T2-202306-D	6078	5183	85.27	4932	4918	80.91
T2-202306-U	18303	15698	85.77	15368	15315	83.67
T2-202307-D	35294	30096	85.27	28916	28806	81.62
T2-202307-U	56566	48066	84.97	47275	47058	83.19
T2-202308-D	19862	16703	84.1	16200	16071	80.91
T2-202308-U	43859	36779	83.86	36431	36032	82.15
T2-202309-D	21200	18291	86.28	17765	17729	83.63
T2-202309-U	63269	54852	86.7	53685	53590	84.7
T2-202310-D	49751	40191	80.78	37045	37030	74.43
T2-202310-U	20378	15640	76.75	14662	14660	71.94
T2-202311-D	13885	9836	70.84	8590	8590	61.87
T2-202311-U	11477	8419	73.36	8005	8000	69.7
T2-202312-D	24107	18173	75.38	15033	15033	62.36
T2-202312-U	16101	11668	72.47	10236	10234	63.56
T2-202401-D	26676	20442	76.63	17156	17143	64.26
T2-202401-U	33564	26158	77.93	24412	24408	72.72
T2-202402-D	20377	15831	77.69	14146	14141	69.4
T2-202402-U	10930	7907	72.34	6610	6608	60.46
T2-202403-D	52482	41047	78.21	37592	37574	71.59
T2-202403-U	38780	30007	77.38	28120	28099	72.46
T2-202404-D	36436	28885	79.28	27874	27865	76.48
T2-202404-U	38034	29306	77.05	25041	25038	65.83
T2-202405-D	61829	48171	77.91	45841	45804	74.08
T2-202405-U	16746	13033	77.83	12194	12186	72.77
T2-202406-D	49321	45790	92.84	41962	40553	82.22
T2-202406-U	69476	63518	91.42	59192	56156	80.83
T2-202407-1-D	63330	58829	92.89	57502	56752	89.61
T2-202407-1-U	47966	44162	92.07	40022	39131	81.58
T2-202407-2-D	125222	115932	92.58	112671	112549	89.88
T2-202407-2-U	98404	90111	91.57	85460	85031	86.41
T2-202408-1-D	134193	121774	90.75	101341	100538	74.92
T2-202408-1-U	160653	146453	91.16	134744	134198	83.53
T2-202408-2-D	89735	81398	90.71	67248	65202	72.66
T2-202408-2-U	81895	75480	92.17	69605	69284	84.6
T2-202409-D	60815	56535	92.96	52626	52567	86.44
T2-202409-U	70612	65278	92.45	61211	60964	86.34
T2-202410-U	79832	73419	91.97	71036	70960	88.89
T2-202411-D	55183	50679	91.84	49081	49014	88.82
T2-202411-U	56001	51632	92.2	50205	50179	89.6
T2-202412-1-G	45586	42063	92.27	37980	37936	83.22
T2-202412-1-U	51183	46713	91.27	45440	45409	88.72
T2-202412-2-D	54035	48468	89.7	39766	39629	73.34
T3-202209-D	48280	47315	98	44651	44649	92.48
T3-202209-U	56135	55092	98.14	53536	53508	95.32
T3-202210-D	28361	27977	98.65	26406	26373	92.99
T3-202210-U	41282	40876	99.02	39640	39566	95.84
T3-202211-D	42101	41681	99	39315	38501	91.45
T3-202211-U	37533	37131	98.93	35678	34730	92.53
T3-202302-1-G	20119	19916	98.99	16593	16589	82.45
T3-202303-D	27996	24404	87.17	23384	23381	83.52
T3-202303-U	36969	31859	86.18	30633	30584	82.73
T3-202304-D	54625	47557	87.06	46412	46402	84.95
T3-202304-U	31118	27137	87.21	26446	26439	84.96
T3-202305-D	25321	21885	86.43	21343	21322	84.21
T3-202305-U	58021	49087	84.6	47145	46877	80.79
T3-202306-D	54833	46910	85.55	46122	45952	83.8
T3-202306-U	34149	28985	84.88	28581	28437	83.27
T3-202307-D	46603	40368	86.62	39438	39400	84.54
T3-202307-U	26639	23032	86.46	22325	22304	83.73
T3-202308-D	52439	45278	86.34	44323	44209	84.31
T3-202308-U	58219	49992	85.87	49425	49256	84.6
T3-202309-U	60609	51276	84.6	48210	48144	79.43
T3-202310-U	16294	13005	79.81	12080	12080	74.14
T3-202311-U	15278	11288	73.88	9842	9841	64.41
T3-202312-U	35689	27378	76.71	25199	24994	70.03
T3-202401-U	33809	25939	76.72	23540	23535	69.61
T3-202402-U	8830	6703	75.91	5748	5722	64.8
T3-202403-U	14967	11047	73.81	9161	9153	61.15
T3-202404-D	14971	11232	75.03	10208	10208	68.19
T3-202404-U	48155	38573	80.1	35319	35278	73.26
T3-202405-D	27082	21413	79.07	20720	20717	76.5
T3-202405-U	35505	27975	78.79	26738	26734	75.3
T3-202406-D	97578	90369	92.61	82421	80560	82.56
T3-202406-U	123879	114917	92.77	110543	109791	88.63
T3-202407-1-D	55765	51851	92.98	49284	48549	87.06
T3-202407-1-U	89424	83130	92.96	80376	79313	88.69
T3-202407-2-D	144441	133533	92.45	129168	129078	89.36
T3-202407-2-U	61633	56290	91.33	51874	51670	83.83
T3-202408-1-D	80605	73354	91	60521	59937	74.36
T3-202408-1-U	158713	147028	92.64	138185	137203	86.45
T3-202408-2-D	94946	87439	92.09	79421	78664	82.85
T3-202408-2-U	89078	81703	91.72	75377	74310	83.42
T3-202409-U	65627	60388	92.02	52439	51801	78.93
T3-202410-D	50546	46726	92.44	45138	45132	89.29
T3-202410-U	97660	89603	91.75	86112	85951	88.01
T3-202411-G	54977	50823	92.44	48788	48733	88.64
T3-202412-1-G	74989	69375	92.51	65075	64988	86.66
T3-202412-2-D	54270	49446	91.11	44818	44755	82.47
T4-202209-D	46476	45679	98.29	43765	43694	94.01
T4-202209-U	50950	50277	98.68	49195	49141	96.45
T4-202210-D	41023	40459	98.63	38029	38016	92.67
T4-202210-U	41335	40882	98.9	40012	39992	96.75
T4-202211-D	22762	22523	98.95	21153	21151	92.92
T4-202211-U	23491	23185	98.7	21539	21428	91.22
T4-202212-1-D	33525	32555	97.11	31736	31718	94.61
T4-202212-1-U	38531	37288	96.77	36091	36072	93.62
T4-202212-2-D	29733	29286	98.5	26058	24884	83.69
T4-202212-2-U	36257	35812	98.77	33650	33241	91.68
T4-202302-1-G	21109	20940	99.2	17851	17849	84.56
T4-202302-2-U	25362	25193	99.33	24231	24050	94.83
T4-202303-D	40261	34719	86.23	33699	33627	83.52
T4-202303-U	48625	41862	86.09	40699	40632	83.56
T4-202304-D	53292	46479	87.22	45344	45332	85.06
T4-202304-U	52265	45285	86.64	43854	43847	83.89
T4-202305-D	23381	20375	87.14	19756	19743	84.44
T4-202305-U	7613	6579	86.42	6418	6416	84.28
T4-202306-D	54907	46532	84.75	45880	45788	83.39
T4-202306-U	51795	43788	84.54	43396	43272	83.54
T4-202307-D	53757	46474	86.45	45250	45230	84.14
T4-202307-U	24171	20775	85.95	20358	20354	84.21
T4-202308-D	30265	26034	86.02	25485	25469	84.15
T4-202308-U	36953	31607	85.53	31250	31233	84.52
T4-202309-D	46713	38238	81.86	34352	34161	73.13
T4-202309-U	30802	26478	85.96	26028	26015	84.46
T4-202310-U	21958	17895	81.5	17426	17424	79.35
T4-202311-U	2651	1984	74.84	1779	1779	67.11
T4-202312-U	63715	50233	78.84	48749	48749	76.51
T4-202401-U	44486	34582	77.74	32275	32261	72.52
T4-202402-U	13892	10638	76.58	9509	9509	68.45
T4-202403-U	36760	28771	78.27	28060	28054	76.32
T4-202404-D	26496	20629	77.86	19458	19446	73.39
T4-202404-U	20476	16047	78.37	15539	15536	75.87
T4-202405-D	9540	7042	73.82	6221	6218	65.18
T4-202405-U	36993	29646	80.14	28897	28893	78.1
T4-202406-D	112246	102510	91.33	98742	98573	87.82
T4-202406-U	100008	91997	91.99	89279	89204	89.2
T4-202407-1-D	81969	73800	90.03	70985	70734	86.29
T4-202407-1-U	321259	286944	89.32	277804	277276	86.31
T4-202407-2-D	119770	105756	88.3	95748	94932	79.26
T4-202407-2-U	127350	114938	90.25	107426	106835	83.89
T4-202408-1-D	74547	68182	91.46	59912	59731	80.13
T4-202408-1-U	79587	73446	92.28	69696	69544	87.38
T4-202408-2-D	93496	83288	89.08	65715	65092	69.62
T4-202408-2-U	72903	67125	92.07	63385	63281	86.8
T4-202409-D	87236	80588	92.38	70924	70820	81.18
T4-202409-U	48354	44732	92.51	43486	43483	89.93
T4-202411-G	70194	64944	92.52	60351	60278	85.87
T4-202412-1-G	81606	75753	92.83	66120	65973	80.84
T4-202412-2-D	69241	63480	91.68	53665	53528	77.31
Water	22706	22372	98.53	19276	19098	84.11
