file	format	type	num_seqs	sum_len	min_len	avg_len	max_len	Q1	Q2	Q3	sum_gap	N50	Q20(%)	Q30(%)	sample
202212-N.gz	FASTQ	DNA	26294	39148832	493	1488.9	3265	1485.0	1492.0	1497.0	0	1492	99.86	99.72	Probiotic1
202302-2N.gz	FASTQ	DNA	24905	38657905	384	1552.2	4629	1488.0	1497.0	1502.0	0	1497	99.88	99.74	Probiotic2
202302-2N1.gz	FASTQ	DNA	22907	35152042	386	1534.6	4785	1522.0	1532.0	1534.0	0	1533	99.88	99.75	Probiotic3
202302-2B.gz	FASTQ	DNA	24240	36301224	576	1497.6	3250	1497.0	1497.0	1497.0	0	1497	99.92	99.83	SeaWater1
202302-2C.gz	FASTQ	DNA	19522	28982100	492	1484.6	4477	1457.0	1485.0	1501.0	0	1485	99.87	99.73	SeaWater2
T1-202209-D.gz	FASTQ	DNA	56578	84084206	455	1486.2	5522	1446.0	1464.0	1497.0	0	1465	99.92	99.82	T1-202209-D
T1-202209-U.gz	FASTQ	DNA	56798	84467780	477	1487.2	5726	1446.0	1464.0	1490.0	0	1466	99.91	99.81	T1-202209-U
T1-202210-D.gz	FASTQ	DNA	41759	61947472	412	1483.5	4770	1458.0	1479.0	1489.0	0	1479	99.90	99.79	T1-202210-D
T1-202210-U.gz	FASTQ	DNA	38064	56451629	417	1483.1	5195	1457.0	1472.0	1486.0	0	1475	99.92	99.82	T1-202210-U
T1-202211-D.gz	FASTQ	DNA	27067	40920805	524	1511.8	6036	1484.0	1499.0	1514.0	0	1500	99.90	99.79	T1-202211-D
T1-202211-U.gz	FASTQ	DNA	21042	31535410	332	1498.7	4838	1480.0	1498.0	1502.0	0	1498	99.88	99.74	T1-202211-U
T1-202212-1-D.gz	FASTQ	DNA	36317	54555378	326	1502.2	4477	1457.0	1482.0	1506.0	0	1483	99.91	99.81	T1-202212-1-D
T1-202212-1-U.gz	FASTQ	DNA	29000	43920225	386	1514.5	5067	1456.0	1482.0	1515.0	0	1484	99.91	99.80	T1-202212-1-U
T1-202212-2-D.gz	FASTQ	DNA	41768	62723740	516	1501.7	4140	1488.0	1512.0	1512.0	0	1512	99.87	99.72	T1-202212-2-D
T1-202212-2-U.gz	FASTQ	DNA	39010	58481658	468	1499.1	4599	1480.0	1500.0	1512.0	0	1501	99.88	99.75	T1-202212-2-U
T1-202301-1-D.gz	FASTQ	DNA	29619	44003355	464	1485.6	4444	1476.0	1485.0	1497.0	0	1485	99.89	99.77	T1-202301-1-D
T1-202301-1-U.gz	FASTQ	DNA	27971	41634703	525	1488.5	5403	1477.0	1484.0	1495.0	0	1484	99.91	99.81	T1-202301-1-U
T1-202301-2-D.gz	FASTQ	DNA	27969	42130605	487	1506.3	5017	1454.0	1472.0	1495.0	0	1473	99.92	99.82	T1-202301-2-D
T1-202301-2-U.gz	FASTQ	DNA	26372	39606604	558	1501.8	6026	1457.0	1475.0	1497.0	0	1477	99.91	99.81	T1-202301-2-U
T1-202302-1-D.gz	FASTQ	DNA	30280	45415527	444	1499.9	4823	1457.0	1482.0	1501.0	0	1483	99.91	99.81	T1-202302-1-D
T1-202302-1-U.gz	FASTQ	DNA	36230	54601801	465	1507.1	4270	1455.0	1479.0	1501.0	0	1481	99.92	99.82	T1-202302-1-U
T1-202302-2-D.gz	FASTQ	DNA	67578	102204027	541	1512.4	4688	1454.0	1482.0	1513.0	0	1483	99.90	99.80	T1-202302-2-D
T1-202302-2-U.gz	FASTQ	DNA	30268	45867617	510	1515.4	5212	1453.0	1478.0	1516.0	0	1482	99.90	99.80	T1-202302-2-U
T1-202303-D.gz	FASTQ	DNA	60555	91357740	447	1508.7	5489	1450.0	1466.0	1495.0	0	1474	99.45	98.78	T1-202303-D
T1-202303-U.gz	FASTQ	DNA	62933	95407756	357	1516.0	5232	1452.0	1475.0	1501.0	0	1479	99.46	98.79	T1-202303-U
T1-202304-D.gz	FASTQ	DNA	23651	38028261	381	1607.9	6888	1449.0	1484.0	1504.0	0	1492	99.41	98.66	T1-202304-D
T1-202304-U.gz	FASTQ	DNA	29186	43903817	367	1504.3	5685	1451.0	1482.0	1498.0	0	1483	99.44	98.75	T1-202304-U
T1-202305-D.gz	FASTQ	DNA	19199	30114058	353	1568.5	5638	1451.0	1483.0	1501.0	0	1484	99.43	98.72	T1-202305-D
T1-202305-U.gz	FASTQ	DNA	49888	73715396	525	1477.6	4836	1446.0	1476.0	1486.0	0	1478	99.46	98.80	T1-202305-U
T1-202307-D.gz	FASTQ	DNA	57152	85739452	484	1500.2	5481	1477.0	1484.0	1492.0	0	1484	99.46	98.80	T1-202307-D
T1-202307-U.gz	FASTQ	DNA	57525	85885369	507	1493.0	4681	1477.0	1484.0	1492.0	0	1484	99.46	98.80	T1-202307-U
T1-202310-D.gz	FASTQ	DNA	56059	83063417	551	1481.7	5197	1453.0	1482.0	1495.0	0	1483	99.27	98.44	T1-202310-D
T1-202310-U.gz	FASTQ	DNA	90582	134057062	588	1480.0	4416	1451.0	1481.0	1495.0	0	1481	99.26	98.43	T1-202310-U
T1-202311-D.gz	FASTQ	DNA	36561	54532253	321	1491.5	5478	1458.0	1484.0	1503.0	0	1485	99.21	98.36	T1-202311-D
T1-202311-U.gz	FASTQ	DNA	34886	52116680	410	1493.9	5358	1457.0	1483.0	1503.0	0	1484	99.22	98.38	T1-202311-U
T1-202312-D.gz	FASTQ	DNA	6242	9327046	539	1494.2	4618	1458.0	1484.0	1503.0	0	1485	98.95	98.04	T1-202312-D
T1-202312-U.gz	FASTQ	DNA	6969	10406129	514	1493.2	4794	1454.0	1476.0	1501.0	0	1478	98.92	98.01	T1-202312-U
T1-202401-D.gz	FASTQ	DNA	42787	62857518	447	1469.1	5241	1452.0	1480.0	1500.0	0	1482	99.25	98.42	T1-202401-D
T1-202401-U.gz	FASTQ	DNA	16832	25084530	471	1490.3	4197	1454.0	1480.0	1504.0	0	1482	99.10	98.23	T1-202401-U
T1-202402-D.gz	FASTQ	DNA	29990	44726958	317	1491.4	4504	1454.0	1481.0	1498.0	0	1482	99.18	98.31	T1-202402-D
T1-202402-U.gz	FASTQ	DNA	25110	37385900	525	1488.9	4780	1453.0	1480.0	1496.0	0	1482	99.18	98.32	T1-202402-U
T1-202403-D.gz	FASTQ	DNA	14330	21281137	465	1485.1	3776	1455.0	1480.0	1504.0	0	1482	99.11	98.23	T1-202403-D
T1-202403-U.gz	FASTQ	DNA	9107	13562967	612	1489.3	3015	1453.0	1477.0	1500.0	0	1480	99.14	98.30	T1-202403-U
T1-202404-D.gz	FASTQ	DNA	31982	47558928	511	1487.1	5456	1449.0	1471.0	1496.0	0	1473	99.15	98.29	T1-202404-D
T1-202404-U.gz	FASTQ	DNA	25126	37334620	434	1485.9	3944	1449.0	1469.0	1495.0	0	1473	99.19	98.33	T1-202404-U
T1-202410-D.gz	FASTQ	DNA	84767	126572127	764	1493.2	5619	1452.0	1467.0	1493.0	0	1472	99.56	99.00	T1-202410-D
T1-202410-U.gz	FASTQ	DNA	79558	117962956	465	1482.7	4266	1455.0	1466.0	1491.0	0	1467	99.56	99.00	T1-202410-U
T1-202411-D.gz	FASTQ	DNA	48673	73440699	546	1508.9	7052	1452.0	1481.0	1499.0	0	1482	99.56	98.99	T1-202411-D
T1-202411-U.gz	FASTQ	DNA	61880	93488383	558	1510.8	6021	1456.0	1480.0	1508.0	0	1482	99.56	99.01	T1-202411-U
T1-202412-1-D.gz	FASTQ	DNA	47141	71151416	360	1509.3	7350	1457.0	1478.0	1496.0	0	1481	99.54	98.95	T1-202412-1-D
T1-202412-1-U.gz	FASTQ	DNA	54669	82044583	359	1500.8	6362	1458.0	1479.0	1494.0	0	1480	99.56	98.99	T1-202412-1-U
T1-202412-2-D.gz	FASTQ	DNA	67509	101574770	425	1504.6	6768	1455.0	1483.0	1497.0	0	1483	99.56	98.99	T1-202412-2-D
T1-202412-2-U.gz	FASTQ	DNA	81679	122254929	481	1496.8	5923	1456.0	1482.0	1495.0	0	1483	99.55	98.99	T1-202412-2-U
T2-202209-D.gz	FASTQ	DNA	51592	76648804	492	1485.7	5659	1459.0	1481.0	1493.0	0	1482	99.92	99.83	T2-202209-D
T2-202209-U.gz	FASTQ	DNA	43505	64477392	445	1482.1	5311	1455.0	1477.0	1488.0	0	1478	99.91	99.80	T2-202209-U
T2-202210-D.gz	FASTQ	DNA	40126	59745475	466	1488.9	4889	1462.0	1483.0	1494.0	0	1483	99.92	99.83	T2-202210-D
T2-202210-U.gz	FASTQ	DNA	27830	41392849	398	1487.3	4819	1463.0	1485.0	1499.0	0	1485	99.90	99.79	T2-202210-U
T2-202211-D.gz	FASTQ	DNA	28583	43171724	485	1510.4	5109	1481.0	1488.0	1506.0	0	1489	99.90	99.79	T2-202211-D
T2-202211-U.gz	FASTQ	DNA	30895	46438724	525	1503.1	4465	1486.0	1505.0	1512.0	0	1506	99.88	99.74	T2-202211-U
T2-202302-1-G.gz	FASTQ	DNA	21754	32541315	505	1495.9	4241	1475.0	1492.0	1513.0	0	1492	99.91	99.81	T2-202302-1-G
T2-202304-D.gz	FASTQ	DNA	26026	38584329	452	1482.5	7334	1446.0	1459.0	1485.0	0	1459	99.45	98.76	T2-202304-D
T2-202304-U.gz	FASTQ	DNA	31378	46261821	374	1474.3	4564	1446.0	1456.0	1485.0	0	1457	99.46	98.80	T2-202304-U
T2-202305-D.gz	FASTQ	DNA	16783	25711682	324	1532.0	6712	1446.0	1463.0	1492.0	0	1476	99.43	98.71	T2-202305-D
T2-202305-U.gz	FASTQ	DNA	74286	110205510	445	1483.5	5452	1448.0	1466.0	1486.0	0	1468	99.43	98.76	T2-202305-U
T2-202306-D.gz	FASTQ	DNA	6828	10791094	498	1580.4	6047	1457.0	1480.0	1492.0	0	1482	99.38	98.61	T2-202306-D
T2-202306-U.gz	FASTQ	DNA	18644	27871521	483	1494.9	4916	1457.0	1475.0	1487.0	0	1477	99.47	98.81	T2-202306-U
T2-202307-D.gz	FASTQ	DNA	36045	54218555	481	1504.2	5249	1456.0	1479.0	1494.0	0	1480	99.45	98.76	T2-202307-D
T2-202307-U.gz	FASTQ	DNA	58175	88141538	406	1515.1	5728	1456.0	1467.0	1491.0	0	1474	99.45	98.77	T2-202307-U
T2-202308-D.gz	FASTQ	DNA	20475	31052168	348	1516.6	5900	1457.0	1476.0	1489.0	0	1479	99.46	98.78	T2-202308-D
T2-202308-U.gz	FASTQ	DNA	44386	66082317	560	1488.8	4771	1457.0	1464.0	1487.0	0	1466	99.47	98.81	T2-202308-U
T2-202309-D.gz	FASTQ	DNA	25429	40203504	408	1581.0	5945	1457.0	1480.0	1497.0	0	1482	99.43	98.71	T2-202309-D
T2-202309-U.gz	FASTQ	DNA	64995	96994212	376	1492.3	5405	1458.0	1480.0	1492.0	0	1481	99.46	98.79	T2-202309-U
T2-202310-D.gz	FASTQ	DNA	56393	83936026	406	1488.4	5852	1460.0	1483.0	1500.0	0	1484	99.26	98.43	T2-202310-D
T2-202310-U.gz	FASTQ	DNA	22988	34228520	311	1489.0	5002	1457.0	1482.0	1495.0	0	1483	99.17	98.31	T2-202310-U
T2-202311-D.gz	FASTQ	DNA	14430	21278498	330	1474.6	4723	1446.0	1453.0	1487.0	0	1454	98.95	98.00	T2-202311-D
T2-202311-U.gz	FASTQ	DNA	11994	17547552	357	1463.0	4207	1446.0	1448.0	1460.0	0	1448	99.05	98.17	T2-202311-U
T2-202312-D.gz	FASTQ	DNA	25282	37391997	492	1479.0	4416	1451.0	1470.0	1494.0	0	1473	99.14	98.28	T2-202312-D
T2-202312-U.gz	FASTQ	DNA	16486	24283947	522	1473.0	3851	1450.0	1459.0	1483.0	0	1459	99.04	98.14	T2-202312-U
T2-202401-D.gz	FASTQ	DNA	28051	41705888	437	1486.8	5292	1456.0	1479.0	1499.0	0	1481	99.17	98.32	T2-202401-D
T2-202401-U.gz	FASTQ	DNA	34708	51388327	361	1480.6	5452	1452.0	1465.0	1490.0	0	1467	99.20	98.36	T2-202401-U
T2-202402-D.gz	FASTQ	DNA	23567	34581816	460	1467.4	4556	1447.0	1473.0	1496.0	0	1475	99.22	98.38	T2-202402-D
T2-202402-U.gz	FASTQ	DNA	11272	16783917	506	1489.0	3774	1454.0	1480.0	1496.0	0	1481	99.06	98.16	T2-202402-U
T2-202403-D.gz	FASTQ	DNA	56264	83935653	483	1491.8	4316	1451.0	1480.0	1502.0	0	1482	99.22	98.38	T2-202403-D
T2-202403-U.gz	FASTQ	DNA	40454	60391354	524	1492.8	4656	1450.0	1473.0	1500.0	0	1475	99.20	98.35	T2-202403-U
T2-202404-D.gz	FASTQ	DNA	38285	56947321	135	1487.5	6197	1450.0	1473.0	1486.0	0	1473	99.24	98.40	T2-202404-D
T2-202404-U.gz	FASTQ	DNA	39535	58560299	464	1481.2	4511	1459.0	1480.0	1495.0	0	1481	99.17	98.31	T2-202404-U
T2-202405-D.gz	FASTQ	DNA	63281	94090451	499	1486.9	5443	1455.0	1477.0	1492.0	0	1480	99.20	98.34	T2-202405-D
T2-202405-U.gz	FASTQ	DNA	18959	28195896	406	1487.2	4940	1451.0	1473.0	1492.0	0	1477	99.21	98.36	T2-202405-U
T2-202406-D.gz	FASTQ	DNA	69337	112091486	271	1616.6	6321	1479.0	1516.0	1518.0	0	1516	99.51	98.89	T2-202406-D
T2-202406-U.gz	FASTQ	DNA	71836	108180676	337	1505.9	6097	1477.0	1511.0	1513.0	0	1511	99.51	98.90	T2-202406-U
T2-202407-1-D.gz	FASTQ	DNA	124914	222754815	281	1783.3	6851	1493.0	1499.0	1884.0	0	1518	99.48	98.80	T2-202407-1-D
T2-202407-1-U.gz	FASTQ	DNA	54504	84126335	240	1543.5	5894	1488.0	1498.0	1502.0	0	1498	99.53	98.95	T2-202407-1-U
T2-202407-2-D.gz	FASTQ	DNA	129343	191867649	401	1483.4	5496	1450.0	1457.0	1486.0	0	1457	99.56	99.00	T2-202407-2-D
T2-202407-2-U.gz	FASTQ	DNA	105192	157345797	356	1495.8	4932	1450.0	1468.0	1495.0	0	1469	99.55	98.98	T2-202407-2-U
T2-202408-1-D.gz	FASTQ	DNA	140189	208998312	397	1490.8	3885	1452.0	1480.0	1494.0	0	1481	99.55	99.00	T2-202408-1-D
T2-202408-1-U.gz	FASTQ	DNA	166851	249049376	517	1492.6	4481	1451.0	1480.0	1494.0	0	1481	99.56	99.00	T2-202408-1-U
T2-202408-2-D.gz	FASTQ	DNA	98972	149351017	268	1509.0	6672	1456.0	1474.0	1502.0	0	1477	99.54	99.00	T2-202408-2-D
T2-202408-2-U.gz	FASTQ	DNA	84603	125802758	340	1487.0	4791	1453.0	1475.0	1491.0	0	1476	99.57	99.03	T2-202408-2-U
T2-202409-D.gz	FASTQ	DNA	64596	93431387	440	1446.4	6206	1450.0	1450.0	1451.0	0	1450	99.54	98.96	T2-202409-D
T2-202409-U.gz	FASTQ	DNA	72319	106993836	328	1479.5	5043	1450.0	1470.0	1486.0	0	1470	99.56	99.01	T2-202409-U
T2-202410-U.gz	FASTQ	DNA	81573	120469979	495	1476.8	5334	1450.0	1459.0	1484.0	0	1459	99.56	99.00	T2-202410-U
T2-202411-D.gz	FASTQ	DNA	56280	83520829	374	1484.0	5194	1449.0	1470.0	1492.0	0	1471	99.55	99.00	T2-202411-D
T2-202411-U.gz	FASTQ	DNA	57141	84724377	560	1482.7	5418	1446.0	1464.0	1491.0	0	1466	99.55	99.00	T2-202411-U
T2-202412-1-G.gz	FASTQ	DNA	46695	69859445	383	1496.1	5850	1464.0	1492.0	1514.0	0	1493	99.54	98.95	T2-202412-1-G
T2-202412-1-U.gz	FASTQ	DNA	52234	77474764	525	1483.2	5794	1446.0	1470.0	1486.0	0	1471	99.55	98.99	T2-202412-1-U
T2-202412-2-D.gz	FASTQ	DNA	56337	85074126	288	1510.1	6856	1458.0	1485.0	1500.0	0	1485	99.57	99.03	T2-202412-2-D
T3-202209-D.gz	FASTQ	DNA	49031	73234809	444	1493.6	5994	1462.0	1483.0	1495.0	0	1483	99.92	99.83	T3-202209-D
T3-202209-U.gz	FASTQ	DNA	56514	84023617	490	1486.8	4869	1458.0	1482.0	1492.0	0	1482	99.91	99.81	T3-202209-U
T3-202210-D.gz	FASTQ	DNA	28917	43050366	412	1488.8	4460	1461.0	1482.0	1492.0	0	1482	99.91	99.81	T3-202210-D
T3-202210-U.gz	FASTQ	DNA	41964	62481281	504	1488.9	4795	1462.0	1482.0	1491.0	0	1482	99.91	99.81	T3-202210-U
T3-202211-D.gz	FASTQ	DNA	42326	63502795	490	1500.3	4536	1497.0	1498.0	1506.0	0	1498	99.88	99.75	T3-202211-D
T3-202211-U.gz	FASTQ	DNA	37780	56699682	636	1500.8	4542	1498.0	1498.0	1508.0	0	1498	99.88	99.74	T3-202211-U
T3-202302-1-G.gz	FASTQ	DNA	20268	30264997	549	1493.2	3491	1477.0	1494.0	1503.0	0	1495	99.91	99.80	T3-202302-1-G
T3-202303-D.gz	FASTQ	DNA	33560	49368001	472	1471.0	7374	1455.0	1484.0	1493.0	0	1485	99.46	98.79	T3-202303-D
T3-202303-U.gz	FASTQ	DNA	37475	56006543	342	1494.5	5685	1475.0	1484.0	1493.0	0	1485	99.44	98.77	T3-202303-U
T3-202304-D.gz	FASTQ	DNA	55974	82747822	414	1478.3	4989	1447.0	1473.0	1487.0	0	1475	99.46	98.79	T3-202304-D
T3-202304-U.gz	FASTQ	DNA	32159	47560253	483	1478.9	5532	1448.0	1469.0	1488.0	0	1474	99.46	98.79	T3-202304-U
T3-202305-D.gz	FASTQ	DNA	26303	39294054	458	1493.9	7243	1455.0	1459.0	1485.0	0	1459	99.45	98.78	T3-202305-D
T3-202305-U.gz	FASTQ	DNA	59500	88074247	386	1480.2	5079	1452.0	1459.0	1484.0	0	1460	99.41	98.72	T3-202305-U
T3-202306-D.gz	FASTQ	DNA	55715	83179747	525	1493.0	5317	1452.0	1462.0	1486.0	0	1462	99.46	98.80	T3-202306-D
T3-202306-U.gz	FASTQ	DNA	34953	52451466	503	1500.6	5501	1452.0	1462.0	1488.0	0	1463	99.44	98.77	T3-202306-U
T3-202307-D.gz	FASTQ	DNA	47253	70004452	435	1481.5	5374	1456.0	1468.0	1491.0	0	1470	99.45	98.78	T3-202307-D
T3-202307-U.gz	FASTQ	DNA	35207	51001063	414	1448.6	6033	1443.0	1462.0	1491.0	0	1468	99.46	98.78	T3-202307-U
T3-202308-D.gz	FASTQ	DNA	53151	78829221	521	1483.1	5638	1457.0	1463.0	1486.0	0	1463	99.47	98.82	T3-202308-D
T3-202308-U.gz	FASTQ	DNA	59389	88115820	504	1483.7	4712	1457.0	1462.0	1487.0	0	1463	99.46	98.80	T3-202308-U
T3-202309-U.gz	FASTQ	DNA	62034	92788621	508	1495.8	4719	1461.0	1483.0	1502.0	0	1484	99.41	98.74	T3-202309-U
T3-202310-U.gz	FASTQ	DNA	18977	28156985	387	1483.7	4783	1471.0	1487.0	1492.0	0	1487	99.24	98.42	T3-202310-U
T3-202311-U.gz	FASTQ	DNA	16124	24106663	486	1495.1	4517	1464.0	1486.0	1493.0	0	1487	99.11	98.24	T3-202311-U
T3-202312-U.gz	FASTQ	DNA	40082	59184493	356	1476.6	3837	1446.0	1478.0	1488.0	0	1479	99.17	98.31	T3-202312-U
T3-202401-U.gz	FASTQ	DNA	38163	56374270	540	1477.2	3167	1447.0	1484.0	1494.0	0	1484	99.17	98.32	T3-202401-U
T3-202402-U.gz	FASTQ	DNA	11626	17117957	525	1472.4	4513	1431.0	1476.0	1490.0	0	1479	99.23	98.44	T3-202402-U
T3-202403-U.gz	FASTQ	DNA	15555	23127424	410	1486.8	4617	1462.0	1485.0	1495.0	0	1486	99.10	98.23	T3-202403-U
T3-202404-D.gz	FASTQ	DNA	16322	24239759	411	1485.1	4737	1451.0	1480.0	1495.0	0	1482	99.12	98.22	T3-202404-D
T3-202404-U.gz	FASTQ	DNA	51298	76248996	370	1486.4	5212	1452.0	1483.0	1504.0	0	1484	99.25	98.43	T3-202404-U
T3-202405-D.gz	FASTQ	DNA	33123	49336080	293	1489.5	5892	1446.0	1473.0	1497.0	0	1479	99.26	98.41	T3-202405-D
T3-202405-U.gz	FASTQ	DNA	37732	55901278	443	1481.5	5337	1454.0	1482.0	1497.0	0	1483	99.22	98.37	T3-202405-U
T3-202406-D.gz	FASTQ	DNA	102518	154332779	233	1505.4	5420	1472.0	1496.0	1516.0	0	1499	99.53	98.95	T3-202406-D
T3-202406-U.gz	FASTQ	DNA	131180	197425062	286	1505.0	6246	1471.0	1487.0	1512.0	0	1488	99.54	98.96	T3-202406-U
T3-202407-1-D.gz	FASTQ	DNA	63521	98023122	286	1543.2	7471	1492.0	1506.0	1507.0	0	1506	99.54	98.96	T3-202407-1-D
T3-202407-1-U.gz	FASTQ	DNA	92474	139471151	248	1508.2	5785	1498.0	1506.0	1513.0	0	1506	99.54	98.96	T3-202407-1-U
T3-202407-2-D.gz	FASTQ	DNA	162377	256685246	365	1580.8	6905	1462.0	1485.0	1504.0	0	1487	99.52	98.91	T3-202407-2-D
T3-202407-2-U.gz	FASTQ	DNA	63396	94886329	243	1496.7	5163	1460.0	1482.0	1492.0	0	1482	99.55	98.99	T3-202407-2-U
T3-202408-1-D.gz	FASTQ	DNA	88975	135100063	281	1518.4	6194	1455.0	1482.0	1502.0	0	1483	99.55	98.99	T3-202408-1-D
T3-202408-1-U.gz	FASTQ	DNA	212989	331769137	254	1557.7	4964	1449.0	1480.0	1511.0	0	1484	99.54	98.96	T3-202408-1-U
T3-202408-2-D.gz	FASTQ	DNA	98663	146639250	252	1486.3	4581	1449.0	1474.0	1492.0	0	1476	99.57	99.04	T3-202408-2-D
T3-202408-2-U.gz	FASTQ	DNA	93409	139114175	346	1489.3	5050	1449.0	1457.0	1491.0	0	1459	99.57	99.03	T3-202408-2-U
T3-202409-U.gz	FASTQ	DNA	67766	100143457	483	1477.8	4291	1450.0	1471.0	1487.0	0	1472	99.55	98.99	T3-202409-U
T3-202410-D.gz	FASTQ	DNA	52196	78035760	562	1495.1	6930	1450.0	1471.0	1488.0	0	1474	99.56	98.99	T3-202410-D
T3-202410-U.gz	FASTQ	DNA	99787	148044521	308	1483.6	6203	1448.0	1463.0	1483.0	0	1463	99.56	99.00	T3-202410-U
T3-202411-G.gz	FASTQ	DNA	56101	83343075	332	1485.6	5580	1461.0	1476.0	1508.0	0	1477	99.54	98.96	T3-202411-G
T3-202412-1-G.gz	FASTQ	DNA	76527	113180216	430	1479.0	4591	1448.0	1476.0	1498.0	0	1479	99.54	98.95	T3-202412-1-G
T3-202412-2-D.gz	FASTQ	DNA	58526	89432938	409	1528.1	7116	1458.0	1486.0	1502.0	0	1490	99.54	98.94	T3-202412-2-D
T4-202209-D.gz	FASTQ	DNA	47099	69756370	507	1481.1	4136	1451.0	1477.0	1487.0	0	1478	99.91	99.81	T4-202209-D
T4-202209-U.gz	FASTQ	DNA	51462	76047122	418	1477.7	3700	1450.0	1474.0	1487.0	0	1476	99.91	99.80	T4-202209-U
T4-202210-D.gz	FASTQ	DNA	41399	61468993	417	1484.8	4284	1456.0	1482.0	1497.0	0	1483	99.91	99.80	T4-202210-D
T4-202210-U.gz	FASTQ	DNA	42312	62885318	427	1486.2	4839	1457.0	1482.0	1493.0	0	1482	99.92	99.83	T4-202210-U
T4-202211-D.gz	FASTQ	DNA	27237	42267328	336	1551.8	5557	1464.0	1483.0	1506.0	0	1488	99.91	99.80	T4-202211-D
T4-202211-U.gz	FASTQ	DNA	28712	44155485	306	1537.9	5403	1464.0	1483.0	1506.0	0	1488	99.90	99.79	T4-202211-U
T4-202212-1-D.gz	FASTQ	DNA	34693	51999499	455	1498.8	4769	1458.0	1482.0	1492.0	0	1483	99.91	99.81	T4-202212-1-D
T4-202212-1-U.gz	FASTQ	DNA	39539	59353882	499	1501.1	4408	1460.0	1483.0	1492.0	0	1483	99.92	99.82	T4-202212-1-U
T4-202212-2-D.gz	FASTQ	DNA	29878	44833249	453	1500.5	3842	1486.0	1509.0	1513.0	0	1510	99.86	99.70	T4-202212-2-D
T4-202212-2-U.gz	FASTQ	DNA	36489	54604493	367	1496.5	4236	1475.0	1500.0	1512.0	0	1501	99.89	99.77	T4-202212-2-U
T4-202302-1-G.gz	FASTQ	DNA	21627	32332252	517	1495.0	5399	1477.0	1495.0	1505.0	0	1495	99.92	99.83	T4-202302-1-G
T4-202302-2-U.gz	FASTQ	DNA	25870	38365820	552	1483.0	4455	1446.0	1482.0	1486.0	0	1482	99.91	99.80	T4-202302-2-U
T4-202303-D.gz	FASTQ	DNA	41019	61565077	518	1500.9	6053	1460.0	1482.0	1492.0	0	1483	99.46	98.80	T4-202303-D
T4-202303-U.gz	FASTQ	DNA	49228	73047601	404	1483.9	4870	1452.0	1482.0	1492.0	0	1482	99.47	98.82	T4-202303-U
T4-202304-D.gz	FASTQ	DNA	54553	81707802	509	1497.8	5823	1449.0	1473.0	1487.0	0	1474	99.47	98.80	T4-202304-D
T4-202304-U.gz	FASTQ	DNA	52865	78269299	418	1480.6	6017	1454.0	1475.0	1491.0	0	1476	99.45	98.79	T4-202304-U
T4-202305-D.gz	FASTQ	DNA	24400	36502340	366	1496.0	5035	1450.0	1480.0	1497.0	0	1481	99.47	98.82	T4-202305-D
T4-202305-U.gz	FASTQ	DNA	13504	21910000	352	1622.5	6177	1446.0	1481.0	1553.0	0	1492	99.40	98.62	T4-202305-U
T4-202306-D.gz	FASTQ	DNA	56395	84813534	517	1503.9	6344	1456.0	1465.0	1488.0	0	1467	99.46	98.79	T4-202306-D
T4-202306-U.gz	FASTQ	DNA	52552	78826611	464	1500.0	6041	1457.0	1469.0	1492.0	0	1472	99.45	98.78	T4-202306-U
T4-202307-D.gz	FASTQ	DNA	54724	81662054	377	1492.3	5521	1459.0	1482.0	1494.0	0	1483	99.46	98.81	T4-202307-D
T4-202307-U.gz	FASTQ	DNA	27061	41666991	245	1539.7	5984	1458.0	1483.0	1497.0	0	1484	99.43	98.72	T4-202307-U
T4-202308-D.gz	FASTQ	DNA	31425	47425554	403	1509.2	6686	1456.0	1473.0	1492.0	0	1474	99.46	98.80	T4-202308-D
T4-202308-U.gz	FASTQ	DNA	38031	57294944	332	1506.5	6489	1457.0	1473.0	1494.0	0	1473	99.46	98.79	T4-202308-U
T4-202309-D.gz	FASTQ	DNA	48217	71936727	424	1491.9	6336	1457.0	1475.0	1491.0	0	1477	99.38	98.72	T4-202309-D
T4-202309-U.gz	FASTQ	DNA	33257	50584752	413	1521.0	6179	1450.0	1473.0	1492.0	0	1477	99.45	98.76	T4-202309-U
T4-202310-U.gz	FASTQ	DNA	30876	45882400	391	1486.0	5538	1446.0	1471.0	1497.0	0	1480	99.29	98.47	T4-202310-U
T4-202311-U.gz	FASTQ	DNA	2877	4247210	550	1476.3	3759	1446.0	1462.0	1486.0	0	1463	99.11	98.28	T4-202311-U
T4-202312-U.gz	FASTQ	DNA	69207	102916796	459	1487.1	5412	1450.0	1473.0	1491.0	0	1475	99.25	98.42	T4-202312-U
T4-202401-U.gz	FASTQ	DNA	46773	69202444	465	1479.5	4200	1459.0	1481.0	1491.0	0	1481	99.21	98.36	T4-202401-U
T4-202402-U.gz	FASTQ	DNA	14906	22145333	497	1485.7	4199	1454.0	1480.0	1494.0	0	1481	99.18	98.33	T4-202402-U
T4-202403-U.gz	FASTQ	DNA	42369	62517005	441	1475.5	5516	1450.0	1476.0	1494.0	0	1479	99.27	98.44	T4-202403-U
T4-202404-D.gz	FASTQ	DNA	27431	40964707	451	1493.4	4672	1456.0	1481.0	1499.0	0	1482	99.23	98.39	T4-202404-D
T4-202404-U.gz	FASTQ	DNA	24385	36071213	338	1479.2	5922	1450.0	1465.0	1498.0	0	1471	99.25	98.43	T4-202404-U
T4-202405-D.gz	FASTQ	DNA	11749	17501677	302	1489.6	4717	1447.0	1473.0	1492.0	0	1477	99.11	98.24	T4-202405-D
T4-202405-U.gz	FASTQ	DNA	43923	65505852	381	1491.4	5505	1447.0	1474.0	1488.0	0	1477	99.26	98.43	T4-202405-U
T4-202406-D.gz	FASTQ	DNA	116378	174358681	319	1498.2	6009	1450.0	1472.0	1488.0	0	1474	99.55	98.99	T4-202406-D
T4-202406-U.gz	FASTQ	DNA	108293	164547341	324	1519.5	6227	1441.0	1472.0	1484.0	0	1472	99.55	98.98	T4-202406-U
T4-202407-1-D.gz	FASTQ	DNA	84717	127414597	479	1504.0	5289	1463.0	1483.0	1510.0	0	1483	99.56	99.00	T4-202407-1-D
T4-202407-1-U.gz	FASTQ	DNA	335366	505221656	283	1506.5	6197	1459.0	1482.0	1497.0	0	1483	99.56	99.00	T4-202407-1-U
T4-202407-2-D.gz	FASTQ	DNA	123443	185405395	513	1502.0	6677	1455.0	1481.0	1489.0	0	1482	99.56	99.01	T4-202407-2-D
T4-202407-2-U.gz	FASTQ	DNA	131125	195684939	328	1492.4	4442	1452.0	1481.0	1487.0	0	1481	99.55	99.00	T4-202407-2-U
T4-202408-1-D.gz	FASTQ	DNA	87602	132392216	272	1511.3	7712	1457.0	1480.0	1495.0	0	1482	99.56	99.00	T4-202408-1-D
T4-202408-1-U.gz	FASTQ	DNA	115785	178423262	227	1541.0	5551	1450.0	1483.0	1505.0	0	1487	99.54	98.96	T4-202408-1-U
T4-202408-2-D.gz	FASTQ	DNA	100270	151245724	409	1508.4	5399	1454.0	1479.0	1516.0	0	1481	99.56	99.03	T4-202408-2-D
T4-202408-2-U.gz	FASTQ	DNA	74740	111312007	355	1489.3	3780	1450.0	1477.0	1495.0	0	1478	99.57	99.03	T4-202408-2-U
T4-202409-D.gz	FASTQ	DNA	89089	132735422	625	1489.9	5756	1464.0	1485.0	1506.0	0	1486	99.56	99.01	T4-202409-D
T4-202409-U.gz	FASTQ	DNA	51493	77055663	81	1496.4	6712	1450.0	1477.0	1497.0	0	1479	99.56	99.00	T4-202409-U
T4-202411-G.gz	FASTQ	DNA	71815	107414053	371	1495.7	6721	1468.0	1491.0	1504.0	0	1492	99.55	98.97	T4-202411-G
T4-202412-1-G.gz	FASTQ	DNA	83275	123915477	514	1488.0	5394	1462.0	1488.0	1503.0	0	1488	99.55	98.98	T4-202412-1-G
T4-202412-2-D.gz	FASTQ	DNA	71216	106389307	573	1493.9	5717	1453.0	1485.0	1496.0	0	1485	99.55	99.00	T4-202412-2-D
202302-2A.gz	FASTQ	DNA	22853	34092445	497	1491.8	4506	1460.0	1489.0	1498.0	0	1490	99.89	99.76	Water
