canonical_profile_id	Pond	Date	Layer	source_library_count	source_library_ids	within_month_occasion_averaging_applied	profile_aggregation_rule	total_source_nonchimeric_reads	mean_source_nonchimeric_reads	minimum_source_nonchimeric_reads	maximum_source_nonchimeric_reads	source_biosample_accessions	source_sra_run_accessions
T1-202209-D	T1	202209	D	1	T1-202209-D	False	Arithmetic mean of source-library ASV counts	52663	52663.0	52663	52663	SAMN62468592	SRR40209542
T1-202209-U	T1	202209	U	1	T1-202209-U	False	Arithmetic mean of source-library ASV counts	52454	52454.0	52454	52454	SAMN62468593	SRR40209541
T1-202210-D	T1	202210	D	1	T1-202210-D	False	Arithmetic mean of source-library ASV counts	37772	37772.0	37772	37772	SAMN62468594	SRR40209408
T1-202210-U	T1	202210	U	1	T1-202210-U	False	Arithmetic mean of source-library ASV counts	34932	34932.0	34932	34932	SAMN62468595	SRR40209397
T1-202211-D	T1	202211	D	1	T1-202211-D	False	Arithmetic mean of source-library ASV counts	25211	25211.0	25211	25211	SAMN62468596	SRR40209386
T1-202211-U	T1	202211	U	1	T1-202211-U	False	Arithmetic mean of source-library ASV counts	17773	17773.0	17773	17773	SAMN62468597	SRR40209375
T1-202212-D	T1	202212	D	2	T1-202212-1-D;T1-202212-2-D	True	Arithmetic mean of source-library ASV counts	68741	34370.5	30903	37838	SAMN62468598;SAMN62468600	SRR40209364;SRR40209487
T1-202212-U	T1	202212	U	2	T1-202212-1-U;T1-202212-2-U	True	Arithmetic mean of source-library ASV counts	59933	29966.5	24642	35291	SAMN62468599;SAMN62468601	SRR40209498;SRR40209476
T1-202301-D	T1	202301	D	2	T1-202301-1-D;T1-202301-2-D	True	Arithmetic mean of source-library ASV counts	51195	25597.5	25572	25623	SAMN62468602;SAMN62468604	SRR40209540;SRR40209518
T1-202301-U	T1	202301	U	2	T1-202301-1-U;T1-202301-2-U	True	Arithmetic mean of source-library ASV counts	49647	24823.5	24013	25634	SAMN62468603;SAMN62468605	SRR40209529;SRR40209507
T1-202302-D	T1	202302	D	2	T1-202302-1-D;T1-202302-2-D	True	Arithmetic mean of source-library ASV counts	87914	43957.0	27429	60485	SAMN62468606;SAMN62468608	SRR40209460;SRR40209438
T1-202302-U	T1	202302	U	2	T1-202302-1-U;T1-202302-2-U	True	Arithmetic mean of source-library ASV counts	61219	30609.5	27875	33344	SAMN62468607;SAMN62468609	SRR40209449;SRR40209426
T1-202303-D	T1	202303	D	1	T1-202303-D	False	Arithmetic mean of source-library ASV counts	48958	48958.0	48958	48958	SAMN62468610	SRR40209415
T1-202303-U	T1	202303	U	1	T1-202303-U	False	Arithmetic mean of source-library ASV counts	51159	51159.0	51159	51159	SAMN62468611	SRR40209409
T1-202304-D	T1	202304	D	1	T1-202304-D	False	Arithmetic mean of source-library ASV counts	14819	14819.0	14819	14819	SAMN62468612	SRR40209407
T1-202304-U	T1	202304	U	1	T1-202304-U	False	Arithmetic mean of source-library ASV counts	23181	23181.0	23181	23181	SAMN62468613	SRR40209406
T1-202305-D	T1	202305	D	1	T1-202305-D	False	Arithmetic mean of source-library ASV counts	13735	13735.0	13735	13735	SAMN62468614	SRR40209405
T1-202305-U	T1	202305	U	1	T1-202305-U	False	Arithmetic mean of source-library ASV counts	41613	41613.0	41613	41613	SAMN62468615	SRR40209404
T1-202307-D	T1	202307	D	1	T1-202307-D	False	Arithmetic mean of source-library ASV counts	46652	46652.0	46652	46652	SAMN62468616	SRR40209403
T1-202307-U	T1	202307	U	1	T1-202307-U	False	Arithmetic mean of source-library ASV counts	46712	46712.0	46712	46712	SAMN62468617	SRR40209402
T1-202310-D	T1	202310	D	1	T1-202310-D	False	Arithmetic mean of source-library ASV counts	43717	43717.0	43717	43717	SAMN62468618	SRR40209401
T1-202310-U	T1	202310	U	1	T1-202310-U	False	Arithmetic mean of source-library ASV counts	71352	71352.0	71352	71352	SAMN62468619	SRR40209400
T1-202311-D	T1	202311	D	1	T1-202311-D	False	Arithmetic mean of source-library ASV counts	23335	23335.0	23335	23335	SAMN62468620	SRR40209399
T1-202311-U	T1	202311	U	1	T1-202311-U	False	Arithmetic mean of source-library ASV counts	24442	24442.0	24442	24442	SAMN62468621	SRR40209398
T1-202312-D	T1	202312	D	1	T1-202312-D	False	Arithmetic mean of source-library ASV counts	2998	2998.0	2998	2998	SAMN62468622	SRR40209396
T1-202312-U	T1	202312	U	1	T1-202312-U	False	Arithmetic mean of source-library ASV counts	3564	3564.0	3564	3564	SAMN62468623	SRR40209395
T1-202401-D	T1	202401	D	1	T1-202401-D	False	Arithmetic mean of source-library ASV counts	27850	27850.0	27850	27850	SAMN62468624	SRR40209394
T1-202401-U	T1	202401	U	1	T1-202401-U	False	Arithmetic mean of source-library ASV counts	9810	9810.0	9810	9810	SAMN62468625	SRR40209393
T1-202402-D	T1	202402	D	1	T1-202402-D	False	Arithmetic mean of source-library ASV counts	19480	19480.0	19480	19480	SAMN62468626	SRR40209392
T1-202402-U	T1	202402	U	1	T1-202402-U	False	Arithmetic mean of source-library ASV counts	17340	17340.0	17340	17340	SAMN62468627	SRR40209391
T1-202403-D	T1	202403	D	1	T1-202403-D	False	Arithmetic mean of source-library ASV counts	7751	7751.0	7751	7751	SAMN62468628	SRR40209390
T1-202403-U	T1	202403	U	1	T1-202403-U	False	Arithmetic mean of source-library ASV counts	5425	5425.0	5425	5425	SAMN62468629	SRR40209389
T1-202404-D	T1	202404	D	1	T1-202404-D	False	Arithmetic mean of source-library ASV counts	21011	21011.0	21011	21011	SAMN62468630	SRR40209388
T1-202404-U	T1	202404	U	1	T1-202404-U	False	Arithmetic mean of source-library ASV counts	16942	16942.0	16942	16942	SAMN62468631	SRR40209387
T1-202410-D	T1	202410	D	1	T1-202410-D	False	Arithmetic mean of source-library ASV counts	71415	71415.0	71415	71415	SAMN62468632	SRR40209385
T1-202410-U	T1	202410	U	1	T1-202410-U	False	Arithmetic mean of source-library ASV counts	66334	66334.0	66334	66334	SAMN62468633	SRR40209384
T1-202411-D	T1	202411	D	1	T1-202411-D	False	Arithmetic mean of source-library ASV counts	41577	41577.0	41577	41577	SAMN62468634	SRR40209383
T1-202411-U	T1	202411	U	1	T1-202411-U	False	Arithmetic mean of source-library ASV counts	52039	52039.0	52039	52039	SAMN62468635	SRR40209382
T1-202412-D	T1	202412	D	2	T1-202412-1-D;T1-202412-2-D	True	Arithmetic mean of source-library ASV counts	96519	48259.5	39834	56685	SAMN62468636;SAMN63694096	SRR40209381;SRR40948571
T1-202412-U	T1	202412	U	2	T1-202412-1-U;T1-202412-2-U	True	Arithmetic mean of source-library ASV counts	115777	57888.5	46901	68876	SAMN62468637;SAMN63694095	SRR40209380;SRR40948572
T2-202209-D	T2	202209	D	1	T2-202209-D	False	Arithmetic mean of source-library ASV counts	47632	47632.0	47632	47632	SAMN62468638	SRR40209379
T2-202209-U	T2	202209	U	1	T2-202209-U	False	Arithmetic mean of source-library ASV counts	40283	40283.0	40283	40283	SAMN62468639	SRR40209378
T2-202210-D	T2	202210	D	1	T2-202210-D	False	Arithmetic mean of source-library ASV counts	37929	37929.0	37929	37929	SAMN62468640	SRR40209377
T2-202210-U	T2	202210	U	1	T2-202210-U	False	Arithmetic mean of source-library ASV counts	25095	25095.0	25095	25095	SAMN62468641	SRR40209376
T2-202211-D	T2	202211	D	1	T2-202211-D	False	Arithmetic mean of source-library ASV counts	25687	25687.0	25687	25687	SAMN62468642	SRR40209374
T2-202211-U	T2	202211	U	1	T2-202211-U	False	Arithmetic mean of source-library ASV counts	28057	28057.0	28057	28057	SAMN62468643	SRR40209373
T2-202304-D	T2	202304	D	1	T2-202304-D	False	Arithmetic mean of source-library ASV counts	20616	20616.0	20616	20616	SAMN62468644	SRR40209372
T2-202304-U	T2	202304	U	1	T2-202304-U	False	Arithmetic mean of source-library ASV counts	25738	25738.0	25738	25738	SAMN62468645	SRR40209371
T2-202305-D	T2	202305	D	1	T2-202305-D	False	Arithmetic mean of source-library ASV counts	12059	12059.0	12059	12059	SAMN62468646	SRR40209370
T2-202305-U	T2	202305	U	1	T2-202305-U	False	Arithmetic mean of source-library ASV counts	60034	60034.0	60034	60034	SAMN62468647	SRR40209369
T2-202306-D	T2	202306	D	1	T2-202306-D	False	Arithmetic mean of source-library ASV counts	4918	4918.0	4918	4918	SAMN62468648	SRR40209368
T2-202306-U	T2	202306	U	1	T2-202306-U	False	Arithmetic mean of source-library ASV counts	15315	15315.0	15315	15315	SAMN62468649	SRR40209367
T2-202307-D	T2	202307	D	1	T2-202307-D	False	Arithmetic mean of source-library ASV counts	28806	28806.0	28806	28806	SAMN62468650	SRR40209366
T2-202307-U	T2	202307	U	1	T2-202307-U	False	Arithmetic mean of source-library ASV counts	47058	47058.0	47058	47058	SAMN62468651	SRR40209365
T2-202308-D	T2	202308	D	1	T2-202308-D	False	Arithmetic mean of source-library ASV counts	16071	16071.0	16071	16071	SAMN62468652	SRR40209363
T2-202308-U	T2	202308	U	1	T2-202308-U	False	Arithmetic mean of source-library ASV counts	36032	36032.0	36032	36032	SAMN62468653	SRR40209362
T2-202309-D	T2	202309	D	1	T2-202309-D	False	Arithmetic mean of source-library ASV counts	17729	17729.0	17729	17729	SAMN62468654	SRR40209361
T2-202309-U	T2	202309	U	1	T2-202309-U	False	Arithmetic mean of source-library ASV counts	53590	53590.0	53590	53590	SAMN62468655	SRR40209360
T2-202310-D	T2	202310	D	1	T2-202310-D	False	Arithmetic mean of source-library ASV counts	37030	37030.0	37030	37030	SAMN62468656	SRR40209359
T2-202310-U	T2	202310	U	1	T2-202310-U	False	Arithmetic mean of source-library ASV counts	14660	14660.0	14660	14660	SAMN62468657	SRR40209358
T2-202311-D	T2	202311	D	1	T2-202311-D	False	Arithmetic mean of source-library ASV counts	8590	8590.0	8590	8590	SAMN62468658	SRR40209502
T2-202311-U	T2	202311	U	1	T2-202311-U	False	Arithmetic mean of source-library ASV counts	8000	8000.0	8000	8000	SAMN62468659	SRR40209501
T2-202312-D	T2	202312	D	1	T2-202312-D	False	Arithmetic mean of source-library ASV counts	15033	15033.0	15033	15033	SAMN62468660	SRR40209500
T2-202312-U	T2	202312	U	1	T2-202312-U	False	Arithmetic mean of source-library ASV counts	10234	10234.0	10234	10234	SAMN62468661	SRR40209499
T2-202401-D	T2	202401	D	1	T2-202401-D	False	Arithmetic mean of source-library ASV counts	17143	17143.0	17143	17143	SAMN62468662	SRR40209497
T2-202401-U	T2	202401	U	1	T2-202401-U	False	Arithmetic mean of source-library ASV counts	24408	24408.0	24408	24408	SAMN62468663	SRR40209496
T2-202402-D	T2	202402	D	1	T2-202402-D	False	Arithmetic mean of source-library ASV counts	14141	14141.0	14141	14141	SAMN62468664	SRR40209495
T2-202402-U	T2	202402	U	1	T2-202402-U	False	Arithmetic mean of source-library ASV counts	6608	6608.0	6608	6608	SAMN62468665	SRR40209494
T2-202403-D	T2	202403	D	1	T2-202403-D	False	Arithmetic mean of source-library ASV counts	37574	37574.0	37574	37574	SAMN62468666	SRR40209493
T2-202403-U	T2	202403	U	1	T2-202403-U	False	Arithmetic mean of source-library ASV counts	28099	28099.0	28099	28099	SAMN62468667	SRR40209492
T2-202404-D	T2	202404	D	1	T2-202404-D	False	Arithmetic mean of source-library ASV counts	27865	27865.0	27865	27865	SAMN62468668	SRR40209491
T2-202404-U	T2	202404	U	1	T2-202404-U	False	Arithmetic mean of source-library ASV counts	25038	25038.0	25038	25038	SAMN62468669	SRR40209490
T2-202405-D	T2	202405	D	1	T2-202405-D	False	Arithmetic mean of source-library ASV counts	45804	45804.0	45804	45804	SAMN62468670	SRR40209489
T2-202405-U	T2	202405	U	1	T2-202405-U	False	Arithmetic mean of source-library ASV counts	12186	12186.0	12186	12186	SAMN62468671	SRR40209488
T2-202406-D	T2	202406	D	1	T2-202406-D	False	Arithmetic mean of source-library ASV counts	40553	40553.0	40553	40553	SAMN62468672	SRR40209486
T2-202406-U	T2	202406	U	1	T2-202406-U	False	Arithmetic mean of source-library ASV counts	56156	56156.0	56156	56156	SAMN62468673	SRR40209485
T2-202407-D	T2	202407	D	2	T2-202407-1-D;T2-202407-2-D	True	Arithmetic mean of source-library ASV counts	169301	84650.5	56752	112549	SAMN62468674;SAMN62468676	SRR40209484;SRR40209482
T2-202407-U	T2	202407	U	2	T2-202407-1-U;T2-202407-2-U	True	Arithmetic mean of source-library ASV counts	124162	62081.0	39131	85031	SAMN62468675;SAMN62468677	SRR40209483;SRR40209481
T2-202408-D	T2	202408	D	2	T2-202408-1-D;T2-202408-2-D	True	Arithmetic mean of source-library ASV counts	165740	82870.0	65202	100538	SAMN62468678;SAMN62468680	SRR40209480;SRR40209478
T2-202408-U	T2	202408	U	2	T2-202408-1-U;T2-202408-2-U	True	Arithmetic mean of source-library ASV counts	203482	101741.0	69284	134198	SAMN62468679;SAMN62468681	SRR40209479;SRR40209477
T2-202409-D	T2	202409	D	1	T2-202409-D	False	Arithmetic mean of source-library ASV counts	52567	52567.0	52567	52567	SAMN62468682	SRR40209475
T2-202409-U	T2	202409	U	1	T2-202409-U	False	Arithmetic mean of source-library ASV counts	60964	60964.0	60964	60964	SAMN62468683	SRR40209474
T2-202410-U	T2	202410	U	1	T2-202410-U	False	Arithmetic mean of source-library ASV counts	70960	70960.0	70960	70960	SAMN62468684	SRR40209473
T2-202411-D	T2	202411	D	1	T2-202411-D	False	Arithmetic mean of source-library ASV counts	49014	49014.0	49014	49014	SAMN62468685	SRR40209472
T2-202411-U	T2	202411	U	1	T2-202411-U	False	Arithmetic mean of source-library ASV counts	50179	50179.0	50179	50179	SAMN62468686	SRR40209471
T2-202412-U	T2	202412	U	1	T2-202412-1-U	False	Arithmetic mean of source-library ASV counts	45409	45409.0	45409	45409	SAMN62468687	SRR40209470
T2-202412-D	T2	202412	D	1	T2-202412-2-D	False	Arithmetic mean of source-library ASV counts	39629	39629.0	39629	39629	SAMN63694097	SRR40948570
T3-202209-D	T3	202209	D	1	T3-202209-D	False	Arithmetic mean of source-library ASV counts	44649	44649.0	44649	44649	SAMN62468688	SRR40209469
T3-202209-U	T3	202209	U	1	T3-202209-U	False	Arithmetic mean of source-library ASV counts	53508	53508.0	53508	53508	SAMN62468689	SRR40209468
T3-202210-D	T3	202210	D	1	T3-202210-D	False	Arithmetic mean of source-library ASV counts	26373	26373.0	26373	26373	SAMN62468690	SRR40209467
T3-202210-U	T3	202210	U	1	T3-202210-U	False	Arithmetic mean of source-library ASV counts	39566	39566.0	39566	39566	SAMN62468691	SRR40209429
T3-202211-D	T3	202211	D	1	T3-202211-D	False	Arithmetic mean of source-library ASV counts	38501	38501.0	38501	38501	SAMN62468692	SRR40209539
T3-202211-U	T3	202211	U	1	T3-202211-U	False	Arithmetic mean of source-library ASV counts	34730	34730.0	34730	34730	SAMN62468693	SRR40209538
T3-202303-D	T3	202303	D	1	T3-202303-D	False	Arithmetic mean of source-library ASV counts	23381	23381.0	23381	23381	SAMN62468694	SRR40209537
T3-202303-U	T3	202303	U	1	T3-202303-U	False	Arithmetic mean of source-library ASV counts	30584	30584.0	30584	30584	SAMN62468695	SRR40209536
T3-202304-D	T3	202304	D	1	T3-202304-D	False	Arithmetic mean of source-library ASV counts	46402	46402.0	46402	46402	SAMN62468696	SRR40209535
T3-202304-U	T3	202304	U	1	T3-202304-U	False	Arithmetic mean of source-library ASV counts	26439	26439.0	26439	26439	SAMN62468697	SRR40209534
T3-202305-D	T3	202305	D	1	T3-202305-D	False	Arithmetic mean of source-library ASV counts	21322	21322.0	21322	21322	SAMN62468698	SRR40209533
T3-202305-U	T3	202305	U	1	T3-202305-U	False	Arithmetic mean of source-library ASV counts	46877	46877.0	46877	46877	SAMN62468699	SRR40209532
T3-202306-D	T3	202306	D	1	T3-202306-D	False	Arithmetic mean of source-library ASV counts	45952	45952.0	45952	45952	SAMN62468700	SRR40209531
T3-202306-U	T3	202306	U	1	T3-202306-U	False	Arithmetic mean of source-library ASV counts	28437	28437.0	28437	28437	SAMN62468701	SRR40209530
T3-202307-D	T3	202307	D	1	T3-202307-D	False	Arithmetic mean of source-library ASV counts	39400	39400.0	39400	39400	SAMN62468702	SRR40209528
T3-202307-U	T3	202307	U	1	T3-202307-U	False	Arithmetic mean of source-library ASV counts	22304	22304.0	22304	22304	SAMN62468703	SRR40209527
T3-202308-D	T3	202308	D	1	T3-202308-D	False	Arithmetic mean of source-library ASV counts	44209	44209.0	44209	44209	SAMN62468704	SRR40209526
T3-202308-U	T3	202308	U	1	T3-202308-U	False	Arithmetic mean of source-library ASV counts	49256	49256.0	49256	49256	SAMN62468705	SRR40209525
T3-202309-U	T3	202309	U	1	T3-202309-U	False	Arithmetic mean of source-library ASV counts	48144	48144.0	48144	48144	SAMN62468706	SRR40209524
T3-202310-U	T3	202310	U	1	T3-202310-U	False	Arithmetic mean of source-library ASV counts	12080	12080.0	12080	12080	SAMN62468707	SRR40209523
T3-202311-U	T3	202311	U	1	T3-202311-U	False	Arithmetic mean of source-library ASV counts	9841	9841.0	9841	9841	SAMN62468708	SRR40209522
T3-202312-U	T3	202312	U	1	T3-202312-U	False	Arithmetic mean of source-library ASV counts	24994	24994.0	24994	24994	SAMN62468709	SRR40209521
T3-202401-U	T3	202401	U	1	T3-202401-U	False	Arithmetic mean of source-library ASV counts	23535	23535.0	23535	23535	SAMN62468710	SRR40209520
T3-202402-U	T3	202402	U	1	T3-202402-U	False	Arithmetic mean of source-library ASV counts	5722	5722.0	5722	5722	SAMN62468711	SRR40209519
T3-202403-U	T3	202403	U	1	T3-202403-U	False	Arithmetic mean of source-library ASV counts	9153	9153.0	9153	9153	SAMN62468712	SRR40209517
T3-202404-D	T3	202404	D	1	T3-202404-D	False	Arithmetic mean of source-library ASV counts	10208	10208.0	10208	10208	SAMN62468713	SRR40209516
T3-202404-U	T3	202404	U	1	T3-202404-U	False	Arithmetic mean of source-library ASV counts	35278	35278.0	35278	35278	SAMN62468714	SRR40209515
T3-202405-D	T3	202405	D	1	T3-202405-D	False	Arithmetic mean of source-library ASV counts	20717	20717.0	20717	20717	SAMN62468715	SRR40209514
T3-202405-U	T3	202405	U	1	T3-202405-U	False	Arithmetic mean of source-library ASV counts	26734	26734.0	26734	26734	SAMN62468716	SRR40209513
T3-202406-D	T3	202406	D	1	T3-202406-D	False	Arithmetic mean of source-library ASV counts	80560	80560.0	80560	80560	SAMN62468717	SRR40209512
T3-202406-U	T3	202406	U	1	T3-202406-U	False	Arithmetic mean of source-library ASV counts	109791	109791.0	109791	109791	SAMN62468718	SRR40209511
T3-202407-D	T3	202407	D	2	T3-202407-1-D;T3-202407-2-D	True	Arithmetic mean of source-library ASV counts	177627	88813.5	48549	129078	SAMN62468719;SAMN62468721	SRR40209510;SRR40209508
T3-202407-U	T3	202407	U	2	T3-202407-1-U;T3-202407-2-U	True	Arithmetic mean of source-library ASV counts	130983	65491.5	51670	79313	SAMN62468720;SAMN62468722	SRR40209509;SRR40209506
T3-202408-D	T3	202408	D	2	T3-202408-1-D;T3-202408-2-D	True	Arithmetic mean of source-library ASV counts	138601	69300.5	59937	78664	SAMN62468723;SAMN62468725	SRR40209505;SRR40209503
T3-202408-U	T3	202408	U	2	T3-202408-1-U;T3-202408-2-U	True	Arithmetic mean of source-library ASV counts	211513	105756.5	74310	137203	SAMN62468724;SAMN62468726	SRR40209504;SRR40209466
T3-202409-U	T3	202409	U	1	T3-202409-U	False	Arithmetic mean of source-library ASV counts	51801	51801.0	51801	51801	SAMN62468727	SRR40209465
T3-202410-D	T3	202410	D	1	T3-202410-D	False	Arithmetic mean of source-library ASV counts	45132	45132.0	45132	45132	SAMN62468728	SRR40209464
T3-202410-U	T3	202410	U	1	T3-202410-U	False	Arithmetic mean of source-library ASV counts	85951	85951.0	85951	85951	SAMN62468729	SRR40209463
T3-202412-D	T3	202412	D	1	T3-202412-2-D	False	Arithmetic mean of source-library ASV counts	44755	44755.0	44755	44755	SAMN63694098	SRR40948569
T4-202209-D	T4	202209	D	1	T4-202209-D	False	Arithmetic mean of source-library ASV counts	43694	43694.0	43694	43694	SAMN62468730	SRR40209462
T4-202209-U	T4	202209	U	1	T4-202209-U	False	Arithmetic mean of source-library ASV counts	49141	49141.0	49141	49141	SAMN62468731	SRR40209461
T4-202210-D	T4	202210	D	1	T4-202210-D	False	Arithmetic mean of source-library ASV counts	38016	38016.0	38016	38016	SAMN62468732	SRR40209459
T4-202210-U	T4	202210	U	1	T4-202210-U	False	Arithmetic mean of source-library ASV counts	39992	39992.0	39992	39992	SAMN62468733	SRR40209458
T4-202211-D	T4	202211	D	1	T4-202211-D	False	Arithmetic mean of source-library ASV counts	21151	21151.0	21151	21151	SAMN62468734	SRR40209457
T4-202211-U	T4	202211	U	1	T4-202211-U	False	Arithmetic mean of source-library ASV counts	21428	21428.0	21428	21428	SAMN62468735	SRR40209456
T4-202212-D	T4	202212	D	2	T4-202212-1-D;T4-202212-2-D	True	Arithmetic mean of source-library ASV counts	56602	28301.0	24884	31718	SAMN62468736;SAMN62468738	SRR40209455;SRR40209453
T4-202212-U	T4	202212	U	2	T4-202212-1-U;T4-202212-2-U	True	Arithmetic mean of source-library ASV counts	69313	34656.5	33241	36072	SAMN62468737;SAMN62468739	SRR40209454;SRR40209452
T4-202302-U	T4	202302	U	1	T4-202302-2-U	False	Arithmetic mean of source-library ASV counts	24050	24050.0	24050	24050	SAMN62468740	SRR40209451
T4-202303-D	T4	202303	D	1	T4-202303-D	False	Arithmetic mean of source-library ASV counts	33627	33627.0	33627	33627	SAMN62468741	SRR40209450
T4-202303-U	T4	202303	U	1	T4-202303-U	False	Arithmetic mean of source-library ASV counts	40632	40632.0	40632	40632	SAMN62468742	SRR40209448
T4-202304-D	T4	202304	D	1	T4-202304-D	False	Arithmetic mean of source-library ASV counts	45332	45332.0	45332	45332	SAMN62468743	SRR40209447
T4-202304-U	T4	202304	U	1	T4-202304-U	False	Arithmetic mean of source-library ASV counts	43847	43847.0	43847	43847	SAMN62468744	SRR40209446
T4-202305-D	T4	202305	D	1	T4-202305-D	False	Arithmetic mean of source-library ASV counts	19743	19743.0	19743	19743	SAMN62468745	SRR40209445
T4-202305-U	T4	202305	U	1	T4-202305-U	False	Arithmetic mean of source-library ASV counts	6416	6416.0	6416	6416	SAMN62468746	SRR40209444
T4-202306-D	T4	202306	D	1	T4-202306-D	False	Arithmetic mean of source-library ASV counts	45788	45788.0	45788	45788	SAMN62468747	SRR40209443
T4-202306-U	T4	202306	U	1	T4-202306-U	False	Arithmetic mean of source-library ASV counts	43272	43272.0	43272	43272	SAMN62468748	SRR40209442
T4-202307-D	T4	202307	D	1	T4-202307-D	False	Arithmetic mean of source-library ASV counts	45230	45230.0	45230	45230	SAMN62468749	SRR40209441
T4-202307-U	T4	202307	U	1	T4-202307-U	False	Arithmetic mean of source-library ASV counts	20354	20354.0	20354	20354	SAMN62468750	SRR40209440
T4-202308-D	T4	202308	D	1	T4-202308-D	False	Arithmetic mean of source-library ASV counts	25469	25469.0	25469	25469	SAMN62468751	SRR40209439
T4-202308-U	T4	202308	U	1	T4-202308-U	False	Arithmetic mean of source-library ASV counts	31233	31233.0	31233	31233	SAMN62468752	SRR40209437
T4-202309-D	T4	202309	D	1	T4-202309-D	False	Arithmetic mean of source-library ASV counts	34161	34161.0	34161	34161	SAMN62468753	SRR40209436
T4-202309-U	T4	202309	U	1	T4-202309-U	False	Arithmetic mean of source-library ASV counts	26015	26015.0	26015	26015	SAMN62468754	SRR40209435
T4-202310-U	T4	202310	U	1	T4-202310-U	False	Arithmetic mean of source-library ASV counts	17424	17424.0	17424	17424	SAMN62468755	SRR40209434
T4-202311-U	T4	202311	U	1	T4-202311-U	False	Arithmetic mean of source-library ASV counts	1779	1779.0	1779	1779	SAMN62468756	SRR40209433
T4-202312-U	T4	202312	U	1	T4-202312-U	False	Arithmetic mean of source-library ASV counts	48749	48749.0	48749	48749	SAMN62468757	SRR40209432
T4-202401-U	T4	202401	U	1	T4-202401-U	False	Arithmetic mean of source-library ASV counts	32261	32261.0	32261	32261	SAMN62468758	SRR40209431
T4-202402-U	T4	202402	U	1	T4-202402-U	False	Arithmetic mean of source-library ASV counts	9509	9509.0	9509	9509	SAMN62468759	SRR40209430
T4-202403-U	T4	202403	U	1	T4-202403-U	False	Arithmetic mean of source-library ASV counts	28054	28054.0	28054	28054	SAMN62468760	SRR40209428
T4-202404-D	T4	202404	D	1	T4-202404-D	False	Arithmetic mean of source-library ASV counts	19446	19446.0	19446	19446	SAMN62468761	SRR40209427
T4-202404-U	T4	202404	U	1	T4-202404-U	False	Arithmetic mean of source-library ASV counts	15536	15536.0	15536	15536	SAMN62468762	SRR40209425
T4-202405-D	T4	202405	D	1	T4-202405-D	False	Arithmetic mean of source-library ASV counts	6218	6218.0	6218	6218	SAMN62468763	SRR40209424
T4-202405-U	T4	202405	U	1	T4-202405-U	False	Arithmetic mean of source-library ASV counts	28893	28893.0	28893	28893	SAMN62468764	SRR40209423
T4-202406-D	T4	202406	D	1	T4-202406-D	False	Arithmetic mean of source-library ASV counts	98573	98573.0	98573	98573	SAMN62468765	SRR40209422
T4-202406-U	T4	202406	U	1	T4-202406-U	False	Arithmetic mean of source-library ASV counts	89204	89204.0	89204	89204	SAMN62468766	SRR40209421
T4-202407-D	T4	202407	D	2	T4-202407-1-D;T4-202407-2-D	True	Arithmetic mean of source-library ASV counts	165666	82833.0	70734	94932	SAMN62468767;SAMN62468769	SRR40209420;SRR40209418
T4-202407-U	T4	202407	U	2	T4-202407-1-U;T4-202407-2-U	True	Arithmetic mean of source-library ASV counts	384111	192055.5	106835	277276	SAMN62468768;SAMN62468770	SRR40209419;SRR40209417
T4-202408-D	T4	202408	D	2	T4-202408-1-D;T4-202408-2-D	True	Arithmetic mean of source-library ASV counts	124823	62411.5	59731	65092	SAMN62468771;SAMN62468773	SRR40209416;SRR40209413
T4-202408-U	T4	202408	U	2	T4-202408-1-U;T4-202408-2-U	True	Arithmetic mean of source-library ASV counts	132825	66412.5	63281	69544	SAMN62468772;SAMN62468774	SRR40209414;SRR40209412
T4-202409-D	T4	202409	D	1	T4-202409-D	False	Arithmetic mean of source-library ASV counts	70820	70820.0	70820	70820	SAMN62468775	SRR40209411
T4-202409-U	T4	202409	U	1	T4-202409-U	False	Arithmetic mean of source-library ASV counts	43483	43483.0	43483	43483	SAMN62468776	SRR40209410
T4-202412-D	T4	202412	D	1	T4-202412-2-D	False	Arithmetic mean of source-library ASV counts	53528	53528.0	53528	53528	SAMN63694099	SRR40948568
