workflow_sample_id	input_file	workflow_class	included_in_formal_190_library_cohort	exclusion_reason_from_190	canonical_profile_id	Pond	Date	Occasion	Layer	HasOccasionLabel	source_library_count_for_profile	included_in_168_profile_matrix	profile_aggregation_rule	accession_status_at_audit	raw_read_count	raw_total_bases	raw_mean_read_length	raw_Q20_percent	raw_Q30_percent	trim_input_reads	primer_matched_reads	dada2_input_reads	dada2_filtered_reads	dada2_percent_passed_filter	dada2_denoised_reads	dada2_nonchimeric_reads	dada2_percent_input_nonchimeric	biosample_accession	sra_run_accession
T1-202209-D	T1-202209-D.gz	study_water_column_library	True		T1-202209-D	T1	202209.0		D	0.0	1.0	True	Arithmetic mean of source-library ASV counts within canonical profile	Accession assigned; confirm public accessibility without login before resubmission	56578	84084206	1486.2	99.92	99.82	56578	55585	55585	54117	97.36	52669	52663	94.74	SAMN62468592	SRR40209542
T1-202209-U	T1-202209-U.gz	study_water_column_library	True		T1-202209-U	T1	202209.0		U	0.0	1.0	True	Arithmetic mean of source-library ASV counts within canonical profile	Accession assigned; confirm public accessibility without login before resubmission	56798	84467780	1487.2	99.91	99.81	56798	56141	56141	54372	96.85	52497	52454	93.43	SAMN62468593	SRR40209541
T1-202210-D	T1-202210-D.gz	study_water_column_library	True		T1-202210-D	T1	202210.0		D	0.0	1.0	True	Arithmetic mean of source-library ASV counts within canonical profile	Accession assigned; confirm public accessibility without login before resubmission	41759	61947472	1483.5	99.9	99.79	41759	41226	41226	40394	97.98	37805	37772	91.62	SAMN62468594	SRR40209408
T1-202210-U	T1-202210-U.gz	study_water_column_library	True		T1-202210-U	T1	202210.0		U	0.0	1.0	True	Arithmetic mean of source-library ASV counts within canonical profile	Accession assigned; confirm public accessibility without login before resubmission	38064	56451629	1483.1	99.92	99.82	38064	37029	37029	36214	97.8	34951	34932	94.34	SAMN62468595	SRR40209397
T1-202211-D	T1-202211-D.gz	study_water_column_library	True		T1-202211-D	T1	202211.0		D	0.0	1.0	True	Arithmetic mean of source-library ASV counts within canonical profile	Accession assigned; confirm public accessibility without login before resubmission	27067	40920805	1511.8	99.9	99.79	27067	26629	26629	26461	99.37	25461	25211	94.67	SAMN62468596	SRR40209386
T1-202211-U	T1-202211-U.gz	study_water_column_library	True		T1-202211-U	T1	202211.0		U	0.0	1.0	True	Arithmetic mean of source-library ASV counts within canonical profile	Accession assigned; confirm public accessibility without login before resubmission	21042	31535410	1498.7	99.88	99.74	21042	20711	20711	20470	98.84	18092	17773	85.81	SAMN62468597	SRR40209375
T1-202212-1-D	T1-202212-1-D.gz	study_water_column_library	True		T1-202212-D	T1	202212.0	1.0	D	1.0	2.0	True	Arithmetic mean of source-library ASV counts within canonical profile	Accession assigned; confirm public accessibility without login before resubmission	36317	54555378	1502.2	99.91	99.81	36317	33691	33691	32965	97.85	30922	30903	91.72	SAMN62468598	SRR40209364
T1-202212-1-U	T1-202212-1-U.gz	study_water_column_library	True		T1-202212-U	T1	202212.0	1.0	U	1.0	2.0	True	Arithmetic mean of source-library ASV counts within canonical profile	Accession assigned; confirm public accessibility without login before resubmission	29000	43920225	1514.5	99.91	99.8	29000	26208	26208	25525	97.39	24654	24642	94.02	SAMN62468599	SRR40209498
T1-202212-2-D	T1-202212-2-D.gz	study_water_column_library	True		T1-202212-D	T1	202212.0	2.0	D	1.0	2.0	True	Arithmetic mean of source-library ASV counts within canonical profile	Accession assigned; confirm public accessibility without login before resubmission	41768	62723740	1501.7	99.87	99.72	41768	41507	41507	40952	98.66	38903	37838	91.16	SAMN62468600	SRR40209487
T1-202212-2-U	T1-202212-2-U.gz	study_water_column_library	True		T1-202212-U	T1	202212.0	2.0	U	1.0	2.0	True	Arithmetic mean of source-library ASV counts within canonical profile	Accession assigned; confirm public accessibility without login before resubmission	39010	58481658	1499.1	99.88	99.75	39010	38683	38683	38108	98.51	35840	35291	91.23	SAMN62468601	SRR40209476
T1-202301-1-D	T1-202301-1-D.gz	study_water_column_library	True		T1-202301-D	T1	202301.0	1.0	D	1.0	2.0	True	Arithmetic mean of source-library ASV counts within canonical profile	Accession assigned; confirm public accessibility without login before resubmission	29619	44003355	1485.6	99.89	99.77	29619	29492	29492	29235	99.13	25633	25572	86.71	SAMN62468602	SRR40209540
T1-202301-1-U	T1-202301-1-U.gz	study_water_column_library	True		T1-202301-U	T1	202301.0	1.0	U	1.0	2.0	True	Arithmetic mean of source-library ASV counts within canonical profile	Accession assigned; confirm public accessibility without login before resubmission	27971	41634703	1488.5	99.91	99.81	27971	27605	27605	27490	99.58	25648	25634	92.86	SAMN62468603	SRR40209529
T1-202301-2-D	T1-202301-2-D.gz	study_water_column_library	True		T1-202301-D	T1	202301.0	2.0	D	1.0	2.0	True	Arithmetic mean of source-library ASV counts within canonical profile	Accession assigned; confirm public accessibility without login before resubmission	27969	42130605	1506.3	99.92	99.82	27969	27015	27015	26148	96.79	25623	25623	94.85	SAMN62468604	SRR40209518
T1-202301-2-U	T1-202301-2-U.gz	study_water_column_library	True		T1-202301-U	T1	202301.0	2.0	U	1.0	2.0	True	Arithmetic mean of source-library ASV counts within canonical profile	Accession assigned; confirm public accessibility without login before resubmission	26372	39606604	1501.8	99.91	99.81	26372	25911	25911	25121	96.95	24021	24013	92.67	SAMN62468605	SRR40209507
T1-202302-1-D	T1-202302-1-D.gz	study_water_column_library	True		T1-202302-D	T1	202302.0	1.0	D	1.0	2.0	True	Arithmetic mean of source-library ASV counts within canonical profile	Accession assigned; confirm public accessibility without login before resubmission	30280	45415527	1499.9	99.91	99.81	30280	29739	29739	29068	97.74	27434	27429	92.23	SAMN62468606	SRR40209460
T1-202302-1-U	T1-202302-1-U.gz	study_water_column_library	True		T1-202302-U	T1	202302.0	1.0	U	1.0	2.0	True	Arithmetic mean of source-library ASV counts within canonical profile	Accession assigned; confirm public accessibility without login before resubmission	36230	54601801	1507.1	99.92	99.82	36230	35817	35817	34736	96.98	33359	33344	93.1	SAMN62468607	SRR40209449
T1-202302-2-D	T1-202302-2-D.gz	study_water_column_library	True		T1-202302-D	T1	202302.0	2.0	D	1.0	2.0	True	Arithmetic mean of source-library ASV counts within canonical profile	Accession assigned; confirm public accessibility without login before resubmission	67578	102204027	1512.4	99.9	99.8	67578	66949	66949	64588	96.47	60541	60485	90.34	SAMN62468608	SRR40209438
T1-202302-2-U	T1-202302-2-U.gz	study_water_column_library	True		T1-202302-U	T1	202302.0	2.0	U	1.0	2.0	True	Arithmetic mean of source-library ASV counts within canonical profile	Accession assigned; confirm public accessibility without login before resubmission	30268	45867617	1515.4	99.9	99.8	30268	29996	29996	28848	96.17	27886	27875	92.93	SAMN62468609	SRR40209426
T1-202303-D	T1-202303-D.gz	study_water_column_library	True		T1-202303-D	T1	202303.0		D	0.0	1.0	True	Arithmetic mean of source-library ASV counts within canonical profile	Accession assigned; confirm public accessibility without login before resubmission	60555	91357740	1508.7	99.45	98.78	60511	58926	58926	50139	85.09	48978	48958	83.08	SAMN62468610	SRR40209415
T1-202303-U	T1-202303-U.gz	study_water_column_library	True		T1-202303-U	T1	202303.0		U	0.0	1.0	True	Arithmetic mean of source-library ASV counts within canonical profile	Accession assigned; confirm public accessibility without login before resubmission	62933	95407756	1516.0	99.46	98.79	62873	61874	61874	52258	84.46	51193	51159	82.68	SAMN62468611	SRR40209409
T1-202304-D	T1-202304-D.gz	study_water_column_library	True		T1-202304-D	T1	202304.0		D	0.0	1.0	True	Arithmetic mean of source-library ASV counts within canonical profile	Accession assigned; confirm public accessibility without login before resubmission	23651	38028261	1607.9	99.41	98.66	23632	17957	17957	15620	86.99	14823	14819	82.52	SAMN62468612	SRR40209407
T1-202304-U	T1-202304-U.gz	study_water_column_library	True		T1-202304-U	T1	202304.0		U	0.0	1.0	True	Arithmetic mean of source-library ASV counts within canonical profile	Accession assigned; confirm public accessibility without login before resubmission	29186	43903817	1504.3	99.44	98.75	29157	27611	27611	23906	86.58	23190	23181	83.96	SAMN62468613	SRR40209406
T1-202305-D	T1-202305-D.gz	study_water_column_library	True		T1-202305-D	T1	202305.0		D	0.0	1.0	True	Arithmetic mean of source-library ASV counts within canonical profile	Accession assigned; confirm public accessibility without login before resubmission	19199	30114058	1568.5	99.43	98.72	19178	16734	16734	14560	87.01	13780	13735	82.08	SAMN62468614	SRR40209405
T1-202305-U	T1-202305-U.gz	study_water_column_library	True		T1-202305-U	T1	202305.0		U	0.0	1.0	True	Arithmetic mean of source-library ASV counts within canonical profile	Accession assigned; confirm public accessibility without login before resubmission	49888	73715396	1477.6	99.46	98.8	49848	49369	49369	42899	86.89	41983	41613	84.29	SAMN62468615	SRR40209404
T1-202307-D	T1-202307-D.gz	study_water_column_library	True		T1-202307-D	T1	202307.0		D	0.0	1.0	True	Arithmetic mean of source-library ASV counts within canonical profile	Accession assigned; confirm public accessibility without login before resubmission	57152	85739452	1500.2	99.46	98.8	57118	56317	56317	48386	85.92	46775	46652	82.84	SAMN62468616	SRR40209403
T1-202307-U	T1-202307-U.gz	study_water_column_library	True		T1-202307-U	T1	202307.0		U	0.0	1.0	True	Arithmetic mean of source-library ASV counts within canonical profile	Accession assigned; confirm public accessibility without login before resubmission	57525	85885369	1493.0	99.46	98.8	57476	56787	56787	48882	86.08	46802	46712	82.26	SAMN62468617	SRR40209402
T1-202310-D	T1-202310-D.gz	study_water_column_library	True		T1-202310-D	T1	202310.0		D	0.0	1.0	True	Arithmetic mean of source-library ASV counts within canonical profile	Accession assigned; confirm public accessibility without login before resubmission	56059	83063417	1481.7	99.27	98.44	56011	55412	55412	45573	82.24	43738	43717	78.89	SAMN62468618	SRR40209401
T1-202310-U	T1-202310-U.gz	study_water_column_library	True		T1-202310-U	T1	202310.0		U	0.0	1.0	True	Arithmetic mean of source-library ASV counts within canonical profile	Accession assigned; confirm public accessibility without login before resubmission	90582	134057062	1480.0	99.26	98.43	90505	89663	89663	73394	81.86	71390	71352	79.58	SAMN62468619	SRR40209400
T1-202311-D	T1-202311-D.gz	study_water_column_library	True		T1-202311-D	T1	202311.0		D	0.0	1.0	True	Arithmetic mean of source-library ASV counts within canonical profile	Accession assigned; confirm public accessibility without login before resubmission	36561	54532253	1491.5	99.21	98.36	36526	34075	34075	26505	77.78	23355	23335	68.48	SAMN62468620	SRR40209399
T1-202311-U	T1-202311-U.gz	study_water_column_library	True		T1-202311-U	T1	202311.0		U	0.0	1.0	True	Arithmetic mean of source-library ASV counts within canonical profile	Accession assigned; confirm public accessibility without login before resubmission	34886	52116680	1493.9	99.22	98.38	34844	33140	33140	25915	78.2	24446	24442	73.75	SAMN62468621	SRR40209398
T1-202312-D	T1-202312-D.gz	study_water_column_library	True		T1-202312-D	T1	202312.0		D	0.0	1.0	True	Arithmetic mean of source-library ASV counts within canonical profile	Accession assigned; confirm public accessibility without login before resubmission	6242	9327046	1494.2	98.95	98.04	6233	5985	5985	3985	66.58	3000	2998	50.09	SAMN62468622	SRR40209396
T1-202312-U	T1-202312-U.gz	study_water_column_library	True		T1-202312-U	T1	202312.0		U	0.0	1.0	True	Arithmetic mean of source-library ASV counts within canonical profile	Accession assigned; confirm public accessibility without login before resubmission	6969	10406129	1493.2	98.92	98.01	6948	6652	6652	4338	65.21	3564	3564	53.58	SAMN62468623	SRR40209395
T1-202401-D	T1-202401-D.gz	study_water_column_library	True		T1-202401-D	T1	202401.0		D	0.0	1.0	True	Arithmetic mean of source-library ASV counts within canonical profile	Accession assigned; confirm public accessibility without login before resubmission	42787	62857518	1469.1	99.25	98.42	42732	38622	38622	30451	78.84	27856	27850	72.11	SAMN62468624	SRR40209394
T1-202401-U	T1-202401-U.gz	study_water_column_library	True		T1-202401-U	T1	202401.0		U	0.0	1.0	True	Arithmetic mean of source-library ASV counts within canonical profile	Accession assigned; confirm public accessibility without login before resubmission	16832	25084530	1490.3	99.1	98.23	16799	16220	16220	11722	72.27	9817	9810	60.48	SAMN62468625	SRR40209393
T1-202402-D	T1-202402-D.gz	study_water_column_library	True		T1-202402-D	T1	202402.0		D	0.0	1.0	True	Arithmetic mean of source-library ASV counts within canonical profile	Accession assigned; confirm public accessibility without login before resubmission	29990	44726958	1491.4	99.18	98.31	29949	28807	28807	22227	77.16	19505	19480	67.62	SAMN62468626	SRR40209392
T1-202402-U	T1-202402-U.gz	study_water_column_library	True		T1-202402-U	T1	202402.0		U	0.0	1.0	True	Arithmetic mean of source-library ASV counts within canonical profile	Accession assigned; confirm public accessibility without login before resubmission	25110	37385900	1488.9	99.18	98.32	25076	24314	24314	18795	77.3	17353	17340	71.32	SAMN62468627	SRR40209391
T1-202403-D	T1-202403-D.gz	study_water_column_library	True		T1-202403-D	T1	202403.0		D	0.0	1.0	True	Arithmetic mean of source-library ASV counts within canonical profile	Accession assigned; confirm public accessibility without login before resubmission	14330	21281137	1485.1	99.11	98.23	14309	13580	13580	10055	74.04	7751	7751	57.08	SAMN62468628	SRR40209390
T1-202403-U	T1-202403-U.gz	study_water_column_library	True		T1-202403-U	T1	202403.0		U	0.0	1.0	True	Arithmetic mean of source-library ASV counts within canonical profile	Accession assigned; confirm public accessibility without login before resubmission	9107	13562967	1489.3	99.14	98.3	9100	8700	8700	6444	74.07	5425	5425	62.36	SAMN62468629	SRR40209389
T1-202404-D	T1-202404-D.gz	study_water_column_library	True		T1-202404-D	T1	202404.0		D	0.0	1.0	True	Arithmetic mean of source-library ASV counts within canonical profile	Accession assigned; confirm public accessibility without login before resubmission	31982	47558928	1487.1	99.15	98.29	31952	31021	31021	23424	75.51	21029	21011	67.73	SAMN62468630	SRR40209388
T1-202404-U	T1-202404-U.gz	study_water_column_library	True		T1-202404-U	T1	202404.0		U	0.0	1.0	True	Arithmetic mean of source-library ASV counts within canonical profile	Accession assigned; confirm public accessibility without login before resubmission	25126	37334620	1485.9	99.19	98.33	25090	24090	24090	18555	77.02	16986	16942	70.33	SAMN62468631	SRR40209387
T1-202410-D	T1-202410-D.gz	study_water_column_library	True		T1-202410-D	T1	202410.0		D	0.0	1.0	True	Arithmetic mean of source-library ASV counts within canonical profile	Accession assigned; confirm public accessibility without login before resubmission	84767	126572127	1493.2	99.56	99.0	83504	82965	82965	75118	90.54	71533	71415	86.08	SAMN62468632	SRR40209385
T1-202410-U	T1-202410-U.gz	study_water_column_library	True		T1-202410-U	T1	202410.0		U	0.0	1.0	True	Arithmetic mean of source-library ASV counts within canonical profile	Accession assigned; confirm public accessibility without login before resubmission	79558	117962956	1482.7	99.56	99.0	78350	77741	77741	70759	91.02	66520	66334	85.33	SAMN62468633	SRR40209384
T1-202411-D	T1-202411-D.gz	study_water_column_library	True		T1-202411-D	T1	202411.0		D	0.0	1.0	True	Arithmetic mean of source-library ASV counts within canonical profile	Accession assigned; confirm public accessibility without login before resubmission	48673	73440699	1508.9	99.56	98.99	47969	47424	47424	42976	90.62	41599	41577	87.67	SAMN62468634	SRR40209383
T1-202411-U	T1-202411-U.gz	study_water_column_library	True		T1-202411-U	T1	202411.0		U	0.0	1.0	True	Arithmetic mean of source-library ASV counts within canonical profile	Accession assigned; confirm public accessibility without login before resubmission	61880	93488383	1510.8	99.56	99.01	60984	60584	60584	53823	88.84	52077	52039	85.9	SAMN62468635	SRR40209382
T1-202412-1-D	T1-202412-1-D.gz	study_water_column_library	True		T1-202412-D	T1	202412.0	1.0	D	1.0	2.0	True	Arithmetic mean of source-library ASV counts within canonical profile	Accession assigned; confirm public accessibility without login before resubmission	47141	71151416	1509.3	99.54	98.95	46382	45000	45000	40912	90.92	39857	39834	88.52	SAMN62468636	SRR40209381
T1-202412-1-U	T1-202412-1-U.gz	study_water_column_library	True		T1-202412-U	T1	202412.0	1.0	U	1.0	2.0	True	Arithmetic mean of source-library ASV counts within canonical profile	Accession assigned; confirm public accessibility without login before resubmission	54669	82044583	1500.8	99.56	98.99	53848	53411	53411	48535	90.87	46918	46901	87.81	SAMN62468637	SRR40209380
T1-202412-2-D	T1-202412-2-D.gz	study_water_column_library	True		T1-202412-D	T1	202412.0	2.0	D	1.0	2.0	True	Arithmetic mean of source-library ASV counts within canonical profile	Accession assigned; confirm public accessibility without login before resubmission	67509	101574770	1504.6	99.56	98.99	66513	65195	65195	59637	91.47	56699	56685	86.95	SAMN63694096	SRR40948571
T1-202412-2-U	T1-202412-2-U.gz	study_water_column_library	True		T1-202412-U	T1	202412.0	2.0	U	1.0	2.0	True	Arithmetic mean of source-library ASV counts within canonical profile	Accession assigned; confirm public accessibility without login before resubmission	81679	122254929	1496.8	99.55	98.99	80438	79373	79373	72596	91.46	68928	68876	86.78	SAMN63694095	SRR40948572
T2-202209-D	T2-202209-D.gz	study_water_column_library	True		T2-202209-D	T2	202209.0		D	0.0	1.0	True	Arithmetic mean of source-library ASV counts within canonical profile	Accession assigned; confirm public accessibility without login before resubmission	51592	76648804	1485.7	99.92	99.83	51592	50071	50071	49633	99.13	47680	47632	95.13	SAMN62468638	SRR40209379
T2-202209-U	T2-202209-U.gz	study_water_column_library	True		T2-202209-U	T2	202209.0		U	0.0	1.0	True	Arithmetic mean of source-library ASV counts within canonical profile	Accession assigned; confirm public accessibility without login before resubmission	43505	64477392	1482.1	99.91	99.8	43505	42890	42890	42460	99.0	40379	40283	93.92	SAMN62468639	SRR40209378
T2-202210-D	T2-202210-D.gz	study_water_column_library	True		T2-202210-D	T2	202210.0		D	0.0	1.0	True	Arithmetic mean of source-library ASV counts within canonical profile	Accession assigned; confirm public accessibility without login before resubmission	40126	59745475	1488.9	99.92	99.83	40126	39563	39563	39354	99.47	37937	37929	95.87	SAMN62468640	SRR40209377
T2-202210-U	T2-202210-U.gz	study_water_column_library	True		T2-202210-U	T2	202210.0		U	0.0	1.0	True	Arithmetic mean of source-library ASV counts within canonical profile	Accession assigned; confirm public accessibility without login before resubmission	27830	41392849	1487.3	99.9	99.79	27830	27313	27313	27001	98.86	25124	25095	91.88	SAMN62468641	SRR40209376
T2-202211-D	T2-202211-D.gz	study_water_column_library	True		T2-202211-D	T2	202211.0		D	0.0	1.0	True	Arithmetic mean of source-library ASV counts within canonical profile	Accession assigned; confirm public accessibility without login before resubmission	28583	43171724	1510.4	99.9	99.79	28583	28058	28058	27666	98.6	25896	25687	91.55	SAMN62468642	SRR40209374
T2-202211-U	T2-202211-U.gz	study_water_column_library	True		T2-202211-U	T2	202211.0		U	0.0	1.0	True	Arithmetic mean of source-library ASV counts within canonical profile	Accession assigned; confirm public accessibility without login before resubmission	30895	46438724	1503.1	99.88	99.74	30895	30683	30683	30141	98.23	28291	28057	91.44	SAMN62468643	SRR40209373
T2-202304-D	T2-202304-D.gz	study_water_column_library	True		T2-202304-D	T2	202304.0		D	0.0	1.0	True	Arithmetic mean of source-library ASV counts within canonical profile	Accession assigned; confirm public accessibility without login before resubmission	26026	38584329	1482.5	99.45	98.76	26004	24453	24453	21079	86.2	20632	20616	84.31	SAMN62468644	SRR40209372
T2-202304-U	T2-202304-U.gz	study_water_column_library	True		T2-202304-U	T2	202304.0		U	0.0	1.0	True	Arithmetic mean of source-library ASV counts within canonical profile	Accession assigned; confirm public accessibility without login before resubmission	31378	46261821	1474.3	99.46	98.8	31353	30420	30420	26256	86.31	25763	25738	84.61	SAMN62468645	SRR40209371
T2-202305-D	T2-202305-D.gz	study_water_column_library	True		T2-202305-D	T2	202305.0		D	0.0	1.0	True	Arithmetic mean of source-library ASV counts within canonical profile	Accession assigned; confirm public accessibility without login before resubmission	16783	25711682	1532.0	99.43	98.71	16769	14391	14391	12470	86.65	12065	12059	83.8	SAMN62468646	SRR40209370
T2-202305-U	T2-202305-U.gz	study_water_column_library	True		T2-202305-U	T2	202305.0		U	0.0	1.0	True	Arithmetic mean of source-library ASV counts within canonical profile	Accession assigned; confirm public accessibility without login before resubmission	74286	110205510	1483.5	99.43	98.76	74210	73053	73053	62496	85.55	60237	60034	82.18	SAMN62468647	SRR40209369
T2-202306-D	T2-202306-D.gz	study_water_column_library	True		T2-202306-D	T2	202306.0		D	0.0	1.0	True	Arithmetic mean of source-library ASV counts within canonical profile	Accession assigned; confirm public accessibility without login before resubmission	6828	10791094	1580.4	99.38	98.61	6825	6078	6078	5183	85.27	4932	4918	80.91	SAMN62468648	SRR40209368
T2-202306-U	T2-202306-U.gz	study_water_column_library	True		T2-202306-U	T2	202306.0		U	0.0	1.0	True	Arithmetic mean of source-library ASV counts within canonical profile	Accession assigned; confirm public accessibility without login before resubmission	18644	27871521	1494.9	99.47	98.81	18632	18303	18303	15698	85.77	15368	15315	83.67	SAMN62468649	SRR40209367
T2-202307-D	T2-202307-D.gz	study_water_column_library	True		T2-202307-D	T2	202307.0		D	0.0	1.0	True	Arithmetic mean of source-library ASV counts within canonical profile	Accession assigned; confirm public accessibility without login before resubmission	36045	54218555	1504.2	99.45	98.76	36014	35294	35294	30096	85.27	28916	28806	81.62	SAMN62468650	SRR40209366
T2-202307-U	T2-202307-U.gz	study_water_column_library	True		T2-202307-U	T2	202307.0		U	0.0	1.0	True	Arithmetic mean of source-library ASV counts within canonical profile	Accession assigned; confirm public accessibility without login before resubmission	58175	88141538	1515.1	99.45	98.77	58133	56566	56566	48066	84.97	47275	47058	83.19	SAMN62468651	SRR40209365
T2-202308-D	T2-202308-D.gz	study_water_column_library	True		T2-202308-D	T2	202308.0		D	0.0	1.0	True	Arithmetic mean of source-library ASV counts within canonical profile	Accession assigned; confirm public accessibility without login before resubmission	20475	31052168	1516.6	99.46	98.78	20458	19862	19862	16703	84.1	16200	16071	80.91	SAMN62468652	SRR40209363
T2-202308-U	T2-202308-U.gz	study_water_column_library	True		T2-202308-U	T2	202308.0		U	0.0	1.0	True	Arithmetic mean of source-library ASV counts within canonical profile	Accession assigned; confirm public accessibility without login before resubmission	44386	66082317	1488.8	99.47	98.81	44356	43859	43859	36779	83.86	36431	36032	82.15	SAMN62468653	SRR40209362
T2-202309-D	T2-202309-D.gz	study_water_column_library	True		T2-202309-D	T2	202309.0		D	0.0	1.0	True	Arithmetic mean of source-library ASV counts within canonical profile	Accession assigned; confirm public accessibility without login before resubmission	25429	40203504	1581.0	99.43	98.71	25416	21200	21200	18291	86.28	17765	17729	83.63	SAMN62468654	SRR40209361
T2-202309-U	T2-202309-U.gz	study_water_column_library	True		T2-202309-U	T2	202309.0		U	0.0	1.0	True	Arithmetic mean of source-library ASV counts within canonical profile	Accession assigned; confirm public accessibility without login before resubmission	64995	96994212	1492.3	99.46	98.79	64953	63269	63269	54852	86.7	53685	53590	84.7	SAMN62468655	SRR40209360
T2-202310-D	T2-202310-D.gz	study_water_column_library	True		T2-202310-D	T2	202310.0		D	0.0	1.0	True	Arithmetic mean of source-library ASV counts within canonical profile	Accession assigned; confirm public accessibility without login before resubmission	56393	83936026	1488.4	99.26	98.43	56326	49751	49751	40191	80.78	37045	37030	74.43	SAMN62468656	SRR40209359
T2-202310-U	T2-202310-U.gz	study_water_column_library	True		T2-202310-U	T2	202310.0		U	0.0	1.0	True	Arithmetic mean of source-library ASV counts within canonical profile	Accession assigned; confirm public accessibility without login before resubmission	22988	34228520	1489.0	99.17	98.31	22955	20378	20378	15640	76.75	14662	14660	71.94	SAMN62468657	SRR40209358
T2-202311-D	T2-202311-D.gz	study_water_column_library	True		T2-202311-D	T2	202311.0		D	0.0	1.0	True	Arithmetic mean of source-library ASV counts within canonical profile	Accession assigned; confirm public accessibility without login before resubmission	14430	21278498	1474.6	98.95	98.0	14403	13885	13885	9836	70.84	8590	8590	61.87	SAMN62468658	SRR40209502
T2-202311-U	T2-202311-U.gz	study_water_column_library	True		T2-202311-U	T2	202311.0		U	0.0	1.0	True	Arithmetic mean of source-library ASV counts within canonical profile	Accession assigned; confirm public accessibility without login before resubmission	11994	17547552	1463.0	99.05	98.17	11975	11477	11477	8419	73.36	8005	8000	69.7	SAMN62468659	SRR40209501
T2-202312-D	T2-202312-D.gz	study_water_column_library	True		T2-202312-D	T2	202312.0		D	0.0	1.0	True	Arithmetic mean of source-library ASV counts within canonical profile	Accession assigned; confirm public accessibility without login before resubmission	25282	37391997	1479.0	99.14	98.28	25234	24107	24107	18173	75.38	15033	15033	62.36	SAMN62468660	SRR40209500
T2-202312-U	T2-202312-U.gz	study_water_column_library	True		T2-202312-U	T2	202312.0		U	0.0	1.0	True	Arithmetic mean of source-library ASV counts within canonical profile	Accession assigned; confirm public accessibility without login before resubmission	16486	24283947	1473.0	99.04	98.14	16467	16101	16101	11668	72.47	10236	10234	63.56	SAMN62468661	SRR40209499
T2-202401-D	T2-202401-D.gz	study_water_column_library	True		T2-202401-D	T2	202401.0		D	0.0	1.0	True	Arithmetic mean of source-library ASV counts within canonical profile	Accession assigned; confirm public accessibility without login before resubmission	28051	41705888	1486.8	99.17	98.32	28013	26676	26676	20442	76.63	17156	17143	64.26	SAMN62468662	SRR40209497
T2-202401-U	T2-202401-U.gz	study_water_column_library	True		T2-202401-U	T2	202401.0		U	0.0	1.0	True	Arithmetic mean of source-library ASV counts within canonical profile	Accession assigned; confirm public accessibility without login before resubmission	34708	51388327	1480.6	99.2	98.36	34658	33564	33564	26158	77.93	24412	24408	72.72	SAMN62468663	SRR40209496
T2-202402-D	T2-202402-D.gz	study_water_column_library	True		T2-202402-D	T2	202402.0		D	0.0	1.0	True	Arithmetic mean of source-library ASV counts within canonical profile	Accession assigned; confirm public accessibility without login before resubmission	23567	34581816	1467.4	99.22	98.38	23547	20377	20377	15831	77.69	14146	14141	69.4	SAMN62468664	SRR40209495
T2-202402-U	T2-202402-U.gz	study_water_column_library	True		T2-202402-U	T2	202402.0		U	0.0	1.0	True	Arithmetic mean of source-library ASV counts within canonical profile	Accession assigned; confirm public accessibility without login before resubmission	11272	16783917	1489.0	99.06	98.16	11251	10930	10930	7907	72.34	6610	6608	60.46	SAMN62468665	SRR40209494
T2-202403-D	T2-202403-D.gz	study_water_column_library	True		T2-202403-D	T2	202403.0		D	0.0	1.0	True	Arithmetic mean of source-library ASV counts within canonical profile	Accession assigned; confirm public accessibility without login before resubmission	56264	83935653	1491.8	99.22	98.38	56180	52482	52482	41047	78.21	37592	37574	71.59	SAMN62468666	SRR40209493
T2-202403-U	T2-202403-U.gz	study_water_column_library	True		T2-202403-U	T2	202403.0		U	0.0	1.0	True	Arithmetic mean of source-library ASV counts within canonical profile	Accession assigned; confirm public accessibility without login before resubmission	40454	60391354	1492.8	99.2	98.35	40399	38780	38780	30007	77.38	28120	28099	72.46	SAMN62468667	SRR40209492
T2-202404-D	T2-202404-D.gz	study_water_column_library	True		T2-202404-D	T2	202404.0		D	0.0	1.0	True	Arithmetic mean of source-library ASV counts within canonical profile	Accession assigned; confirm public accessibility without login before resubmission	38285	56947321	1487.5	99.24	98.4	38239	36436	36436	28885	79.28	27874	27865	76.48	SAMN62468668	SRR40209491
T2-202404-U	T2-202404-U.gz	study_water_column_library	True		T2-202404-U	T2	202404.0		U	0.0	1.0	True	Arithmetic mean of source-library ASV counts within canonical profile	Accession assigned; confirm public accessibility without login before resubmission	39535	58560299	1481.2	99.17	98.31	39471	38034	38034	29306	77.05	25041	25038	65.83	SAMN62468669	SRR40209490
T2-202405-D	T2-202405-D.gz	study_water_column_library	True		T2-202405-D	T2	202405.0		D	0.0	1.0	True	Arithmetic mean of source-library ASV counts within canonical profile	Accession assigned; confirm public accessibility without login before resubmission	63281	94090451	1486.9	99.2	98.34	63199	61829	61829	48171	77.91	45841	45804	74.08	SAMN62468670	SRR40209489
T2-202405-U	T2-202405-U.gz	study_water_column_library	True		T2-202405-U	T2	202405.0		U	0.0	1.0	True	Arithmetic mean of source-library ASV counts within canonical profile	Accession assigned; confirm public accessibility without login before resubmission	18959	28195896	1487.2	99.21	98.36	18939	16746	16746	13033	77.83	12194	12186	72.77	SAMN62468671	SRR40209488
T2-202406-D	T2-202406-D.gz	study_water_column_library	True		T2-202406-D	T2	202406.0		D	0.0	1.0	True	Arithmetic mean of source-library ASV counts within canonical profile	Accession assigned; confirm public accessibility without login before resubmission	69337	112091486	1616.6	99.51	98.89	68264	49321	49321	45790	92.84	41962	40553	82.22	SAMN62468672	SRR40209486
T2-202406-U	T2-202406-U.gz	study_water_column_library	True		T2-202406-U	T2	202406.0		U	0.0	1.0	True	Arithmetic mean of source-library ASV counts within canonical profile	Accession assigned; confirm public accessibility without login before resubmission	71836	108180676	1505.9	99.51	98.9	70657	69476	69476	63518	91.42	59192	56156	80.83	SAMN62468673	SRR40209485
T2-202407-1-D	T2-202407-1-D.gz	study_water_column_library	True		T2-202407-D	T2	202407.0	1.0	D	1.0	2.0	True	Arithmetic mean of source-library ASV counts within canonical profile	Accession assigned; confirm public accessibility without login before resubmission	124914	222754815	1783.3	99.48	98.8	122901	63330	63330	58829	92.89	57502	56752	89.61	SAMN62468674	SRR40209484
T2-202407-1-U	T2-202407-1-U.gz	study_water_column_library	True		T2-202407-U	T2	202407.0	1.0	U	1.0	2.0	True	Arithmetic mean of source-library ASV counts within canonical profile	Accession assigned; confirm public accessibility without login before resubmission	54504	84126335	1543.5	99.53	98.95	53713	47966	47966	44162	92.07	40022	39131	81.58	SAMN62468675	SRR40209483
T2-202407-2-D	T2-202407-2-D.gz	study_water_column_library	True		T2-202407-D	T2	202407.0	2.0	D	1.0	2.0	True	Arithmetic mean of source-library ASV counts within canonical profile	Accession assigned; confirm public accessibility without login before resubmission	129343	191867649	1483.4	99.56	99.0	127394	125222	125222	115932	92.58	112671	112549	89.88	SAMN62468676	SRR40209482
T2-202407-2-U	T2-202407-2-U.gz	study_water_column_library	True		T2-202407-U	T2	202407.0	2.0	U	1.0	2.0	True	Arithmetic mean of source-library ASV counts within canonical profile	Accession assigned; confirm public accessibility without login before resubmission	105192	157345797	1495.8	99.55	98.98	103558	98404	98404	90111	91.57	85460	85031	86.41	SAMN62468677	SRR40209481
T2-202408-1-D	T2-202408-1-D.gz	study_water_column_library	True		T2-202408-D	T2	202408.0	1.0	D	1.0	2.0	True	Arithmetic mean of source-library ASV counts within canonical profile	Accession assigned; confirm public accessibility without login before resubmission	140189	208998312	1490.8	99.55	99.0	138085	134193	134193	121774	90.75	101341	100538	74.92	SAMN62468678	SRR40209480
T2-202408-1-U	T2-202408-1-U.gz	study_water_column_library	True		T2-202408-U	T2	202408.0	1.0	U	1.0	2.0	True	Arithmetic mean of source-library ASV counts within canonical profile	Accession assigned; confirm public accessibility without login before resubmission	166851	249049376	1492.6	99.56	99.0	164330	160653	160653	146453	91.16	134744	134198	83.53	SAMN62468679	SRR40209479
T2-202408-2-D	T2-202408-2-D.gz	study_water_column_library	True		T2-202408-D	T2	202408.0	2.0	D	1.0	2.0	True	Arithmetic mean of source-library ASV counts within canonical profile	Accession assigned; confirm public accessibility without login before resubmission	98972	149351017	1509.0	99.54	99.0	97580	89735	89735	81398	90.71	67248	65202	72.66	SAMN62468680	SRR40209478
T2-202408-2-U	T2-202408-2-U.gz	study_water_column_library	True		T2-202408-U	T2	202408.0	2.0	U	1.0	2.0	True	Arithmetic mean of source-library ASV counts within canonical profile	Accession assigned; confirm public accessibility without login before resubmission	84603	125802758	1487.0	99.57	99.03	83376	81895	81895	75480	92.17	69605	69284	84.6	SAMN62468681	SRR40209477
T2-202409-D	T2-202409-D.gz	study_water_column_library	True		T2-202409-D	T2	202409.0		D	0.0	1.0	True	Arithmetic mean of source-library ASV counts within canonical profile	Accession assigned; confirm public accessibility without login before resubmission	64596	93431387	1446.4	99.54	98.96	63579	60815	60815	56535	92.96	52626	52567	86.44	SAMN62468682	SRR40209475
T2-202409-U	T2-202409-U.gz	study_water_column_library	True		T2-202409-U	T2	202409.0		U	0.0	1.0	True	Arithmetic mean of source-library ASV counts within canonical profile	Accession assigned; confirm public accessibility without login before resubmission	72319	106993836	1479.5	99.56	99.01	71272	70612	70612	65278	92.45	61211	60964	86.34	SAMN62468683	SRR40209474
T2-202410-U	T2-202410-U.gz	study_water_column_library	True		T2-202410-U	T2	202410.0		U	0.0	1.0	True	Arithmetic mean of source-library ASV counts within canonical profile	Accession assigned; confirm public accessibility without login before resubmission	81573	120469979	1476.8	99.56	99.0	80351	79832	79832	73419	91.97	71036	70960	88.89	SAMN62468684	SRR40209473
T2-202411-D	T2-202411-D.gz	study_water_column_library	True		T2-202411-D	T2	202411.0		D	0.0	1.0	True	Arithmetic mean of source-library ASV counts within canonical profile	Accession assigned; confirm public accessibility without login before resubmission	56280	83520829	1484.0	99.55	99.0	55441	55183	55183	50679	91.84	49081	49014	88.82	SAMN62468685	SRR40209472
T2-202411-U	T2-202411-U.gz	study_water_column_library	True		T2-202411-U	T2	202411.0		U	0.0	1.0	True	Arithmetic mean of source-library ASV counts within canonical profile	Accession assigned; confirm public accessibility without login before resubmission	57141	84724377	1482.7	99.55	99.0	56237	56001	56001	51632	92.2	50205	50179	89.6	SAMN62468686	SRR40209471
T2-202412-1-U	T2-202412-1-U.gz	study_water_column_library	True		T2-202412-U	T2	202412.0	1.0	U	1.0	1.0	True	Arithmetic mean of source-library ASV counts within canonical profile	Accession assigned; confirm public accessibility without login before resubmission	52234	77474764	1483.2	99.55	98.99	51453	51183	51183	46713	91.27	45440	45409	88.72	SAMN62468687	SRR40209470
T2-202412-2-D	T2-202412-2-D.gz	study_water_column_library	True		T2-202412-D	T2	202412.0	2.0	D	1.0	1.0	True	Arithmetic mean of source-library ASV counts within canonical profile	Accession assigned; confirm public accessibility without login before resubmission	56337	85074126	1510.1	99.57	99.03	55561	54035	54035	48468	89.7	39766	39629	73.34	SAMN63694097	SRR40948570
T3-202209-D	T3-202209-D.gz	study_water_column_library	True		T3-202209-D	T3	202209.0		D	0.0	1.0	True	Arithmetic mean of source-library ASV counts within canonical profile	Accession assigned; confirm public accessibility without login before resubmission	49031	73234809	1493.6	99.92	99.83	49031	48280	48280	47315	98.0	44651	44649	92.48	SAMN62468688	SRR40209469
T3-202209-U	T3-202209-U.gz	study_water_column_library	True		T3-202209-U	T3	202209.0		U	0.0	1.0	True	Arithmetic mean of source-library ASV counts within canonical profile	Accession assigned; confirm public accessibility without login before resubmission	56514	84023617	1486.8	99.91	99.81	56514	56135	56135	55092	98.14	53536	53508	95.32	SAMN62468689	SRR40209468
T3-202210-D	T3-202210-D.gz	study_water_column_library	True		T3-202210-D	T3	202210.0		D	0.0	1.0	True	Arithmetic mean of source-library ASV counts within canonical profile	Accession assigned; confirm public accessibility without login before resubmission	28917	43050366	1488.8	99.91	99.81	28917	28361	28361	27977	98.65	26406	26373	92.99	SAMN62468690	SRR40209467
T3-202210-U	T3-202210-U.gz	study_water_column_library	True		T3-202210-U	T3	202210.0		U	0.0	1.0	True	Arithmetic mean of source-library ASV counts within canonical profile	Accession assigned; confirm public accessibility without login before resubmission	41964	62481281	1488.9	99.91	99.81	41964	41282	41282	40876	99.02	39640	39566	95.84	SAMN62468691	SRR40209429
T3-202211-D	T3-202211-D.gz	study_water_column_library	True		T3-202211-D	T3	202211.0		D	0.0	1.0	True	Arithmetic mean of source-library ASV counts within canonical profile	Accession assigned; confirm public accessibility without login before resubmission	42326	63502795	1500.3	99.88	99.75	42326	42101	42101	41681	99.0	39315	38501	91.45	SAMN62468692	SRR40209539
T3-202211-U	T3-202211-U.gz	study_water_column_library	True		T3-202211-U	T3	202211.0		U	0.0	1.0	True	Arithmetic mean of source-library ASV counts within canonical profile	Accession assigned; confirm public accessibility without login before resubmission	37780	56699682	1500.8	99.88	99.74	37780	37533	37533	37131	98.93	35678	34730	92.53	SAMN62468693	SRR40209538
T3-202303-D	T3-202303-D.gz	study_water_column_library	True		T3-202303-D	T3	202303.0		D	0.0	1.0	True	Arithmetic mean of source-library ASV counts within canonical profile	Accession assigned; confirm public accessibility without login before resubmission	33560	49368001	1471.0	99.46	98.79	33535	27996	27996	24404	87.17	23384	23381	83.52	SAMN62468694	SRR40209537
T3-202303-U	T3-202303-U.gz	study_water_column_library	True		T3-202303-U	T3	202303.0		U	0.0	1.0	True	Arithmetic mean of source-library ASV counts within canonical profile	Accession assigned; confirm public accessibility without login before resubmission	37475	56006543	1494.5	99.44	98.77	37443	36969	36969	31859	86.18	30633	30584	82.73	SAMN62468695	SRR40209536
T3-202304-D	T3-202304-D.gz	study_water_column_library	True		T3-202304-D	T3	202304.0		D	0.0	1.0	True	Arithmetic mean of source-library ASV counts within canonical profile	Accession assigned; confirm public accessibility without login before resubmission	55974	82747822	1478.3	99.46	98.79	55935	54625	54625	47557	87.06	46412	46402	84.95	SAMN62468696	SRR40209535
T3-202304-U	T3-202304-U.gz	study_water_column_library	True		T3-202304-U	T3	202304.0		U	0.0	1.0	True	Arithmetic mean of source-library ASV counts within canonical profile	Accession assigned; confirm public accessibility without login before resubmission	32159	47560253	1478.9	99.46	98.79	32129	31118	31118	27137	87.21	26446	26439	84.96	SAMN62468697	SRR40209534
T3-202305-D	T3-202305-D.gz	study_water_column_library	True		T3-202305-D	T3	202305.0		D	0.0	1.0	True	Arithmetic mean of source-library ASV counts within canonical profile	Accession assigned; confirm public accessibility without login before resubmission	26303	39294054	1493.9	99.45	98.78	26291	25321	25321	21885	86.43	21343	21322	84.21	SAMN62468698	SRR40209533
T3-202305-U	T3-202305-U.gz	study_water_column_library	True		T3-202305-U	T3	202305.0		U	0.0	1.0	True	Arithmetic mean of source-library ASV counts within canonical profile	Accession assigned; confirm public accessibility without login before resubmission	59500	88074247	1480.2	99.41	98.72	59443	58021	58021	49087	84.6	47145	46877	80.79	SAMN62468699	SRR40209532
T3-202306-D	T3-202306-D.gz	study_water_column_library	True		T3-202306-D	T3	202306.0		D	0.0	1.0	True	Arithmetic mean of source-library ASV counts within canonical profile	Accession assigned; confirm public accessibility without login before resubmission	55715	83179747	1493.0	99.46	98.8	55665	54833	54833	46910	85.55	46122	45952	83.8	SAMN62468700	SRR40209531
T3-202306-U	T3-202306-U.gz	study_water_column_library	True		T3-202306-U	T3	202306.0		U	0.0	1.0	True	Arithmetic mean of source-library ASV counts within canonical profile	Accession assigned; confirm public accessibility without login before resubmission	34953	52451466	1500.6	99.44	98.77	34924	34149	34149	28985	84.88	28581	28437	83.27	SAMN62468701	SRR40209530
T3-202307-D	T3-202307-D.gz	study_water_column_library	True		T3-202307-D	T3	202307.0		D	0.0	1.0	True	Arithmetic mean of source-library ASV counts within canonical profile	Accession assigned; confirm public accessibility without login before resubmission	47253	70004452	1481.5	99.45	98.78	47220	46603	46603	40368	86.62	39438	39400	84.54	SAMN62468702	SRR40209528
T3-202307-U	T3-202307-U.gz	study_water_column_library	True		T3-202307-U	T3	202307.0		U	0.0	1.0	True	Arithmetic mean of source-library ASV counts within canonical profile	Accession assigned; confirm public accessibility without login before resubmission	35207	51001063	1448.6	99.46	98.78	35183	26639	26639	23032	86.46	22325	22304	83.73	SAMN62468703	SRR40209527
T3-202308-D	T3-202308-D.gz	study_water_column_library	True		T3-202308-D	T3	202308.0		D	0.0	1.0	True	Arithmetic mean of source-library ASV counts within canonical profile	Accession assigned; confirm public accessibility without login before resubmission	53151	78829221	1483.1	99.47	98.82	53116	52439	52439	45278	86.34	44323	44209	84.31	SAMN62468704	SRR40209526
T3-202308-U	T3-202308-U.gz	study_water_column_library	True		T3-202308-U	T3	202308.0		U	0.0	1.0	True	Arithmetic mean of source-library ASV counts within canonical profile	Accession assigned; confirm public accessibility without login before resubmission	59389	88115820	1483.7	99.46	98.8	59340	58219	58219	49992	85.87	49425	49256	84.6	SAMN62468705	SRR40209525
T3-202309-U	T3-202309-U.gz	study_water_column_library	True		T3-202309-U	T3	202309.0		U	0.0	1.0	True	Arithmetic mean of source-library ASV counts within canonical profile	Accession assigned; confirm public accessibility without login before resubmission	62034	92788621	1495.8	99.41	98.74	61970	60609	60609	51276	84.6	48210	48144	79.43	SAMN62468706	SRR40209524
T3-202310-U	T3-202310-U.gz	study_water_column_library	True		T3-202310-U	T3	202310.0		U	0.0	1.0	True	Arithmetic mean of source-library ASV counts within canonical profile	Accession assigned; confirm public accessibility without login before resubmission	18977	28156985	1483.7	99.24	98.42	18957	16294	16294	13005	79.81	12080	12080	74.14	SAMN62468707	SRR40209523
T3-202311-U	T3-202311-U.gz	study_water_column_library	True		T3-202311-U	T3	202311.0		U	0.0	1.0	True	Arithmetic mean of source-library ASV counts within canonical profile	Accession assigned; confirm public accessibility without login before resubmission	16124	24106663	1495.1	99.11	98.24	16096	15278	15278	11288	73.88	9842	9841	64.41	SAMN62468708	SRR40209522
T3-202312-U	T3-202312-U.gz	study_water_column_library	True		T3-202312-U	T3	202312.0		U	0.0	1.0	True	Arithmetic mean of source-library ASV counts within canonical profile	Accession assigned; confirm public accessibility without login before resubmission	40082	59184493	1476.6	99.17	98.31	40030	35689	35689	27378	76.71	25199	24994	70.03	SAMN62468709	SRR40209521
T3-202401-U	T3-202401-U.gz	study_water_column_library	True		T3-202401-U	T3	202401.0		U	0.0	1.0	True	Arithmetic mean of source-library ASV counts within canonical profile	Accession assigned; confirm public accessibility without login before resubmission	38163	56374270	1477.2	99.17	98.32	38104	33809	33809	25939	76.72	23540	23535	69.61	SAMN62468710	SRR40209520
T3-202402-U	T3-202402-U.gz	study_water_column_library	True		T3-202402-U	T3	202402.0		U	0.0	1.0	True	Arithmetic mean of source-library ASV counts within canonical profile	Accession assigned; confirm public accessibility without login before resubmission	11626	17117957	1472.4	99.23	98.44	11612	8830	8830	6703	75.91	5748	5722	64.8	SAMN62468711	SRR40209519
T3-202403-U	T3-202403-U.gz	study_water_column_library	True		T3-202403-U	T3	202403.0		U	0.0	1.0	True	Arithmetic mean of source-library ASV counts within canonical profile	Accession assigned; confirm public accessibility without login before resubmission	15555	23127424	1486.8	99.1	98.23	15535	14967	14967	11047	73.81	9161	9153	61.15	SAMN62468712	SRR40209517
T3-202404-D	T3-202404-D.gz	study_water_column_library	True		T3-202404-D	T3	202404.0		D	0.0	1.0	True	Arithmetic mean of source-library ASV counts within canonical profile	Accession assigned; confirm public accessibility without login before resubmission	16322	24239759	1485.1	99.12	98.22	16299	14971	14971	11232	75.03	10208	10208	68.19	SAMN62468713	SRR40209516
T3-202404-U	T3-202404-U.gz	study_water_column_library	True		T3-202404-U	T3	202404.0		U	0.0	1.0	True	Arithmetic mean of source-library ASV counts within canonical profile	Accession assigned; confirm public accessibility without login before resubmission	51298	76248996	1486.4	99.25	98.43	51229	48155	48155	38573	80.1	35319	35278	73.26	SAMN62468714	SRR40209515
T3-202405-D	T3-202405-D.gz	study_water_column_library	True		T3-202405-D	T3	202405.0		D	0.0	1.0	True	Arithmetic mean of source-library ASV counts within canonical profile	Accession assigned; confirm public accessibility without login before resubmission	33123	49336080	1489.5	99.26	98.41	33069	27082	27082	21413	79.07	20720	20717	76.5	SAMN62468715	SRR40209514
T3-202405-U	T3-202405-U.gz	study_water_column_library	True		T3-202405-U	T3	202405.0		U	0.0	1.0	True	Arithmetic mean of source-library ASV counts within canonical profile	Accession assigned; confirm public accessibility without login before resubmission	37732	55901278	1481.5	99.22	98.37	37689	35505	35505	27975	78.79	26738	26734	75.3	SAMN62468716	SRR40209513
T3-202406-D	T3-202406-D.gz	study_water_column_library	True		T3-202406-D	T3	202406.0		D	0.0	1.0	True	Arithmetic mean of source-library ASV counts within canonical profile	Accession assigned; confirm public accessibility without login before resubmission	102518	154332779	1505.4	99.53	98.95	100925	97578	97578	90369	92.61	82421	80560	82.56	SAMN62468717	SRR40209512
T3-202406-U	T3-202406-U.gz	study_water_column_library	True		T3-202406-U	T3	202406.0		U	0.0	1.0	True	Arithmetic mean of source-library ASV counts within canonical profile	Accession assigned; confirm public accessibility without login before resubmission	131180	197425062	1505.0	99.54	98.96	129098	123879	123879	114917	92.77	110543	109791	88.63	SAMN62468718	SRR40209511
T3-202407-1-D	T3-202407-1-D.gz	study_water_column_library	True		T3-202407-D	T3	202407.0	1.0	D	1.0	2.0	True	Arithmetic mean of source-library ASV counts within canonical profile	Accession assigned; confirm public accessibility without login before resubmission	63521	98023122	1543.2	99.54	98.96	62555	55765	55765	51851	92.98	49284	48549	87.06	SAMN62468719	SRR40209510
T3-202407-1-U	T3-202407-1-U.gz	study_water_column_library	True		T3-202407-U	T3	202407.0	1.0	U	1.0	2.0	True	Arithmetic mean of source-library ASV counts within canonical profile	Accession assigned; confirm public accessibility without login before resubmission	92474	139471151	1508.2	99.54	98.96	91047	89424	89424	83130	92.96	80376	79313	88.69	SAMN62468720	SRR40209509
T3-202407-2-D	T3-202407-2-D.gz	study_water_column_library	True		T3-202407-D	T3	202407.0	2.0	D	1.0	2.0	True	Arithmetic mean of source-library ASV counts within canonical profile	Accession assigned; confirm public accessibility without login before resubmission	162377	256685246	1580.8	99.52	98.91	159784	144441	144441	133533	92.45	129168	129078	89.36	SAMN62468721	SRR40209508
T3-202407-2-U	T3-202407-2-U.gz	study_water_column_library	True		T3-202407-U	T3	202407.0	2.0	U	1.0	2.0	True	Arithmetic mean of source-library ASV counts within canonical profile	Accession assigned; confirm public accessibility without login before resubmission	63396	94886329	1496.7	99.55	98.99	62441	61633	61633	56290	91.33	51874	51670	83.83	SAMN62468722	SRR40209506
T3-202408-1-D	T3-202408-1-D.gz	study_water_column_library	True		T3-202408-D	T3	202408.0	1.0	D	1.0	2.0	True	Arithmetic mean of source-library ASV counts within canonical profile	Accession assigned; confirm public accessibility without login before resubmission	88975	135100063	1518.4	99.55	98.99	87722	80605	80605	73354	91.0	60521	59937	74.36	SAMN62468723	SRR40209505
T3-202408-1-U	T3-202408-1-U.gz	study_water_column_library	True		T3-202408-U	T3	202408.0	1.0	U	1.0	2.0	True	Arithmetic mean of source-library ASV counts within canonical profile	Accession assigned; confirm public accessibility without login before resubmission	212989	331769137	1557.7	99.54	98.96	209686	158713	158713	147028	92.64	138185	137203	86.45	SAMN62468724	SRR40209504
T3-202408-2-D	T3-202408-2-D.gz	study_water_column_library	True		T3-202408-D	T3	202408.0	2.0	D	1.0	2.0	True	Arithmetic mean of source-library ASV counts within canonical profile	Accession assigned; confirm public accessibility without login before resubmission	98663	146639250	1486.3	99.57	99.04	97215	94946	94946	87439	92.09	79421	78664	82.85	SAMN62468725	SRR40209503
T3-202408-2-U	T3-202408-2-U.gz	study_water_column_library	True		T3-202408-U	T3	202408.0	2.0	U	1.0	2.0	True	Arithmetic mean of source-library ASV counts within canonical profile	Accession assigned; confirm public accessibility without login before resubmission	93409	139114175	1489.3	99.57	99.03	92103	89078	89078	81703	91.72	75377	74310	83.42	SAMN62468726	SRR40209466
T3-202409-U	T3-202409-U.gz	study_water_column_library	True		T3-202409-U	T3	202409.0		U	0.0	1.0	True	Arithmetic mean of source-library ASV counts within canonical profile	Accession assigned; confirm public accessibility without login before resubmission	67766	100143457	1477.8	99.55	98.99	66756	65627	65627	60388	92.02	52439	51801	78.93	SAMN62468727	SRR40209465
T3-202410-D	T3-202410-D.gz	study_water_column_library	True		T3-202410-D	T3	202410.0		D	0.0	1.0	True	Arithmetic mean of source-library ASV counts within canonical profile	Accession assigned; confirm public accessibility without login before resubmission	52196	78035760	1495.1	99.56	98.99	51385	50546	50546	46726	92.44	45138	45132	89.29	SAMN62468728	SRR40209464
T3-202410-U	T3-202410-U.gz	study_water_column_library	True		T3-202410-U	T3	202410.0		U	0.0	1.0	True	Arithmetic mean of source-library ASV counts within canonical profile	Accession assigned; confirm public accessibility without login before resubmission	99787	148044521	1483.6	99.56	99.0	98300	97660	97660	89603	91.75	86112	85951	88.01	SAMN62468729	SRR40209463
T3-202412-2-D	T3-202412-2-D.gz	study_water_column_library	True		T3-202412-D	T3	202412.0	2.0	D	1.0	1.0	True	Arithmetic mean of source-library ASV counts within canonical profile	Accession assigned; confirm public accessibility without login before resubmission	58526	89432938	1528.1	99.54	98.94	57611	54270	54270	49446	91.11	44818	44755	82.47	SAMN63694098	SRR40948569
T4-202209-D	T4-202209-D.gz	study_water_column_library	True		T4-202209-D	T4	202209.0		D	0.0	1.0	True	Arithmetic mean of source-library ASV counts within canonical profile	Accession assigned; confirm public accessibility without login before resubmission	47099	69756370	1481.1	99.91	99.81	47099	46476	46476	45679	98.29	43765	43694	94.01	SAMN62468730	SRR40209462
T4-202209-U	T4-202209-U.gz	study_water_column_library	True		T4-202209-U	T4	202209.0		U	0.0	1.0	True	Arithmetic mean of source-library ASV counts within canonical profile	Accession assigned; confirm public accessibility without login before resubmission	51462	76047122	1477.7	99.91	99.8	51462	50950	50950	50277	98.68	49195	49141	96.45	SAMN62468731	SRR40209461
T4-202210-D	T4-202210-D.gz	study_water_column_library	True		T4-202210-D	T4	202210.0		D	0.0	1.0	True	Arithmetic mean of source-library ASV counts within canonical profile	Accession assigned; confirm public accessibility without login before resubmission	41399	61468993	1484.8	99.91	99.8	41399	41023	41023	40459	98.63	38029	38016	92.67	SAMN62468732	SRR40209459
T4-202210-U	T4-202210-U.gz	study_water_column_library	True		T4-202210-U	T4	202210.0		U	0.0	1.0	True	Arithmetic mean of source-library ASV counts within canonical profile	Accession assigned; confirm public accessibility without login before resubmission	42312	62885318	1486.2	99.92	99.83	42312	41335	41335	40882	98.9	40012	39992	96.75	SAMN62468733	SRR40209458
T4-202211-D	T4-202211-D.gz	study_water_column_library	True		T4-202211-D	T4	202211.0		D	0.0	1.0	True	Arithmetic mean of source-library ASV counts within canonical profile	Accession assigned; confirm public accessibility without login before resubmission	27237	42267328	1551.8	99.91	99.8	27237	22762	22762	22523	98.95	21153	21151	92.92	SAMN62468734	SRR40209457
T4-202211-U	T4-202211-U.gz	study_water_column_library	True		T4-202211-U	T4	202211.0		U	0.0	1.0	True	Arithmetic mean of source-library ASV counts within canonical profile	Accession assigned; confirm public accessibility without login before resubmission	28712	44155485	1537.9	99.9	99.79	28712	23491	23491	23185	98.7	21539	21428	91.22	SAMN62468735	SRR40209456
T4-202212-1-D	T4-202212-1-D.gz	study_water_column_library	True		T4-202212-D	T4	202212.0	1.0	D	1.0	2.0	True	Arithmetic mean of source-library ASV counts within canonical profile	Accession assigned; confirm public accessibility without login before resubmission	34693	51999499	1498.8	99.91	99.81	34693	33525	33525	32555	97.11	31736	31718	94.61	SAMN62468736	SRR40209455
T4-202212-1-U	T4-202212-1-U.gz	study_water_column_library	True		T4-202212-U	T4	202212.0	1.0	U	1.0	2.0	True	Arithmetic mean of source-library ASV counts within canonical profile	Accession assigned; confirm public accessibility without login before resubmission	39539	59353882	1501.1	99.92	99.82	39539	38531	38531	37288	96.77	36091	36072	93.62	SAMN62468737	SRR40209454
T4-202212-2-D	T4-202212-2-D.gz	study_water_column_library	True		T4-202212-D	T4	202212.0	2.0	D	1.0	2.0	True	Arithmetic mean of source-library ASV counts within canonical profile	Accession assigned; confirm public accessibility without login before resubmission	29878	44833249	1500.5	99.86	99.7	29878	29733	29733	29286	98.5	26058	24884	83.69	SAMN62468738	SRR40209453
T4-202212-2-U	T4-202212-2-U.gz	study_water_column_library	True		T4-202212-U	T4	202212.0	2.0	U	1.0	2.0	True	Arithmetic mean of source-library ASV counts within canonical profile	Accession assigned; confirm public accessibility without login before resubmission	36489	54604493	1496.5	99.89	99.77	36489	36257	36257	35812	98.77	33650	33241	91.68	SAMN62468739	SRR40209452
T4-202302-2-U	T4-202302-2-U.gz	study_water_column_library	True		T4-202302-U	T4	202302.0	2.0	U	1.0	1.0	True	Arithmetic mean of source-library ASV counts within canonical profile	Accession assigned; confirm public accessibility without login before resubmission	25870	38365820	1483.0	99.91	99.8	25870	25362	25362	25193	99.33	24231	24050	94.83	SAMN62468740	SRR40209451
T4-202303-D	T4-202303-D.gz	study_water_column_library	True		T4-202303-D	T4	202303.0		D	0.0	1.0	True	Arithmetic mean of source-library ASV counts within canonical profile	Accession assigned; confirm public accessibility without login before resubmission	41019	61565077	1500.9	99.46	98.8	40989	40261	40261	34719	86.23	33699	33627	83.52	SAMN62468741	SRR40209450
T4-202303-U	T4-202303-U.gz	study_water_column_library	True		T4-202303-U	T4	202303.0		U	0.0	1.0	True	Arithmetic mean of source-library ASV counts within canonical profile	Accession assigned; confirm public accessibility without login before resubmission	49228	73047601	1483.9	99.47	98.82	49189	48625	48625	41862	86.09	40699	40632	83.56	SAMN62468742	SRR40209448
T4-202304-D	T4-202304-D.gz	study_water_column_library	True		T4-202304-D	T4	202304.0		D	0.0	1.0	True	Arithmetic mean of source-library ASV counts within canonical profile	Accession assigned; confirm public accessibility without login before resubmission	54553	81707802	1497.8	99.47	98.8	54499	53292	53292	46479	87.22	45344	45332	85.06	SAMN62468743	SRR40209447
T4-202304-U	T4-202304-U.gz	study_water_column_library	True		T4-202304-U	T4	202304.0		U	0.0	1.0	True	Arithmetic mean of source-library ASV counts within canonical profile	Accession assigned; confirm public accessibility without login before resubmission	52865	78269299	1480.6	99.45	98.79	52826	52265	52265	45285	86.64	43854	43847	83.89	SAMN62468744	SRR40209446
T4-202305-D	T4-202305-D.gz	study_water_column_library	True		T4-202305-D	T4	202305.0		D	0.0	1.0	True	Arithmetic mean of source-library ASV counts within canonical profile	Accession assigned; confirm public accessibility without login before resubmission	24400	36502340	1496.0	99.47	98.82	24379	23381	23381	20375	87.14	19756	19743	84.44	SAMN62468745	SRR40209445
T4-202305-U	T4-202305-U.gz	study_water_column_library	True		T4-202305-U	T4	202305.0		U	0.0	1.0	True	Arithmetic mean of source-library ASV counts within canonical profile	Accession assigned; confirm public accessibility without login before resubmission	13504	21910000	1622.5	99.4	98.62	13492	7613	7613	6579	86.42	6418	6416	84.28	SAMN62468746	SRR40209444
T4-202306-D	T4-202306-D.gz	study_water_column_library	True		T4-202306-D	T4	202306.0		D	0.0	1.0	True	Arithmetic mean of source-library ASV counts within canonical profile	Accession assigned; confirm public accessibility without login before resubmission	56395	84813534	1503.9	99.46	98.79	56338	54907	54907	46532	84.75	45880	45788	83.39	SAMN62468747	SRR40209443
T4-202306-U	T4-202306-U.gz	study_water_column_library	True		T4-202306-U	T4	202306.0		U	0.0	1.0	True	Arithmetic mean of source-library ASV counts within canonical profile	Accession assigned; confirm public accessibility without login before resubmission	52552	78826611	1500.0	99.45	98.78	52516	51795	51795	43788	84.54	43396	43272	83.54	SAMN62468748	SRR40209442
T4-202307-D	T4-202307-D.gz	study_water_column_library	True		T4-202307-D	T4	202307.0		D	0.0	1.0	True	Arithmetic mean of source-library ASV counts within canonical profile	Accession assigned; confirm public accessibility without login before resubmission	54724	81662054	1492.3	99.46	98.81	54674	53757	53757	46474	86.45	45250	45230	84.14	SAMN62468749	SRR40209441
T4-202307-U	T4-202307-U.gz	study_water_column_library	True		T4-202307-U	T4	202307.0		U	0.0	1.0	True	Arithmetic mean of source-library ASV counts within canonical profile	Accession assigned; confirm public accessibility without login before resubmission	27061	41666991	1539.7	99.43	98.72	27041	24171	24171	20775	85.95	20358	20354	84.21	SAMN62468750	SRR40209440
T4-202308-D	T4-202308-D.gz	study_water_column_library	True		T4-202308-D	T4	202308.0		D	0.0	1.0	True	Arithmetic mean of source-library ASV counts within canonical profile	Accession assigned; confirm public accessibility without login before resubmission	31425	47425554	1509.2	99.46	98.8	31398	30265	30265	26034	86.02	25485	25469	84.15	SAMN62468751	SRR40209439
T4-202308-U	T4-202308-U.gz	study_water_column_library	True		T4-202308-U	T4	202308.0		U	0.0	1.0	True	Arithmetic mean of source-library ASV counts within canonical profile	Accession assigned; confirm public accessibility without login before resubmission	38031	57294944	1506.5	99.46	98.79	38008	36953	36953	31607	85.53	31250	31233	84.52	SAMN62468752	SRR40209437
T4-202309-D	T4-202309-D.gz	study_water_column_library	True		T4-202309-D	T4	202309.0		D	0.0	1.0	True	Arithmetic mean of source-library ASV counts within canonical profile	Accession assigned; confirm public accessibility without login before resubmission	48217	71936727	1491.9	99.38	98.72	48166	46713	46713	38238	81.86	34352	34161	73.13	SAMN62468753	SRR40209436
T4-202309-U	T4-202309-U.gz	study_water_column_library	True		T4-202309-U	T4	202309.0		U	0.0	1.0	True	Arithmetic mean of source-library ASV counts within canonical profile	Accession assigned; confirm public accessibility without login before resubmission	33257	50584752	1521.0	99.45	98.76	33228	30802	30802	26478	85.96	26028	26015	84.46	SAMN62468754	SRR40209435
T4-202310-U	T4-202310-U.gz	study_water_column_library	True		T4-202310-U	T4	202310.0		U	0.0	1.0	True	Arithmetic mean of source-library ASV counts within canonical profile	Accession assigned; confirm public accessibility without login before resubmission	30876	45882400	1486.0	99.29	98.47	30835	21958	21958	17895	81.5	17426	17424	79.35	SAMN62468755	SRR40209434
T4-202311-U	T4-202311-U.gz	study_water_column_library	True		T4-202311-U	T4	202311.0		U	0.0	1.0	True	Arithmetic mean of source-library ASV counts within canonical profile	Accession assigned; confirm public accessibility without login before resubmission	2877	4247210	1476.3	99.11	98.28	2873	2651	2651	1984	74.84	1779	1779	67.11	SAMN62468756	SRR40209433
T4-202312-U	T4-202312-U.gz	study_water_column_library	True		T4-202312-U	T4	202312.0		U	0.0	1.0	True	Arithmetic mean of source-library ASV counts within canonical profile	Accession assigned; confirm public accessibility without login before resubmission	69207	102916796	1487.1	99.25	98.42	69103	63715	63715	50233	78.84	48749	48749	76.51	SAMN62468757	SRR40209432
T4-202401-U	T4-202401-U.gz	study_water_column_library	True		T4-202401-U	T4	202401.0		U	0.0	1.0	True	Arithmetic mean of source-library ASV counts within canonical profile	Accession assigned; confirm public accessibility without login before resubmission	46773	69202444	1479.5	99.21	98.36	46704	44486	44486	34582	77.74	32275	32261	72.52	SAMN62468758	SRR40209431
T4-202402-U	T4-202402-U.gz	study_water_column_library	True		T4-202402-U	T4	202402.0		U	0.0	1.0	True	Arithmetic mean of source-library ASV counts within canonical profile	Accession assigned; confirm public accessibility without login before resubmission	14906	22145333	1485.7	99.18	98.33	14879	13892	13892	10638	76.58	9509	9509	68.45	SAMN62468759	SRR40209430
T4-202403-U	T4-202403-U.gz	study_water_column_library	True		T4-202403-U	T4	202403.0		U	0.0	1.0	True	Arithmetic mean of source-library ASV counts within canonical profile	Accession assigned; confirm public accessibility without login before resubmission	42369	62517005	1475.5	99.27	98.44	42324	36760	36760	28771	78.27	28060	28054	76.32	SAMN62468760	SRR40209428
T4-202404-D	T4-202404-D.gz	study_water_column_library	True		T4-202404-D	T4	202404.0		D	0.0	1.0	True	Arithmetic mean of source-library ASV counts within canonical profile	Accession assigned; confirm public accessibility without login before resubmission	27431	40964707	1493.4	99.23	98.39	27399	26496	26496	20629	77.86	19458	19446	73.39	SAMN62468761	SRR40209427
T4-202404-U	T4-202404-U.gz	study_water_column_library	True		T4-202404-U	T4	202404.0		U	0.0	1.0	True	Arithmetic mean of source-library ASV counts within canonical profile	Accession assigned; confirm public accessibility without login before resubmission	24385	36071213	1479.2	99.25	98.43	24358	20476	20476	16047	78.37	15539	15536	75.87	SAMN62468762	SRR40209425
T4-202405-D	T4-202405-D.gz	study_water_column_library	True		T4-202405-D	T4	202405.0		D	0.0	1.0	True	Arithmetic mean of source-library ASV counts within canonical profile	Accession assigned; confirm public accessibility without login before resubmission	11749	17501677	1489.6	99.11	98.24	11730	9540	9540	7042	73.82	6221	6218	65.18	SAMN62468763	SRR40209424
T4-202405-U	T4-202405-U.gz	study_water_column_library	True		T4-202405-U	T4	202405.0		U	0.0	1.0	True	Arithmetic mean of source-library ASV counts within canonical profile	Accession assigned; confirm public accessibility without login before resubmission	43923	65505852	1491.4	99.26	98.43	43872	36993	36993	29646	80.14	28897	28893	78.1	SAMN62468764	SRR40209423
T4-202406-D	T4-202406-D.gz	study_water_column_library	True		T4-202406-D	T4	202406.0		D	0.0	1.0	True	Arithmetic mean of source-library ASV counts within canonical profile	Accession assigned; confirm public accessibility without login before resubmission	116378	174358681	1498.2	99.55	98.99	114574	112246	112246	102510	91.33	98742	98573	87.82	SAMN62468765	SRR40209422
T4-202406-U	T4-202406-U.gz	study_water_column_library	True		T4-202406-U	T4	202406.0		U	0.0	1.0	True	Arithmetic mean of source-library ASV counts within canonical profile	Accession assigned; confirm public accessibility without login before resubmission	108293	164547341	1519.5	99.55	98.98	106666	100008	100008	91997	91.99	89279	89204	89.2	SAMN62468766	SRR40209421
T4-202407-1-D	T4-202407-1-D.gz	study_water_column_library	True		T4-202407-D	T4	202407.0	1.0	D	1.0	2.0	True	Arithmetic mean of source-library ASV counts within canonical profile	Accession assigned; confirm public accessibility without login before resubmission	84717	127414597	1504.0	99.56	99.0	83438	81969	81969	73800	90.03	70985	70734	86.29	SAMN62468767	SRR40209420
T4-202407-1-U	T4-202407-1-U.gz	study_water_column_library	True		T4-202407-U	T4	202407.0	1.0	U	1.0	2.0	True	Arithmetic mean of source-library ASV counts within canonical profile	Accession assigned; confirm public accessibility without login before resubmission	335366	505221656	1506.5	99.56	99.0	330337	321259	321259	286944	89.32	277804	277276	86.31	SAMN62468768	SRR40209419
T4-202407-2-D	T4-202407-2-D.gz	study_water_column_library	True		T4-202407-D	T4	202407.0	2.0	D	1.0	2.0	True	Arithmetic mean of source-library ASV counts within canonical profile	Accession assigned; confirm public accessibility without login before resubmission	123443	185405395	1502.0	99.56	99.01	121620	119770	119770	105756	88.3	95748	94932	79.26	SAMN62468769	SRR40209418
T4-202407-2-U	T4-202407-2-U.gz	study_water_column_library	True		T4-202407-U	T4	202407.0	2.0	U	1.0	2.0	True	Arithmetic mean of source-library ASV counts within canonical profile	Accession assigned; confirm public accessibility without login before resubmission	131125	195684939	1492.4	99.55	99.0	129148	127350	127350	114938	90.25	107426	106835	83.89	SAMN62468770	SRR40209417
T4-202408-1-D	T4-202408-1-D.gz	study_water_column_library	True		T4-202408-D	T4	202408.0	1.0	D	1.0	2.0	True	Arithmetic mean of source-library ASV counts within canonical profile	Accession assigned; confirm public accessibility without login before resubmission	87602	132392216	1511.3	99.56	99.0	86337	74547	74547	68182	91.46	59912	59731	80.13	SAMN62468771	SRR40209416
T4-202408-1-U	T4-202408-1-U.gz	study_water_column_library	True		T4-202408-U	T4	202408.0	1.0	U	1.0	2.0	True	Arithmetic mean of source-library ASV counts within canonical profile	Accession assigned; confirm public accessibility without login before resubmission	115785	178423262	1541.0	99.54	98.96	114062	79587	79587	73446	92.28	69696	69544	87.38	SAMN62468772	SRR40209414
T4-202408-2-D	T4-202408-2-D.gz	study_water_column_library	True		T4-202408-D	T4	202408.0	2.0	D	1.0	2.0	True	Arithmetic mean of source-library ASV counts within canonical profile	Accession assigned; confirm public accessibility without login before resubmission	100270	151245724	1508.4	99.56	99.03	98891	93496	93496	83288	89.08	65715	65092	69.62	SAMN62468773	SRR40209413
T4-202408-2-U	T4-202408-2-U.gz	study_water_column_library	True		T4-202408-U	T4	202408.0	2.0	U	1.0	2.0	True	Arithmetic mean of source-library ASV counts within canonical profile	Accession assigned; confirm public accessibility without login before resubmission	74740	111312007	1489.3	99.57	99.03	73614	72903	72903	67125	92.07	63385	63281	86.8	SAMN62468774	SRR40209412
T4-202409-D	T4-202409-D.gz	study_water_column_library	True		T4-202409-D	T4	202409.0		D	0.0	1.0	True	Arithmetic mean of source-library ASV counts within canonical profile	Accession assigned; confirm public accessibility without login before resubmission	89089	132735422	1489.9	99.56	99.01	87805	87236	87236	80588	92.38	70924	70820	81.18	SAMN62468775	SRR40209411
T4-202409-U	T4-202409-U.gz	study_water_column_library	True		T4-202409-U	T4	202409.0		U	0.0	1.0	True	Arithmetic mean of source-library ASV counts within canonical profile	Accession assigned; confirm public accessibility without login before resubmission	51493	77055663	1496.4	99.56	99.0	50744	48354	48354	44732	92.51	43486	43483	89.93	SAMN62468776	SRR40209410
T4-202412-2-D	T4-202412-2-D.gz	study_water_column_library	True		T4-202412-D	T4	202412.0	2.0	D	1.0	1.0	True	Arithmetic mean of source-library ASV counts within canonical profile	Accession assigned; confirm public accessibility without login before resubmission	71216	106389307	1493.9	99.55	99.0	70173	69241	69241	63480	91.68	53665	53528	77.31	SAMN63694099	SRR40948568
