workflow_sample_id	biosample_accession	sra_run_accession	sra_study_accession	bioproject_accession	sra_filename
T1-202209-D	SAMN62468592	SRR40209542	SRP727697	PRJNA1513996	T1-202209-D.gz
T1-202209-U	SAMN62468593	SRR40209541	SRP727697	PRJNA1513996	T1-202209-U.gz
T1-202210-D	SAMN62468594	SRR40209408	SRP727697	PRJNA1513996	T1-202210-D.gz
T1-202210-U	SAMN62468595	SRR40209397	SRP727697	PRJNA1513996	T1-202210-U.gz
T1-202211-D	SAMN62468596	SRR40209386	SRP727697	PRJNA1513996	T1-202211-D.gz
T1-202211-U	SAMN62468597	SRR40209375	SRP727697	PRJNA1513996	T1-202211-U.gz
T1-202212-1-D	SAMN62468598	SRR40209364	SRP727697	PRJNA1513996	T1-202212-1-D.gz
T1-202212-1-U	SAMN62468599	SRR40209498	SRP727697	PRJNA1513996	T1-202212-1-U.gz
T1-202212-2-D	SAMN62468600	SRR40209487	SRP727697	PRJNA1513996	T1-202212-2-D.gz
T1-202212-2-U	SAMN62468601	SRR40209476	SRP727697	PRJNA1513996	T1-202212-2-U.gz
T1-202301-1-D	SAMN62468602	SRR40209540	SRP727697	PRJNA1513996	T1-202301-1-D.gz
T1-202301-1-U	SAMN62468603	SRR40209529	SRP727697	PRJNA1513996	T1-202301-1-U.gz
T1-202301-2-D	SAMN62468604	SRR40209518	SRP727697	PRJNA1513996	T1-202301-2-D.gz
T1-202301-2-U	SAMN62468605	SRR40209507	SRP727697	PRJNA1513996	T1-202301-2-U.gz
T1-202302-1-D	SAMN62468606	SRR40209460	SRP727697	PRJNA1513996	T1-202302-1-D.gz
T1-202302-1-U	SAMN62468607	SRR40209449	SRP727697	PRJNA1513996	T1-202302-1-U.gz
T1-202302-2-D	SAMN62468608	SRR40209438	SRP727697	PRJNA1513996	T1-202302-2-D.gz
T1-202302-2-U	SAMN62468609	SRR40209426	SRP727697	PRJNA1513996	T1-202302-2-U.gz
T1-202303-D	SAMN62468610	SRR40209415	SRP727697	PRJNA1513996	T1-202303-D.gz
T1-202303-U	SAMN62468611	SRR40209409	SRP727697	PRJNA1513996	T1-202303-U.gz
T1-202304-D	SAMN62468612	SRR40209407	SRP727697	PRJNA1513996	T1-202304-D.gz
T1-202304-U	SAMN62468613	SRR40209406	SRP727697	PRJNA1513996	T1-202304-U.gz
T1-202305-D	SAMN62468614	SRR40209405	SRP727697	PRJNA1513996	T1-202305-D.gz
T1-202305-U	SAMN62468615	SRR40209404	SRP727697	PRJNA1513996	T1-202305-U.gz
T1-202307-D	SAMN62468616	SRR40209403	SRP727697	PRJNA1513996	T1-202307-D.gz
T1-202307-U	SAMN62468617	SRR40209402	SRP727697	PRJNA1513996	T1-202307-U.gz
T1-202310-D	SAMN62468618	SRR40209401	SRP727697	PRJNA1513996	T1-202310-D.gz
T1-202310-U	SAMN62468619	SRR40209400	SRP727697	PRJNA1513996	T1-202310-U.gz
T1-202311-D	SAMN62468620	SRR40209399	SRP727697	PRJNA1513996	T1-202311-D.gz
T1-202311-U	SAMN62468621	SRR40209398	SRP727697	PRJNA1513996	T1-202311-U.gz
T1-202312-D	SAMN62468622	SRR40209396	SRP727697	PRJNA1513996	T1-202312-D.gz
T1-202312-U	SAMN62468623	SRR40209395	SRP727697	PRJNA1513996	T1-202312-U.gz
T1-202401-D	SAMN62468624	SRR40209394	SRP727697	PRJNA1513996	T1-202401-D.gz
T1-202401-U	SAMN62468625	SRR40209393	SRP727697	PRJNA1513996	T1-202401-U.gz
T1-202402-D	SAMN62468626	SRR40209392	SRP727697	PRJNA1513996	T1-202402-D.gz
T1-202402-U	SAMN62468627	SRR40209391	SRP727697	PRJNA1513996	T1-202402-U.gz
T1-202403-D	SAMN62468628	SRR40209390	SRP727697	PRJNA1513996	T1-202403-D.gz
T1-202403-U	SAMN62468629	SRR40209389	SRP727697	PRJNA1513996	T1-202403-U.gz
T1-202404-D	SAMN62468630	SRR40209388	SRP727697	PRJNA1513996	T1-202404-D.gz
T1-202404-U	SAMN62468631	SRR40209387	SRP727697	PRJNA1513996	T1-202404-U.gz
T1-202410-D	SAMN62468632	SRR40209385	SRP727697	PRJNA1513996	T1-202410-D.gz
T1-202410-U	SAMN62468633	SRR40209384	SRP727697	PRJNA1513996	T1-202410-U.gz
T1-202411-D	SAMN62468634	SRR40209383	SRP727697	PRJNA1513996	T1-202411-D.gz
T1-202411-U	SAMN62468635	SRR40209382	SRP727697	PRJNA1513996	T1-202411-U.gz
T1-202412-1-D	SAMN62468636	SRR40209381	SRP727697	PRJNA1513996	T1-202412-1-D.gz
T1-202412-1-U	SAMN62468637	SRR40209380	SRP727697	PRJNA1513996	T1-202412-1-U.gz
T1-202412-2-D	SAMN63694096	SRR40948571	SRP727697	PRJNA1513996	T1-202412-2-D.gz
T1-202412-2-U	SAMN63694095	SRR40948572	SRP727697	PRJNA1513996	T1-202412-2-U.gz
T2-202209-D	SAMN62468638	SRR40209379	SRP727697	PRJNA1513996	T2-202209-D.gz
T2-202209-U	SAMN62468639	SRR40209378	SRP727697	PRJNA1513996	T2-202209-U.gz
T2-202210-D	SAMN62468640	SRR40209377	SRP727697	PRJNA1513996	T2-202210-D.gz
T2-202210-U	SAMN62468641	SRR40209376	SRP727697	PRJNA1513996	T2-202210-U.gz
T2-202211-D	SAMN62468642	SRR40209374	SRP727697	PRJNA1513996	T2-202211-D.gz
T2-202211-U	SAMN62468643	SRR40209373	SRP727697	PRJNA1513996	T2-202211-U.gz
T2-202304-D	SAMN62468644	SRR40209372	SRP727697	PRJNA1513996	T2-202304-D.gz
T2-202304-U	SAMN62468645	SRR40209371	SRP727697	PRJNA1513996	T2-202304-U.gz
T2-202305-D	SAMN62468646	SRR40209370	SRP727697	PRJNA1513996	T2-202305-D.gz
T2-202305-U	SAMN62468647	SRR40209369	SRP727697	PRJNA1513996	T2-202305-U.gz
T2-202306-D	SAMN62468648	SRR40209368	SRP727697	PRJNA1513996	T2-202306-D.gz
T2-202306-U	SAMN62468649	SRR40209367	SRP727697	PRJNA1513996	T2-202306-U.gz
T2-202307-D	SAMN62468650	SRR40209366	SRP727697	PRJNA1513996	T2-202307-D.gz
T2-202307-U	SAMN62468651	SRR40209365	SRP727697	PRJNA1513996	T2-202307-U.gz
T2-202308-D	SAMN62468652	SRR40209363	SRP727697	PRJNA1513996	T2-202308-D.gz
T2-202308-U	SAMN62468653	SRR40209362	SRP727697	PRJNA1513996	T2-202308-U.gz
T2-202309-D	SAMN62468654	SRR40209361	SRP727697	PRJNA1513996	T2-202309-D.gz
T2-202309-U	SAMN62468655	SRR40209360	SRP727697	PRJNA1513996	T2-202309-U.gz
T2-202310-D	SAMN62468656	SRR40209359	SRP727697	PRJNA1513996	T2-202310-D.gz
T2-202310-U	SAMN62468657	SRR40209358	SRP727697	PRJNA1513996	T2-202310-U.gz
T2-202311-D	SAMN62468658	SRR40209502	SRP727697	PRJNA1513996	T2-202311-D.gz
T2-202311-U	SAMN62468659	SRR40209501	SRP727697	PRJNA1513996	T2-202311-U.gz
T2-202312-D	SAMN62468660	SRR40209500	SRP727697	PRJNA1513996	T2-202312-D.gz
T2-202312-U	SAMN62468661	SRR40209499	SRP727697	PRJNA1513996	T2-202312-U.gz
T2-202401-D	SAMN62468662	SRR40209497	SRP727697	PRJNA1513996	T2-202401-D.gz
T2-202401-U	SAMN62468663	SRR40209496	SRP727697	PRJNA1513996	T2-202401-U.gz
T2-202402-D	SAMN62468664	SRR40209495	SRP727697	PRJNA1513996	T2-202402-D.gz
T2-202402-U	SAMN62468665	SRR40209494	SRP727697	PRJNA1513996	T2-202402-U.gz
T2-202403-D	SAMN62468666	SRR40209493	SRP727697	PRJNA1513996	T2-202403-D.gz
T2-202403-U	SAMN62468667	SRR40209492	SRP727697	PRJNA1513996	T2-202403-U.gz
T2-202404-D	SAMN62468668	SRR40209491	SRP727697	PRJNA1513996	T2-202404-D.gz
T2-202404-U	SAMN62468669	SRR40209490	SRP727697	PRJNA1513996	T2-202404-U.gz
T2-202405-D	SAMN62468670	SRR40209489	SRP727697	PRJNA1513996	T2-202405-D.gz
T2-202405-U	SAMN62468671	SRR40209488	SRP727697	PRJNA1513996	T2-202405-U.gz
T2-202406-D	SAMN62468672	SRR40209486	SRP727697	PRJNA1513996	T2-202406-D.gz
T2-202406-U	SAMN62468673	SRR40209485	SRP727697	PRJNA1513996	T2-202406-U.gz
T2-202407-1-D	SAMN62468674	SRR40209484	SRP727697	PRJNA1513996	T2-202407-1-D.gz
T2-202407-1-U	SAMN62468675	SRR40209483	SRP727697	PRJNA1513996	T2-202407-1-U.gz
T2-202407-2-D	SAMN62468676	SRR40209482	SRP727697	PRJNA1513996	T2-202407-2-D.gz
T2-202407-2-U	SAMN62468677	SRR40209481	SRP727697	PRJNA1513996	T2-202407-2-U.gz
T2-202408-1-D	SAMN62468678	SRR40209480	SRP727697	PRJNA1513996	T2-202408-1-D.gz
T2-202408-1-U	SAMN62468679	SRR40209479	SRP727697	PRJNA1513996	T2-202408-1-U.gz
T2-202408-2-D	SAMN62468680	SRR40209478	SRP727697	PRJNA1513996	T2-202408-2-D.gz
T2-202408-2-U	SAMN62468681	SRR40209477	SRP727697	PRJNA1513996	T2-202408-2-U.gz
T2-202409-D	SAMN62468682	SRR40209475	SRP727697	PRJNA1513996	T2-202409-D.gz
T2-202409-U	SAMN62468683	SRR40209474	SRP727697	PRJNA1513996	T2-202409-U.gz
T2-202410-U	SAMN62468684	SRR40209473	SRP727697	PRJNA1513996	T2-202410-U.gz
T2-202411-D	SAMN62468685	SRR40209472	SRP727697	PRJNA1513996	T2-202411-D.gz
T2-202411-U	SAMN62468686	SRR40209471	SRP727697	PRJNA1513996	T2-202411-U.gz
T2-202412-1-U	SAMN62468687	SRR40209470	SRP727697	PRJNA1513996	T2-202412-1-U.gz
T2-202412-2-D	SAMN63694097	SRR40948570	SRP727697	PRJNA1513996	T2-202412-2-D.gz
T3-202209-D	SAMN62468688	SRR40209469	SRP727697	PRJNA1513996	T3-202209-D.gz
T3-202209-U	SAMN62468689	SRR40209468	SRP727697	PRJNA1513996	T3-202209-U.gz
T3-202210-D	SAMN62468690	SRR40209467	SRP727697	PRJNA1513996	T3-202210-D.gz
T3-202210-U	SAMN62468691	SRR40209429	SRP727697	PRJNA1513996	T3-202210-U.gz
T3-202211-D	SAMN62468692	SRR40209539	SRP727697	PRJNA1513996	T3-202211-D.gz
T3-202211-U	SAMN62468693	SRR40209538	SRP727697	PRJNA1513996	T3-202211-U.gz
T3-202303-D	SAMN62468694	SRR40209537	SRP727697	PRJNA1513996	T3-202303-D.gz
T3-202303-U	SAMN62468695	SRR40209536	SRP727697	PRJNA1513996	T3-202303-U.gz
T3-202304-D	SAMN62468696	SRR40209535	SRP727697	PRJNA1513996	T3-202304-D.gz
T3-202304-U	SAMN62468697	SRR40209534	SRP727697	PRJNA1513996	T3-202304-U.gz
T3-202305-D	SAMN62468698	SRR40209533	SRP727697	PRJNA1513996	T3-202305-D.gz
T3-202305-U	SAMN62468699	SRR40209532	SRP727697	PRJNA1513996	T3-202305-U.gz
T3-202306-D	SAMN62468700	SRR40209531	SRP727697	PRJNA1513996	T3-202306-D.gz
T3-202306-U	SAMN62468701	SRR40209530	SRP727697	PRJNA1513996	T3-202306-U.gz
T3-202307-D	SAMN62468702	SRR40209528	SRP727697	PRJNA1513996	T3-202307-D.gz
T3-202307-U	SAMN62468703	SRR40209527	SRP727697	PRJNA1513996	T3-202307-U.gz
T3-202308-D	SAMN62468704	SRR40209526	SRP727697	PRJNA1513996	T3-202308-D.gz
T3-202308-U	SAMN62468705	SRR40209525	SRP727697	PRJNA1513996	T3-202308-U.gz
T3-202309-U	SAMN62468706	SRR40209524	SRP727697	PRJNA1513996	T3-202309-U.gz
T3-202310-U	SAMN62468707	SRR40209523	SRP727697	PRJNA1513996	T3-202310-U.gz
T3-202311-U	SAMN62468708	SRR40209522	SRP727697	PRJNA1513996	T3-202311-U.gz
T3-202312-U	SAMN62468709	SRR40209521	SRP727697	PRJNA1513996	T3-202312-U.gz
T3-202401-U	SAMN62468710	SRR40209520	SRP727697	PRJNA1513996	T3-202401-U.gz
T3-202402-U	SAMN62468711	SRR40209519	SRP727697	PRJNA1513996	T3-202402-U.gz
T3-202403-U	SAMN62468712	SRR40209517	SRP727697	PRJNA1513996	T3-202403-U.gz
T3-202404-D	SAMN62468713	SRR40209516	SRP727697	PRJNA1513996	T3-202404-D.gz
T3-202404-U	SAMN62468714	SRR40209515	SRP727697	PRJNA1513996	T3-202404-U.gz
T3-202405-D	SAMN62468715	SRR40209514	SRP727697	PRJNA1513996	T3-202405-D.gz
T3-202405-U	SAMN62468716	SRR40209513	SRP727697	PRJNA1513996	T3-202405-U.gz
T3-202406-D	SAMN62468717	SRR40209512	SRP727697	PRJNA1513996	T3-202406-D.gz
T3-202406-U	SAMN62468718	SRR40209511	SRP727697	PRJNA1513996	T3-202406-U.gz
T3-202407-1-D	SAMN62468719	SRR40209510	SRP727697	PRJNA1513996	T3-202407-1-D.gz
T3-202407-1-U	SAMN62468720	SRR40209509	SRP727697	PRJNA1513996	T3-202407-1-U.gz
T3-202407-2-D	SAMN62468721	SRR40209508	SRP727697	PRJNA1513996	T3-202407-2-D.gz
T3-202407-2-U	SAMN62468722	SRR40209506	SRP727697	PRJNA1513996	T3-202407-2-U.gz
T3-202408-1-D	SAMN62468723	SRR40209505	SRP727697	PRJNA1513996	T3-202408-1-D.gz
T3-202408-1-U	SAMN62468724	SRR40209504	SRP727697	PRJNA1513996	T3-202408-1-U.gz
T3-202408-2-D	SAMN62468725	SRR40209503	SRP727697	PRJNA1513996	T3-202408-2-D.gz
T3-202408-2-U	SAMN62468726	SRR40209466	SRP727697	PRJNA1513996	T3-202408-2-U.gz
T3-202409-U	SAMN62468727	SRR40209465	SRP727697	PRJNA1513996	T3-202409-U.gz
T3-202410-D	SAMN62468728	SRR40209464	SRP727697	PRJNA1513996	T3-202410-D.gz
T3-202410-U	SAMN62468729	SRR40209463	SRP727697	PRJNA1513996	T3-202410-U.gz
T3-202412-2-D	SAMN63694098	SRR40948569	SRP727697	PRJNA1513996	T3-202412-2-D.gz
T4-202209-D	SAMN62468730	SRR40209462	SRP727697	PRJNA1513996	T4-202209-D.gz
T4-202209-U	SAMN62468731	SRR40209461	SRP727697	PRJNA1513996	T4-202209-U.gz
T4-202210-D	SAMN62468732	SRR40209459	SRP727697	PRJNA1513996	T4-202210-D.gz
T4-202210-U	SAMN62468733	SRR40209458	SRP727697	PRJNA1513996	T4-202210-U.gz
T4-202211-D	SAMN62468734	SRR40209457	SRP727697	PRJNA1513996	T4-202211-D.gz
T4-202211-U	SAMN62468735	SRR40209456	SRP727697	PRJNA1513996	T4-202211-U.gz
T4-202212-1-D	SAMN62468736	SRR40209455	SRP727697	PRJNA1513996	T4-202212-1-D.gz
T4-202212-1-U	SAMN62468737	SRR40209454	SRP727697	PRJNA1513996	T4-202212-1-U.gz
T4-202212-2-D	SAMN62468738	SRR40209453	SRP727697	PRJNA1513996	T4-202212-2-D.gz
T4-202212-2-U	SAMN62468739	SRR40209452	SRP727697	PRJNA1513996	T4-202212-2-U.gz
T4-202302-2-U	SAMN62468740	SRR40209451	SRP727697	PRJNA1513996	T4-202302-2-U.gz
T4-202303-D	SAMN62468741	SRR40209450	SRP727697	PRJNA1513996	T4-202303-D.gz
T4-202303-U	SAMN62468742	SRR40209448	SRP727697	PRJNA1513996	T4-202303-U.gz
T4-202304-D	SAMN62468743	SRR40209447	SRP727697	PRJNA1513996	T4-202304-D.gz
T4-202304-U	SAMN62468744	SRR40209446	SRP727697	PRJNA1513996	T4-202304-U.gz
T4-202305-D	SAMN62468745	SRR40209445	SRP727697	PRJNA1513996	T4-202305-D.gz
T4-202305-U	SAMN62468746	SRR40209444	SRP727697	PRJNA1513996	T4-202305-U.gz
T4-202306-D	SAMN62468747	SRR40209443	SRP727697	PRJNA1513996	T4-202306-D.gz
T4-202306-U	SAMN62468748	SRR40209442	SRP727697	PRJNA1513996	T4-202306-U.gz
T4-202307-D	SAMN62468749	SRR40209441	SRP727697	PRJNA1513996	T4-202307-D.gz
T4-202307-U	SAMN62468750	SRR40209440	SRP727697	PRJNA1513996	T4-202307-U.gz
T4-202308-D	SAMN62468751	SRR40209439	SRP727697	PRJNA1513996	T4-202308-D.gz
T4-202308-U	SAMN62468752	SRR40209437	SRP727697	PRJNA1513996	T4-202308-U.gz
T4-202309-D	SAMN62468753	SRR40209436	SRP727697	PRJNA1513996	T4-202309-D.gz
T4-202309-U	SAMN62468754	SRR40209435	SRP727697	PRJNA1513996	T4-202309-U.gz
T4-202310-U	SAMN62468755	SRR40209434	SRP727697	PRJNA1513996	T4-202310-U.gz
T4-202311-U	SAMN62468756	SRR40209433	SRP727697	PRJNA1513996	T4-202311-U.gz
T4-202312-U	SAMN62468757	SRR40209432	SRP727697	PRJNA1513996	T4-202312-U.gz
T4-202401-U	SAMN62468758	SRR40209431	SRP727697	PRJNA1513996	T4-202401-U.gz
T4-202402-U	SAMN62468759	SRR40209430	SRP727697	PRJNA1513996	T4-202402-U.gz
T4-202403-U	SAMN62468760	SRR40209428	SRP727697	PRJNA1513996	T4-202403-U.gz
T4-202404-D	SAMN62468761	SRR40209427	SRP727697	PRJNA1513996	T4-202404-D.gz
T4-202404-U	SAMN62468762	SRR40209425	SRP727697	PRJNA1513996	T4-202404-U.gz
T4-202405-D	SAMN62468763	SRR40209424	SRP727697	PRJNA1513996	T4-202405-D.gz
T4-202405-U	SAMN62468764	SRR40209423	SRP727697	PRJNA1513996	T4-202405-U.gz
T4-202406-D	SAMN62468765	SRR40209422	SRP727697	PRJNA1513996	T4-202406-D.gz
T4-202406-U	SAMN62468766	SRR40209421	SRP727697	PRJNA1513996	T4-202406-U.gz
T4-202407-1-D	SAMN62468767	SRR40209420	SRP727697	PRJNA1513996	T4-202407-1-D.gz
T4-202407-1-U	SAMN62468768	SRR40209419	SRP727697	PRJNA1513996	T4-202407-1-U.gz
T4-202407-2-D	SAMN62468769	SRR40209418	SRP727697	PRJNA1513996	T4-202407-2-D.gz
T4-202407-2-U	SAMN62468770	SRR40209417	SRP727697	PRJNA1513996	T4-202407-2-U.gz
T4-202408-1-D	SAMN62468771	SRR40209416	SRP727697	PRJNA1513996	T4-202408-1-D.gz
T4-202408-1-U	SAMN62468772	SRR40209414	SRP727697	PRJNA1513996	T4-202408-1-U.gz
T4-202408-2-D	SAMN62468773	SRR40209413	SRP727697	PRJNA1513996	T4-202408-2-D.gz
T4-202408-2-U	SAMN62468774	SRR40209412	SRP727697	PRJNA1513996	T4-202408-2-U.gz
T4-202409-D	SAMN62468775	SRR40209411	SRP727697	PRJNA1513996	T4-202409-D.gz
T4-202409-U	SAMN62468776	SRR40209410	SRP727697	PRJNA1513996	T4-202409-U.gz
T4-202412-2-D	SAMN63694099	SRR40948568	SRP727697	PRJNA1513996	T4-202412-2-D.gz
