PondMonth,Pond,Date,Season,Nitrate reduction,Sulfur oxidation and assimilation,Methanogenesis,C1 assimilation and oxidation,Fermentation and short-chain products,Compatible-solute metabolism
T1-202209,T1,202209,Autumn,0.4779042167876486,-0.4354463956262244,-0.8665246409857912,1.0001926567498705,-0.22917219362316177,-0.09977040025633443
T1-202210,T1,202210,Autumn,0.9250098379683644,0.18317426876573023,0.754141675754937,1.1521292558199043,0.43071689255751333,0.9488682689608128
T1-202211,T1,202211,Autumn,-0.8727861716857692,-0.3587316256823607,-1.1617183040843937,0.514548968209896,-0.6873713675932276,-0.6121139262552971
T1-202212,T1,202212,Winter,-0.10119115868263054,-0.6235339087160741,-0.5796422235170897,0.999447196912558,0.3653079542287263,0.3760938979384104
T1-202301,T1,202301,Winter,0.5087845237553277,0.43626760131078424,-0.5087228734574536,-0.31036342500365444,-0.08991993417709651,0.37954052571165126
T1-202302,T1,202302,,0.13989125530171914,0.6111061937886522,-0.33724521433130483,-0.2979156740702802,0.08245936733819051,-0.09458251981519492
T1-202303,T1,202303,Spring,-0.3790944397931436,0.2732742588880775,-0.9571944859988726,-0.668182441286832,-0.6354837843561069,0.43119619215043287
T1-202304,T1,202304,Spring,0.4476671820775401,-0.8754050229987828,-1.181239993826929,-0.008686789955086538,-0.36120792171989385,0.6322467051176675
T1-202305,T1,202305,Summer,0.26163898765136456,-0.3769013820966754,-0.7390198330984908,-0.9988854908821483,-0.036888412854795806,-0.6977536489547038
T1-202307,T1,202307,Summer,0.1314097852901887,-1.2075139448315892,0.162593622123889,0.3233913005183873,-0.08544936241300546,-0.6070747805873912
T1-202310,T1,202310,Autumn,0.028577800074899407,-0.04368030634839978,0.27033379499919424,-0.46760606909262825,0.12691868497425726,0.10686589309858038
T1-202311,T1,202311,Winter,0.36045668071036285,-0.12460156796038782,0.14855036293030072,-0.28626232616381353,0.5980941369830388,-0.1903832612364121
T1-202312,T1,202312,Winter,0.24514940916962064,0.015486549256100574,-0.08287277636797402,-1.1323517059614092,-0.13467644191756972,-0.8664212480495168
T1-202401,T1,202401,Winter,0.026206678033886766,0.07412745114318778,0.6422963799101419,-1.015449073185932,0.01768539584677603,-0.2994956609040556
T1-202402,T1,202402,Spring,-0.26985981306768436,-0.0769236055843128,0.10259612260366513,-0.9783278183751583,-0.2587566518429435,0.1832099627129051
T1-202403,T1,202403,Spring,-0.34207628004265,0.40693820395853114,0.4641886591166846,-0.8824774974020165,0.00010159932541770056,-0.49708635135746515
T1-202404,T1,202404,Spring,-0.299315781308641,0.4362866624033226,-1.505511569237214,-0.50445681924091,0.21020589842100523,-0.676863307117608
T1-202410,T1,202410,Autumn,0.5850964678515209,0.4909741101798826,0.9721294416736204,0.8727535928468921,0.11309181548895939,0.4048111423712759
T1-202411,T1,202411,Winter,0.8011070676033747,1.0786391302725469,-0.03834813669652308,0.6863909084632528,0.35558273457643585,-0.235161212588544
T1-202412,T1,202412,Winter,0.5140781517592394,-0.1857968627066981,-0.06255674848456289,0.05801937094612809,0.2966379259094434,-0.25977165906316246
T2-202209,T2,202209,Autumn,0.2764072710409804,-0.052456184496750755,0.1546781644945533,0.8919566815048818,0.6069860766784103,0.588282748965373
T2-202210,T2,202210,Autumn,-0.18308870918843584,0.5040328305486175,-0.0924552796114963,0.0660447242474213,0.008417999516220326,0.2744275610615716
T2-202211,T2,202211,Autumn,-0.9478521332126386,0.8395243308294409,-0.41468480418514153,0.8976967470498425,-0.3531855138153091,-0.8206294071874335
T2-202304,T2,202304,Spring,-0.7873905006018472,-0.13201328598125409,-1.2965988787610923,-1.6995869864575839,-0.34182105120687356,0.6170119247407255
T2-202305,T2,202305,Summer,-0.27978947817571126,0.04544445434119929,-0.49468471291044336,-0.4427830230471489,-0.12024849456515155,1.4097113991361032
T2-202306,T2,202306,Summer,0.12297805335254872,0.6839617218171125,0.13706235854581217,-0.38006450267116715,0.12200561003269719,0.8848702388672827
T2-202307,T2,202307,Summer,0.6604313371996834,0.14263225619422204,-0.19254659701234184,0.007778184524968826,-0.08636727949218394,0.09988843289093813
T2-202308,T2,202308,Autumn,0.2368649964764902,1.0406604663352281,0.06492789662333896,0.3685160478553234,0.6908112063890743,0.6734833626554143
T2-202309,T2,202309,Autumn,-0.21425461473214832,-0.1265305675770868,-0.14933094850012674,0.7120601052046689,-0.38768537878892745,0.1992689646855773
T2-202310,T2,202310,Autumn,0.4518861696069957,-0.8583140657493972,1.1270151761794287,0.7128707745178215,0.4066279470529898,0.7644906169588952
T2-202311,T2,202311,Winter,0.017596931218606143,-1.0913643957534398,-0.5296078339526448,-1.4281704775508888,-1.478250765280864,-1.7101812064658173
T2-202312,T2,202312,Winter,0.6374341558505561,0.12695491889269997,0.14283146426093762,-0.34204362715544645,0.3273576490408131,-1.392987573748183
T2-202401,T2,202401,Winter,-0.16642695698597249,0.5558638816554153,0.8389335938674478,-0.2603755961901836,0.05551586209326129,-0.06675381784260587
T2-202402,T2,202402,Spring,-0.3210167921650267,0.6739578664599281,1.2345205233584946,-0.4787232185414455,-0.194787798653401,0.09483785792757574
T2-202403,T2,202403,Spring,-0.44015022526924175,0.13113074481303347,0.7672399993141352,-0.7593714944228329,-0.1482596699727558,-0.09691080986592052
T2-202404,T2,202404,Spring,0.3677983967265801,0.2504333649875056,0.9816989800042618,-0.22535854946649903,0.2884183653907636,-0.8225862869306859
T2-202405,T2,202405,Spring,0.20511706428795506,0.5627668636319207,0.3178939467740185,0.3171873325076854,0.14263666305511247,0.7196562082316118
T2-202406,T2,202406,Summer,-1.6398808680577819,-4.1011631338679795,0.030158707468810997,-0.6223301317123473,-0.8399715929907817,-1.4227467673239869
T2-202407,T2,202407,Summer,0.12311287008496241,1.0116475682706076,-0.22110658623421414,0.32770674599396565,-0.19334485929594775,0.6470583085602536
T2-202408,T2,202408,,-0.00960666092345432,0.15999005463751376,0.3182913455867724,-0.11363559916988603,0.13618199719652127,-0.5144524150403706
T2-202409,T2,202409,Autumn,0.03898239573449261,-0.8838450691751104,0.13278060173593617,-1.013021622427183,0.23456562657315738,-1.2260488112242423
T2-202410,T2,202410,Autumn,0.09786162314999929,0.3357375859850965,-0.2297147627031809,-0.4968701335871532,-0.12238523277261242,-0.7149953467238475
T2-202411,T2,202411,Winter,0.16746666189428805,0.947841243997092,-0.3474059281183957,-0.6836040026180102,0.03538202459085448,-0.7104814923091294
T2-202412,T2,202412,Winter,0.2627345291842503,0.3150616223425419,0.8236133932020007,-0.7862019397234362,-0.11864621695099403,-0.021512510714574717
T3-202209,T3,202209,Autumn,5.08008470907137e-05,-0.3892919234369083,-0.13372196173104095,0.6309307615314065,0.46072579364061855,0.9326466685907939
T3-202210,T3,202210,Autumn,0.34931933717246244,-0.5320074865746623,-0.10799834064267883,0.17853495250225054,0.4204985011221578,0.22226207158279357
T3-202211,T3,202211,Autumn,-1.257651029594835,-0.021786080681103964,-0.5882523671736203,0.9633719389850272,-0.8941747988381581,-0.807932948714349
T3-202303,T3,202303,Spring,-1.3192207170556562,-0.9396429578510037,-0.34906821819808453,0.655891461085786,0.29574477125213283,1.3125024945080965
T3-202304,T3,202304,Spring,-0.7076143045215071,-0.9930261922480881,-0.26117328515208194,-0.2539539593488778,-0.30309402543153413,1.0321300319359594
T3-202305,T3,202305,Summer,-0.021743894619991003,0.3908584336769686,-0.5791058485343547,-0.7185607232911552,-0.20261004894480963,1.0681888083582571
T3-202306,T3,202306,Summer,0.14599506443938742,0.7593311178452293,-0.1995032668440837,0.06087421996470107,0.11715067595994236,0.44960010885532886
T3-202307,T3,202307,Summer,0.7656094319701348,-0.9289356840542996,-0.015184973343875433,0.5373833873279097,-0.14844954815497963,0.5147422286161063
T3-202308,T3,202308,Autumn,0.29592357082946474,0.9801599624199901,0.09109928059075162,0.025617028445164503,0.39165202150105494,0.07080470616780779
T3-202309,T3,202309,Autumn,-0.6049508916441305,0.4903874215898376,-0.7506675703372702,0.42276805635945786,-0.7601466522402935,-0.25972115089604214
T3-202310,T3,202310,Autumn,0.11670211694748933,-0.6749582645807036,0.8599940312238304,1.011997759415091,0.18841711584346033,-0.08491834383075855
T3-202311,T3,202311,Winter,-1.1534386262890932,-0.7647704218952291,0.2755824869649294,0.40107848418102765,-0.22680986204154902,-0.2244398966184823
T3-202312,T3,202312,Winter,0.05638339547220187,-0.16469528322275212,0.37463159603995333,0.5895583404821396,-0.6352197209936332,-0.29462628561390874
T3-202401,T3,202401,Winter,-0.5177172040488984,-0.01733796042141772,0.32482737291059915,0.7052819352874931,-0.3090728948426531,-0.25672758031016135
T3-202402,T3,202402,Spring,-0.6437296737960458,0.08597533882399522,-0.618456339555078,0.7320446824492612,-0.5736111597239741,0.31001667917821146
T3-202403,T3,202403,Spring,-0.565430074166266,-0.34674786438646227,0.9066886152672872,0.8515146841063314,-0.18016748981683084,0.4677827624382841
T3-202404,T3,202404,Spring,-0.04526941689380462,0.2518199955899297,1.651742391102525,0.45980842590786175,0.5954550800194529,0.3428812787376534
T3-202405,T3,202405,Spring,0.26062290447507247,1.4286398101365165,-0.057839943375787906,0.7514915040410953,0.23368207811518626,-0.2662232135443931
T3-202406,T3,202406,Summer,-1.327835967586093,-2.6848567413500506,0.2507027460254011,-0.918680494827939,-0.5355641082408888,-0.9583183754955209
T3-202407,T3,202407,Summer,-0.5466075948972272,-0.10249357524314157,0.9926501736058321,0.8700290458739242,0.795959340352866,0.32657116356021326
T3-202408,T3,202408,,0.43885244792830447,0.4868216961362372,0.7357303074767935,-0.548114504823118,-0.27509864398086353,-1.0572815273258585
T3-202409,T3,202409,Autumn,0.31820066116966633,0.28809036203111693,1.2095230058012336,0.14874289474762087,0.7890944003129439,-0.135932874978279
T3-202410,T3,202410,Autumn,0.6895871184275163,-0.03975911217121261,0.44078467287478723,0.6451515536058877,0.10578843216560171,-0.35120043734602696
T3-202412,T3,202412,Winter,0.2058120133882483,-0.784904847230346,1.955357914288299,0.7006412651215467,-0.04951177113519034,2.312511299788513
T4-202209,T4,202209,Autumn,0.45571162011496436,0.1077097775558738,-0.19121193996668748,0.7494969216317644,0.6897520161248563,-0.4862967076683641
T4-202210,T4,202210,Autumn,0.5628204412809331,0.14602740732668476,0.47366491114798903,0.5722253453579508,0.5306007330537765,0.5467473807010357
T4-202211,T4,202211,Autumn,0.5923552925290159,0.11759698466115741,-1.2294124609814125,0.48040937306444703,-0.25876238659618744,1.0249142550551562
T4-202212,T4,202212,Winter,-0.016456221915416472,-1.0051675389128976,-0.676491703447561,1.083650597748964,0.5693481826061294,0.4723734460577585
T4-202302,T4,202302,Spring,-1.041916006048347,0.37984883040784734,-2.192062588003691,-2.609632164805408,-1.9899173240616674,0.39143772417782435
T4-202303,T4,202303,Spring,-0.6804725227095855,-1.4941931486269977,-1.0232045979757336,0.4352073003082937,-0.03756860239199773,1.3665319417160162
T4-202304,T4,202304,Spring,-0.47985604316070407,-0.16925466948555373,0.0007337416039242539,-0.3882082103406125,-0.4701289888659907,0.40166714698292294
T4-202305,T4,202305,Summer,0.409868396740816,0.4555160174490874,-0.5528908241298957,0.09003162127796478,0.028491232408070964,0.2894271437778819
T4-202306,T4,202306,Summer,-0.016115523157527324,1.5151805053246052,-0.2769370707979595,-0.20245819324245554,0.05065035737521167,0.08104520220291019
T4-202307,T4,202307,Summer,0.37238830071552165,0.034530718364621044,-0.24390586559539507,0.5332292915073091,0.02688543204982788,0.0833741164951008
T4-202308,T4,202308,Autumn,0.6024087571560581,0.6500477722136588,0.3628794855087918,0.5085636070372805,0.25641767494452383,0.008433175363486548
T4-202309,T4,202309,Autumn,0.439476571936435,0.13826240902930942,-0.4038167120002794,0.35796593276776456,0.14122848219932144,-0.7748823726280281
T4-202310,T4,202310,Autumn,0.28079120111312045,-0.3065169646277288,-0.35890632262897365,0.3084364462847925,0.41805006461765293,-1.3404175457543173
T4-202311,T4,202311,Winter,-0.6252019432538056,-0.03449305462704183,-2.192062588003691,-1.2024817831219736,-0.9698595418913298,-1.6453134150553084
T4-202312,T4,202312,Winter,-0.1947829745377654,0.7357159289520356,-0.6417630081542773,0.1500271060357361,-0.17461478746056164,-0.43631432261669345
T4-202401,T4,202401,Winter,-0.47138954018535895,0.44966743727804603,-0.7070921656629819,-0.023507753539441067,0.1635490220194698,-0.40901687201741815
T4-202402,T4,202402,Spring,-0.7093769386732239,0.4730688586457065,-0.9626361321530288,-0.5243022446780835,-0.06219080529557573,0.04030319687430845
T4-202403,T4,202403,Spring,-0.7458147763912173,0.4262677326765838,-1.3056502440252218,0.38105739079626233,-0.3804455953210607,0.23048863468323771
T4-202404,T4,202404,Spring,0.08966909301171215,1.1750976443129124,0.67951114525419,0.21659978848553818,0.30129104636758386,-0.3419254133191232
T4-202405,T4,202405,Spring,0.6117150325695264,0.09136942457890138,0.6219283293620501,-0.08248651925349174,0.05361297549224977,-0.21219870709804833
T4-202406,T4,202406,Summer,-0.16337323367039894,-0.12955504922870398,0.8692633796369625,-0.9086646716940178,-0.015353997546045384,-0.09109106414128483
T4-202407,T4,202407,Summer,-0.04294048281356042,0.5833987556898762,0.5782089160806742,-0.5074633678704741,0.3335883901099549,-0.19967322853401345
T4-202408,T4,202408,,0.4695291575001561,0.03319397587904674,0.7046366158650602,-0.01953265097239655,-0.053984836409918024,-0.6506014683616212
T4-202409,T4,202409,Autumn,0.1310937725226664,-0.1616526335778293,0.6059810930801469,0.1675199800057655,0.4745792052108283,-0.9900727259688857
T4-202412,T4,202412,Winter,0.5463007330501187,-0.9661286540269527,2.053895397768801,-0.6429858353330618,-0.22221212203337543,2.343490703226757
