accession	study	object_status	bioproject_accession	biosample_accession	sample_name	library_ID	title	library_strategy	library_source	library_selection	library_layout	platform	instrument_model	design_description	filetype	filename	filename2	filename3	filename4	assembly	fasta_file
SRR40209542	SRP727697	new	PRJNA1513996	SAMN62468592	T1-202209-D	T1-202209-D_16S	water sample	AMPLICON	METAGENOMIC	PCR	single	PACBIO_SMRT	Revio	Full-length 16S rRNA gene (V1V9) amplicon	fastq	T1-202209-D.gz					
SRR40209541	SRP727697	new	PRJNA1513996	SAMN62468593	T1-202209-U	T1-202209-U_16S	water sample	AMPLICON	METAGENOMIC	PCR	single	PACBIO_SMRT	Revio	Full-length 16S rRNA gene (V1V9) amplicon	fastq	T1-202209-U.gz					
SRR40209408	SRP727697	new	PRJNA1513996	SAMN62468594	T1-202210-D	T1-202210-D_16S	water sample	AMPLICON	METAGENOMIC	PCR	single	PACBIO_SMRT	Revio	Full-length 16S rRNA gene (V1V9) amplicon	fastq	T1-202210-D.gz					
SRR40209397	SRP727697	new	PRJNA1513996	SAMN62468595	T1-202210-U	T1-202210-U_16S	water sample	AMPLICON	METAGENOMIC	PCR	single	PACBIO_SMRT	Revio	Full-length 16S rRNA gene (V1V9) amplicon	fastq	T1-202210-U.gz					
SRR40209386	SRP727697	new	PRJNA1513996	SAMN62468596	T1-202211-D	T1-202211-D_16S	water sample	AMPLICON	METAGENOMIC	PCR	single	PACBIO_SMRT	Revio	Full-length 16S rRNA gene (V1V9) amplicon	fastq	T1-202211-D.gz					
SRR40209375	SRP727697	new	PRJNA1513996	SAMN62468597	T1-202211-U	T1-202211-U_16S	water sample	AMPLICON	METAGENOMIC	PCR	single	PACBIO_SMRT	Revio	Full-length 16S rRNA gene (V1V9) amplicon	fastq	T1-202211-U.gz					
SRR40209364	SRP727697	new	PRJNA1513996	SAMN62468598	T1-202212-1-D	T1-202212-1-D_16S	water sample	AMPLICON	METAGENOMIC	PCR	single	PACBIO_SMRT	Revio	Full-length 16S rRNA gene (V1V9) amplicon	fastq	T1-202212-1-D.gz					
SRR40209498	SRP727697	new	PRJNA1513996	SAMN62468599	T1-202212-1-U	T1-202212-1-U_16S	water sample	AMPLICON	METAGENOMIC	PCR	single	PACBIO_SMRT	Revio	Full-length 16S rRNA gene (V1V9) amplicon	fastq	T1-202212-1-U.gz					
SRR40209487	SRP727697	new	PRJNA1513996	SAMN62468600	T1-202212-2-D	T1-202212-2-D_16S	water sample	AMPLICON	METAGENOMIC	PCR	single	PACBIO_SMRT	Revio	Full-length 16S rRNA gene (V1V9) amplicon	fastq	T1-202212-2-D.gz					
SRR40209476	SRP727697	new	PRJNA1513996	SAMN62468601	T1-202212-2-U	T1-202212-2-U_16S	water sample	AMPLICON	METAGENOMIC	PCR	single	PACBIO_SMRT	Revio	Full-length 16S rRNA gene (V1V9) amplicon	fastq	T1-202212-2-U.gz					
SRR40209540	SRP727697	new	PRJNA1513996	SAMN62468602	T1-202301-1-D	T1-202301-1-D_16S	water sample	AMPLICON	METAGENOMIC	PCR	single	PACBIO_SMRT	Revio	Full-length 16S rRNA gene (V1V9) amplicon	fastq	T1-202301-1-D.gz					
SRR40209529	SRP727697	new	PRJNA1513996	SAMN62468603	T1-202301-1-U	T1-202301-1-U_16S	water sample	AMPLICON	METAGENOMIC	PCR	single	PACBIO_SMRT	Revio	Full-length 16S rRNA gene (V1V9) amplicon	fastq	T1-202301-1-U.gz					
SRR40209518	SRP727697	new	PRJNA1513996	SAMN62468604	T1-202301-2-D	T1-202301-2-D_16S	water sample	AMPLICON	METAGENOMIC	PCR	single	PACBIO_SMRT	Revio	Full-length 16S rRNA gene (V1V9) amplicon	fastq	T1-202301-2-D.gz					
SRR40209507	SRP727697	new	PRJNA1513996	SAMN62468605	T1-202301-2-U	T1-202301-2-U_16S	water sample	AMPLICON	METAGENOMIC	PCR	single	PACBIO_SMRT	Revio	Full-length 16S rRNA gene (V1V9) amplicon	fastq	T1-202301-2-U.gz					
SRR40209460	SRP727697	new	PRJNA1513996	SAMN62468606	T1-202302-1-D	T1-202302-1-D_16S	water sample	AMPLICON	METAGENOMIC	PCR	single	PACBIO_SMRT	Revio	Full-length 16S rRNA gene (V1V9) amplicon	fastq	T1-202302-1-D.gz					
SRR40209449	SRP727697	new	PRJNA1513996	SAMN62468607	T1-202302-1-U	T1-202302-1-U_16S	water sample	AMPLICON	METAGENOMIC	PCR	single	PACBIO_SMRT	Revio	Full-length 16S rRNA gene (V1V9) amplicon	fastq	T1-202302-1-U.gz					
SRR40209438	SRP727697	new	PRJNA1513996	SAMN62468608	T1-202302-2-D	T1-202302-2-D_16S	water sample	AMPLICON	METAGENOMIC	PCR	single	PACBIO_SMRT	Revio	Full-length 16S rRNA gene (V1V9) amplicon	fastq	T1-202302-2-D.gz					
SRR40209426	SRP727697	new	PRJNA1513996	SAMN62468609	T1-202302-2-U	T1-202302-2-U_16S	water sample	AMPLICON	METAGENOMIC	PCR	single	PACBIO_SMRT	Revio	Full-length 16S rRNA gene (V1V9) amplicon	fastq	T1-202302-2-U.gz					
SRR40209415	SRP727697	new	PRJNA1513996	SAMN62468610	T1-202303-D	T1-202303-D_16S	water sample	AMPLICON	METAGENOMIC	PCR	single	PACBIO_SMRT	Revio	Full-length 16S rRNA gene (V1V9) amplicon	fastq	T1-202303-D.gz					
SRR40209409	SRP727697	new	PRJNA1513996	SAMN62468611	T1-202303-U	T1-202303-U_16S	water sample	AMPLICON	METAGENOMIC	PCR	single	PACBIO_SMRT	Revio	Full-length 16S rRNA gene (V1V9) amplicon	fastq	T1-202303-U.gz					
SRR40209407	SRP727697	new	PRJNA1513996	SAMN62468612	T1-202304-D	T1-202304-D_16S	water sample	AMPLICON	METAGENOMIC	PCR	single	PACBIO_SMRT	Revio	Full-length 16S rRNA gene (V1V9) amplicon	fastq	T1-202304-D.gz					
SRR40209406	SRP727697	new	PRJNA1513996	SAMN62468613	T1-202304-U	T1-202304-U_16S	water sample	AMPLICON	METAGENOMIC	PCR	single	PACBIO_SMRT	Revio	Full-length 16S rRNA gene (V1V9) amplicon	fastq	T1-202304-U.gz					
SRR40209405	SRP727697	new	PRJNA1513996	SAMN62468614	T1-202305-D	T1-202305-D_16S	water sample	AMPLICON	METAGENOMIC	PCR	single	PACBIO_SMRT	Revio	Full-length 16S rRNA gene (V1V9) amplicon	fastq	T1-202305-D.gz					
SRR40209404	SRP727697	new	PRJNA1513996	SAMN62468615	T1-202305-U	T1-202305-U_16S	water sample	AMPLICON	METAGENOMIC	PCR	single	PACBIO_SMRT	Revio	Full-length 16S rRNA gene (V1V9) amplicon	fastq	T1-202305-U.gz					
SRR40209403	SRP727697	new	PRJNA1513996	SAMN62468616	T1-202307-D	T1-202307-D_16S	water sample	AMPLICON	METAGENOMIC	PCR	single	PACBIO_SMRT	Revio	Full-length 16S rRNA gene (V1V9) amplicon	fastq	T1-202307-D.gz					
SRR40209402	SRP727697	new	PRJNA1513996	SAMN62468617	T1-202307-U	T1-202307-U_16S	water sample	AMPLICON	METAGENOMIC	PCR	single	PACBIO_SMRT	Revio	Full-length 16S rRNA gene (V1V9) amplicon	fastq	T1-202307-U.gz					
SRR40209401	SRP727697	new	PRJNA1513996	SAMN62468618	T1-202310-D	T1-202310-D_16S	water sample	AMPLICON	METAGENOMIC	PCR	single	PACBIO_SMRT	Revio	Full-length 16S rRNA gene (V1V9) amplicon	fastq	T1-202310-D.gz					
SRR40209400	SRP727697	new	PRJNA1513996	SAMN62468619	T1-202310-U	T1-202310-U_16S	water sample	AMPLICON	METAGENOMIC	PCR	single	PACBIO_SMRT	Revio	Full-length 16S rRNA gene (V1V9) amplicon	fastq	T1-202310-U.gz					
SRR40209399	SRP727697	new	PRJNA1513996	SAMN62468620	T1-202311-D	T1-202311-D_16S	water sample	AMPLICON	METAGENOMIC	PCR	single	PACBIO_SMRT	Revio	Full-length 16S rRNA gene (V1V9) amplicon	fastq	T1-202311-D.gz					
SRR40209398	SRP727697	new	PRJNA1513996	SAMN62468621	T1-202311-U	T1-202311-U_16S	water sample	AMPLICON	METAGENOMIC	PCR	single	PACBIO_SMRT	Revio	Full-length 16S rRNA gene (V1V9) amplicon	fastq	T1-202311-U.gz					
SRR40209396	SRP727697	new	PRJNA1513996	SAMN62468622	T1-202312-D	T1-202312-D_16S	water sample	AMPLICON	METAGENOMIC	PCR	single	PACBIO_SMRT	Revio	Full-length 16S rRNA gene (V1V9) amplicon	fastq	T1-202312-D.gz					
SRR40209395	SRP727697	new	PRJNA1513996	SAMN62468623	T1-202312-U	T1-202312-U_16S	water sample	AMPLICON	METAGENOMIC	PCR	single	PACBIO_SMRT	Revio	Full-length 16S rRNA gene (V1V9) amplicon	fastq	T1-202312-U.gz					
SRR40209394	SRP727697	new	PRJNA1513996	SAMN62468624	T1-202401-D	T1-202401-D_16S	water sample	AMPLICON	METAGENOMIC	PCR	single	PACBIO_SMRT	Revio	Full-length 16S rRNA gene (V1V9) amplicon	fastq	T1-202401-D.gz					
SRR40209393	SRP727697	new	PRJNA1513996	SAMN62468625	T1-202401-U	T1-202401-U_16S	water sample	AMPLICON	METAGENOMIC	PCR	single	PACBIO_SMRT	Revio	Full-length 16S rRNA gene (V1V9) amplicon	fastq	T1-202401-U.gz					
SRR40209392	SRP727697	new	PRJNA1513996	SAMN62468626	T1-202402-D	T1-202402-D_16S	water sample	AMPLICON	METAGENOMIC	PCR	single	PACBIO_SMRT	Revio	Full-length 16S rRNA gene (V1V9) amplicon	fastq	T1-202402-D.gz					
SRR40209391	SRP727697	new	PRJNA1513996	SAMN62468627	T1-202402-U	T1-202402-U_16S	water sample	AMPLICON	METAGENOMIC	PCR	single	PACBIO_SMRT	Revio	Full-length 16S rRNA gene (V1V9) amplicon	fastq	T1-202402-U.gz					
SRR40209390	SRP727697	new	PRJNA1513996	SAMN62468628	T1-202403-D	T1-202403-D_16S	water sample	AMPLICON	METAGENOMIC	PCR	single	PACBIO_SMRT	Revio	Full-length 16S rRNA gene (V1V9) amplicon	fastq	T1-202403-D.gz					
SRR40209389	SRP727697	new	PRJNA1513996	SAMN62468629	T1-202403-U	T1-202403-U_16S	water sample	AMPLICON	METAGENOMIC	PCR	single	PACBIO_SMRT	Revio	Full-length 16S rRNA gene (V1V9) amplicon	fastq	T1-202403-U.gz					
SRR40209388	SRP727697	new	PRJNA1513996	SAMN62468630	T1-202404-D	T1-202404-D_16S	water sample	AMPLICON	METAGENOMIC	PCR	single	PACBIO_SMRT	Revio	Full-length 16S rRNA gene (V1V9) amplicon	fastq	T1-202404-D.gz					
SRR40209387	SRP727697	new	PRJNA1513996	SAMN62468631	T1-202404-U	T1-202404-U_16S	water sample	AMPLICON	METAGENOMIC	PCR	single	PACBIO_SMRT	Revio	Full-length 16S rRNA gene (V1V9) amplicon	fastq	T1-202404-U.gz					
SRR40209385	SRP727697	new	PRJNA1513996	SAMN62468632	T1-202410-D	T1-202410-D_16S	water sample	AMPLICON	METAGENOMIC	PCR	single	PACBIO_SMRT	Revio	Full-length 16S rRNA gene (V1V9) amplicon	fastq	T1-202410-D.gz					
SRR40209384	SRP727697	new	PRJNA1513996	SAMN62468633	T1-202410-U	T1-202410-U_16S	water sample	AMPLICON	METAGENOMIC	PCR	single	PACBIO_SMRT	Revio	Full-length 16S rRNA gene (V1V9) amplicon	fastq	T1-202410-U.gz					
SRR40209383	SRP727697	new	PRJNA1513996	SAMN62468634	T1-202411-D	T1-202411-D_16S	water sample	AMPLICON	METAGENOMIC	PCR	single	PACBIO_SMRT	Revio	Full-length 16S rRNA gene (V1V9) amplicon	fastq	T1-202411-D.gz					
SRR40209382	SRP727697	new	PRJNA1513996	SAMN62468635	T1-202411-U	T1-202411-U_16S	water sample	AMPLICON	METAGENOMIC	PCR	single	PACBIO_SMRT	Revio	Full-length 16S rRNA gene (V1V9) amplicon	fastq	T1-202411-U.gz					
SRR40209381	SRP727697	new	PRJNA1513996	SAMN62468636	T1-202412-1-D	T1-202412-1-D_16S	water sample	AMPLICON	METAGENOMIC	PCR	single	PACBIO_SMRT	Revio	Full-length 16S rRNA gene (V1V9) amplicon	fastq	T1-202412-1-D.gz					
SRR40209380	SRP727697	new	PRJNA1513996	SAMN62468637	T1-202412-1-U	T1-202412-1-U_16S	water sample	AMPLICON	METAGENOMIC	PCR	single	PACBIO_SMRT	Revio	Full-length 16S rRNA gene (V1V9) amplicon	fastq	T1-202412-1-U.gz					
SRR40948571	SRP727697	new	PRJNA1513996	SAMN63694096	T1-202412-2-D	T1-202412-2-D_16S	water sample	AMPLICON	METAGENOMIC	PCR	single	PACBIO_SMRT	Revio	Full-length 16S rRNA gene (V1V9) amplicon	fastq	T1-202412-2-D.gz					
SRR40948572	SRP727697	new	PRJNA1513996	SAMN63694095	T1-202412-2-U	T1-202412-2-U_16S	water sample	AMPLICON	METAGENOMIC	PCR	single	PACBIO_SMRT	Revio	Full-length 16S rRNA gene (V1V9) amplicon	fastq	T1-202412-2-U.gz					
SRR40209379	SRP727697	new	PRJNA1513996	SAMN62468638	T2-202209-D	T2-202209-D_16S	water sample	AMPLICON	METAGENOMIC	PCR	single	PACBIO_SMRT	Revio	Full-length 16S rRNA gene (V1V9) amplicon	fastq	T2-202209-D.gz					
SRR40209378	SRP727697	new	PRJNA1513996	SAMN62468639	T2-202209-U	T2-202209-U_16S	water sample	AMPLICON	METAGENOMIC	PCR	single	PACBIO_SMRT	Revio	Full-length 16S rRNA gene (V1V9) amplicon	fastq	T2-202209-U.gz					
SRR40209377	SRP727697	new	PRJNA1513996	SAMN62468640	T2-202210-D	T2-202210-D_16S	water sample	AMPLICON	METAGENOMIC	PCR	single	PACBIO_SMRT	Revio	Full-length 16S rRNA gene (V1V9) amplicon	fastq	T2-202210-D.gz					
SRR40209376	SRP727697	new	PRJNA1513996	SAMN62468641	T2-202210-U	T2-202210-U_16S	water sample	AMPLICON	METAGENOMIC	PCR	single	PACBIO_SMRT	Revio	Full-length 16S rRNA gene (V1V9) amplicon	fastq	T2-202210-U.gz					
SRR40209374	SRP727697	new	PRJNA1513996	SAMN62468642	T2-202211-D	T2-202211-D_16S	water sample	AMPLICON	METAGENOMIC	PCR	single	PACBIO_SMRT	Revio	Full-length 16S rRNA gene (V1V9) amplicon	fastq	T2-202211-D.gz					
SRR40209373	SRP727697	new	PRJNA1513996	SAMN62468643	T2-202211-U	T2-202211-U_16S	water sample	AMPLICON	METAGENOMIC	PCR	single	PACBIO_SMRT	Revio	Full-length 16S rRNA gene (V1V9) amplicon	fastq	T2-202211-U.gz					
SRR40209372	SRP727697	new	PRJNA1513996	SAMN62468644	T2-202304-D	T2-202304-D_16S	water sample	AMPLICON	METAGENOMIC	PCR	single	PACBIO_SMRT	Revio	Full-length 16S rRNA gene (V1V9) amplicon	fastq	T2-202304-D.gz					
SRR40209371	SRP727697	new	PRJNA1513996	SAMN62468645	T2-202304-U	T2-202304-U_16S	water sample	AMPLICON	METAGENOMIC	PCR	single	PACBIO_SMRT	Revio	Full-length 16S rRNA gene (V1V9) amplicon	fastq	T2-202304-U.gz					
SRR40209370	SRP727697	new	PRJNA1513996	SAMN62468646	T2-202305-D	T2-202305-D_16S	water sample	AMPLICON	METAGENOMIC	PCR	single	PACBIO_SMRT	Revio	Full-length 16S rRNA gene (V1V9) amplicon	fastq	T2-202305-D.gz					
SRR40209369	SRP727697	new	PRJNA1513996	SAMN62468647	T2-202305-U	T2-202305-U_16S	water sample	AMPLICON	METAGENOMIC	PCR	single	PACBIO_SMRT	Revio	Full-length 16S rRNA gene (V1V9) amplicon	fastq	T2-202305-U.gz					
SRR40209368	SRP727697	new	PRJNA1513996	SAMN62468648	T2-202306-D	T2-202306-D_16S	water sample	AMPLICON	METAGENOMIC	PCR	single	PACBIO_SMRT	Revio	Full-length 16S rRNA gene (V1V9) amplicon	fastq	T2-202306-D.gz					
SRR40209367	SRP727697	new	PRJNA1513996	SAMN62468649	T2-202306-U	T2-202306-U_16S	water sample	AMPLICON	METAGENOMIC	PCR	single	PACBIO_SMRT	Revio	Full-length 16S rRNA gene (V1V9) amplicon	fastq	T2-202306-U.gz					
SRR40209366	SRP727697	new	PRJNA1513996	SAMN62468650	T2-202307-D	T2-202307-D_16S	water sample	AMPLICON	METAGENOMIC	PCR	single	PACBIO_SMRT	Revio	Full-length 16S rRNA gene (V1V9) amplicon	fastq	T2-202307-D.gz					
SRR40209365	SRP727697	new	PRJNA1513996	SAMN62468651	T2-202307-U	T2-202307-U_16S	water sample	AMPLICON	METAGENOMIC	PCR	single	PACBIO_SMRT	Revio	Full-length 16S rRNA gene (V1V9) amplicon	fastq	T2-202307-U.gz					
SRR40209363	SRP727697	new	PRJNA1513996	SAMN62468652	T2-202308-D	T2-202308-D_16S	water sample	AMPLICON	METAGENOMIC	PCR	single	PACBIO_SMRT	Revio	Full-length 16S rRNA gene (V1V9) amplicon	fastq	T2-202308-D.gz					
SRR40209362	SRP727697	new	PRJNA1513996	SAMN62468653	T2-202308-U	T2-202308-U_16S	water sample	AMPLICON	METAGENOMIC	PCR	single	PACBIO_SMRT	Revio	Full-length 16S rRNA gene (V1V9) amplicon	fastq	T2-202308-U.gz					
SRR40209361	SRP727697	new	PRJNA1513996	SAMN62468654	T2-202309-D	T2-202309-D_16S	water sample	AMPLICON	METAGENOMIC	PCR	single	PACBIO_SMRT	Revio	Full-length 16S rRNA gene (V1V9) amplicon	fastq	T2-202309-D.gz					
SRR40209360	SRP727697	new	PRJNA1513996	SAMN62468655	T2-202309-U	T2-202309-U_16S	water sample	AMPLICON	METAGENOMIC	PCR	single	PACBIO_SMRT	Revio	Full-length 16S rRNA gene (V1V9) amplicon	fastq	T2-202309-U.gz					
SRR40209359	SRP727697	new	PRJNA1513996	SAMN62468656	T2-202310-D	T2-202310-D_16S	water sample	AMPLICON	METAGENOMIC	PCR	single	PACBIO_SMRT	Revio	Full-length 16S rRNA gene (V1V9) amplicon	fastq	T2-202310-D.gz					
SRR40209358	SRP727697	new	PRJNA1513996	SAMN62468657	T2-202310-U	T2-202310-U_16S	water sample	AMPLICON	METAGENOMIC	PCR	single	PACBIO_SMRT	Revio	Full-length 16S rRNA gene (V1V9) amplicon	fastq	T2-202310-U.gz					
SRR40209502	SRP727697	new	PRJNA1513996	SAMN62468658	T2-202311-D	T2-202311-D_16S	water sample	AMPLICON	METAGENOMIC	PCR	single	PACBIO_SMRT	Revio	Full-length 16S rRNA gene (V1V9) amplicon	fastq	T2-202311-D.gz					
SRR40209501	SRP727697	new	PRJNA1513996	SAMN62468659	T2-202311-U	T2-202311-U_16S	water sample	AMPLICON	METAGENOMIC	PCR	single	PACBIO_SMRT	Revio	Full-length 16S rRNA gene (V1V9) amplicon	fastq	T2-202311-U.gz					
SRR40209500	SRP727697	new	PRJNA1513996	SAMN62468660	T2-202312-D	T2-202312-D_16S	water sample	AMPLICON	METAGENOMIC	PCR	single	PACBIO_SMRT	Revio	Full-length 16S rRNA gene (V1V9) amplicon	fastq	T2-202312-D.gz					
SRR40209499	SRP727697	new	PRJNA1513996	SAMN62468661	T2-202312-U	T2-202312-U_16S	water sample	AMPLICON	METAGENOMIC	PCR	single	PACBIO_SMRT	Revio	Full-length 16S rRNA gene (V1V9) amplicon	fastq	T2-202312-U.gz					
SRR40209497	SRP727697	new	PRJNA1513996	SAMN62468662	T2-202401-D	T2-202401-D_16S	water sample	AMPLICON	METAGENOMIC	PCR	single	PACBIO_SMRT	Revio	Full-length 16S rRNA gene (V1V9) amplicon	fastq	T2-202401-D.gz					
SRR40209496	SRP727697	new	PRJNA1513996	SAMN62468663	T2-202401-U	T2-202401-U_16S	water sample	AMPLICON	METAGENOMIC	PCR	single	PACBIO_SMRT	Revio	Full-length 16S rRNA gene (V1V9) amplicon	fastq	T2-202401-U.gz					
SRR40209495	SRP727697	new	PRJNA1513996	SAMN62468664	T2-202402-D	T2-202402-D_16S	water sample	AMPLICON	METAGENOMIC	PCR	single	PACBIO_SMRT	Revio	Full-length 16S rRNA gene (V1V9) amplicon	fastq	T2-202402-D.gz					
SRR40209494	SRP727697	new	PRJNA1513996	SAMN62468665	T2-202402-U	T2-202402-U_16S	water sample	AMPLICON	METAGENOMIC	PCR	single	PACBIO_SMRT	Revio	Full-length 16S rRNA gene (V1V9) amplicon	fastq	T2-202402-U.gz					
SRR40209493	SRP727697	new	PRJNA1513996	SAMN62468666	T2-202403-D	T2-202403-D_16S	water sample	AMPLICON	METAGENOMIC	PCR	single	PACBIO_SMRT	Revio	Full-length 16S rRNA gene (V1V9) amplicon	fastq	T2-202403-D.gz					
SRR40209492	SRP727697	new	PRJNA1513996	SAMN62468667	T2-202403-U	T2-202403-U_16S	water sample	AMPLICON	METAGENOMIC	PCR	single	PACBIO_SMRT	Revio	Full-length 16S rRNA gene (V1V9) amplicon	fastq	T2-202403-U.gz					
SRR40209491	SRP727697	new	PRJNA1513996	SAMN62468668	T2-202404-D	T2-202404-D_16S	water sample	AMPLICON	METAGENOMIC	PCR	single	PACBIO_SMRT	Revio	Full-length 16S rRNA gene (V1V9) amplicon	fastq	T2-202404-D.gz					
SRR40209490	SRP727697	new	PRJNA1513996	SAMN62468669	T2-202404-U	T2-202404-U_16S	water sample	AMPLICON	METAGENOMIC	PCR	single	PACBIO_SMRT	Revio	Full-length 16S rRNA gene (V1V9) amplicon	fastq	T2-202404-U.gz					
SRR40209489	SRP727697	new	PRJNA1513996	SAMN62468670	T2-202405-D	T2-202405-D_16S	water sample	AMPLICON	METAGENOMIC	PCR	single	PACBIO_SMRT	Revio	Full-length 16S rRNA gene (V1V9) amplicon	fastq	T2-202405-D.gz					
SRR40209488	SRP727697	new	PRJNA1513996	SAMN62468671	T2-202405-U	T2-202405-U_16S	water sample	AMPLICON	METAGENOMIC	PCR	single	PACBIO_SMRT	Revio	Full-length 16S rRNA gene (V1V9) amplicon	fastq	T2-202405-U.gz					
SRR40209486	SRP727697	new	PRJNA1513996	SAMN62468672	T2-202406-D	T2-202406-D_16S	water sample	AMPLICON	METAGENOMIC	PCR	single	PACBIO_SMRT	Revio	Full-length 16S rRNA gene (V1V9) amplicon	fastq	T2-202406-D.gz					
SRR40209485	SRP727697	new	PRJNA1513996	SAMN62468673	T2-202406-U	T2-202406-U_16S	water sample	AMPLICON	METAGENOMIC	PCR	single	PACBIO_SMRT	Revio	Full-length 16S rRNA gene (V1V9) amplicon	fastq	T2-202406-U.gz					
SRR40209484	SRP727697	new	PRJNA1513996	SAMN62468674	T2-202407-1-D	T2-202407-1-D_16S	water sample	AMPLICON	METAGENOMIC	PCR	single	PACBIO_SMRT	Revio	Full-length 16S rRNA gene (V1V9) amplicon	fastq	T2-202407-1-D.gz					
SRR40209483	SRP727697	new	PRJNA1513996	SAMN62468675	T2-202407-1-U	T2-202407-1-U_16S	water sample	AMPLICON	METAGENOMIC	PCR	single	PACBIO_SMRT	Revio	Full-length 16S rRNA gene (V1V9) amplicon	fastq	T2-202407-1-U.gz					
SRR40209482	SRP727697	new	PRJNA1513996	SAMN62468676	T2-202407-2-D	T2-202407-2-D_16S	water sample	AMPLICON	METAGENOMIC	PCR	single	PACBIO_SMRT	Revio	Full-length 16S rRNA gene (V1V9) amplicon	fastq	T2-202407-2-D.gz					
SRR40209481	SRP727697	new	PRJNA1513996	SAMN62468677	T2-202407-2-U	T2-202407-2-U_16S	water sample	AMPLICON	METAGENOMIC	PCR	single	PACBIO_SMRT	Revio	Full-length 16S rRNA gene (V1V9) amplicon	fastq	T2-202407-2-U.gz					
SRR40209480	SRP727697	new	PRJNA1513996	SAMN62468678	T2-202408-1-D	T2-202408-1-D_16S	water sample	AMPLICON	METAGENOMIC	PCR	single	PACBIO_SMRT	Revio	Full-length 16S rRNA gene (V1V9) amplicon	fastq	T2-202408-1-D.gz					
SRR40209479	SRP727697	new	PRJNA1513996	SAMN62468679	T2-202408-1-U	T2-202408-1-U_16S	water sample	AMPLICON	METAGENOMIC	PCR	single	PACBIO_SMRT	Revio	Full-length 16S rRNA gene (V1V9) amplicon	fastq	T2-202408-1-U.gz					
SRR40209478	SRP727697	new	PRJNA1513996	SAMN62468680	T2-202408-2-D	T2-202408-2-D_16S	water sample	AMPLICON	METAGENOMIC	PCR	single	PACBIO_SMRT	Revio	Full-length 16S rRNA gene (V1V9) amplicon	fastq	T2-202408-2-D.gz					
SRR40209477	SRP727697	new	PRJNA1513996	SAMN62468681	T2-202408-2-U	T2-202408-2-U_16S	water sample	AMPLICON	METAGENOMIC	PCR	single	PACBIO_SMRT	Revio	Full-length 16S rRNA gene (V1V9) amplicon	fastq	T2-202408-2-U.gz					
SRR40209475	SRP727697	new	PRJNA1513996	SAMN62468682	T2-202409-D	T2-202409-D_16S	water sample	AMPLICON	METAGENOMIC	PCR	single	PACBIO_SMRT	Revio	Full-length 16S rRNA gene (V1V9) amplicon	fastq	T2-202409-D.gz					
SRR40209474	SRP727697	new	PRJNA1513996	SAMN62468683	T2-202409-U	T2-202409-U_16S	water sample	AMPLICON	METAGENOMIC	PCR	single	PACBIO_SMRT	Revio	Full-length 16S rRNA gene (V1V9) amplicon	fastq	T2-202409-U.gz					
SRR40209473	SRP727697	new	PRJNA1513996	SAMN62468684	T2-202410-U	T2-202410-U_16S	water sample	AMPLICON	METAGENOMIC	PCR	single	PACBIO_SMRT	Revio	Full-length 16S rRNA gene (V1V9) amplicon	fastq	T2-202410-U.gz					
SRR40209472	SRP727697	new	PRJNA1513996	SAMN62468685	T2-202411-D	T2-202411-D_16S	water sample	AMPLICON	METAGENOMIC	PCR	single	PACBIO_SMRT	Revio	Full-length 16S rRNA gene (V1V9) amplicon	fastq	T2-202411-D.gz					
SRR40209471	SRP727697	new	PRJNA1513996	SAMN62468686	T2-202411-U	T2-202411-U_16S	water sample	AMPLICON	METAGENOMIC	PCR	single	PACBIO_SMRT	Revio	Full-length 16S rRNA gene (V1V9) amplicon	fastq	T2-202411-U.gz					
SRR40209470	SRP727697	new	PRJNA1513996	SAMN62468687	T2-202412-1-U	T2-202412-1-U_16S	water sample	AMPLICON	METAGENOMIC	PCR	single	PACBIO_SMRT	Revio	Full-length 16S rRNA gene (V1V9) amplicon	fastq	T2-202412-1-U.gz					
SRR40948570	SRP727697	new	PRJNA1513996	SAMN63694097	T2-202412-2-D	T2-202412-2-D_16S	water sample	AMPLICON	METAGENOMIC	PCR	single	PACBIO_SMRT	Revio	Full-length 16S rRNA gene (V1V9) amplicon	fastq	T2-202412-2-D.gz					
SRR40209469	SRP727697	new	PRJNA1513996	SAMN62468688	T3-202209-D	T3-202209-D_16S	water sample	AMPLICON	METAGENOMIC	PCR	single	PACBIO_SMRT	Revio	Full-length 16S rRNA gene (V1V9) amplicon	fastq	T3-202209-D.gz					
SRR40209468	SRP727697	new	PRJNA1513996	SAMN62468689	T3-202209-U	T3-202209-U_16S	water sample	AMPLICON	METAGENOMIC	PCR	single	PACBIO_SMRT	Revio	Full-length 16S rRNA gene (V1V9) amplicon	fastq	T3-202209-U.gz					
SRR40209467	SRP727697	new	PRJNA1513996	SAMN62468690	T3-202210-D	T3-202210-D_16S	water sample	AMPLICON	METAGENOMIC	PCR	single	PACBIO_SMRT	Revio	Full-length 16S rRNA gene (V1V9) amplicon	fastq	T3-202210-D.gz					
SRR40209429	SRP727697	new	PRJNA1513996	SAMN62468691	T3-202210-U	T3-202210-U_16S	water sample	AMPLICON	METAGENOMIC	PCR	single	PACBIO_SMRT	Revio	Full-length 16S rRNA gene (V1V9) amplicon	fastq	T3-202210-U.gz					
SRR40209539	SRP727697	new	PRJNA1513996	SAMN62468692	T3-202211-D	T3-202211-D_16S	water sample	AMPLICON	METAGENOMIC	PCR	single	PACBIO_SMRT	Revio	Full-length 16S rRNA gene (V1V9) amplicon	fastq	T3-202211-D.gz					
SRR40209538	SRP727697	new	PRJNA1513996	SAMN62468693	T3-202211-U	T3-202211-U_16S	water sample	AMPLICON	METAGENOMIC	PCR	single	PACBIO_SMRT	Revio	Full-length 16S rRNA gene (V1V9) amplicon	fastq	T3-202211-U.gz					
SRR40209537	SRP727697	new	PRJNA1513996	SAMN62468694	T3-202303-D	T3-202303-D_16S	water sample	AMPLICON	METAGENOMIC	PCR	single	PACBIO_SMRT	Revio	Full-length 16S rRNA gene (V1V9) amplicon	fastq	T3-202303-D.gz					
SRR40209536	SRP727697	new	PRJNA1513996	SAMN62468695	T3-202303-U	T3-202303-U_16S	water sample	AMPLICON	METAGENOMIC	PCR	single	PACBIO_SMRT	Revio	Full-length 16S rRNA gene (V1V9) amplicon	fastq	T3-202303-U.gz					
SRR40209535	SRP727697	new	PRJNA1513996	SAMN62468696	T3-202304-D	T3-202304-D_16S	water sample	AMPLICON	METAGENOMIC	PCR	single	PACBIO_SMRT	Revio	Full-length 16S rRNA gene (V1V9) amplicon	fastq	T3-202304-D.gz					
SRR40209534	SRP727697	new	PRJNA1513996	SAMN62468697	T3-202304-U	T3-202304-U_16S	water sample	AMPLICON	METAGENOMIC	PCR	single	PACBIO_SMRT	Revio	Full-length 16S rRNA gene (V1V9) amplicon	fastq	T3-202304-U.gz					
SRR40209533	SRP727697	new	PRJNA1513996	SAMN62468698	T3-202305-D	T3-202305-D_16S	water sample	AMPLICON	METAGENOMIC	PCR	single	PACBIO_SMRT	Revio	Full-length 16S rRNA gene (V1V9) amplicon	fastq	T3-202305-D.gz					
SRR40209532	SRP727697	new	PRJNA1513996	SAMN62468699	T3-202305-U	T3-202305-U_16S	water sample	AMPLICON	METAGENOMIC	PCR	single	PACBIO_SMRT	Revio	Full-length 16S rRNA gene (V1V9) amplicon	fastq	T3-202305-U.gz					
SRR40209531	SRP727697	new	PRJNA1513996	SAMN62468700	T3-202306-D	T3-202306-D_16S	water sample	AMPLICON	METAGENOMIC	PCR	single	PACBIO_SMRT	Revio	Full-length 16S rRNA gene (V1V9) amplicon	fastq	T3-202306-D.gz					
SRR40209530	SRP727697	new	PRJNA1513996	SAMN62468701	T3-202306-U	T3-202306-U_16S	water sample	AMPLICON	METAGENOMIC	PCR	single	PACBIO_SMRT	Revio	Full-length 16S rRNA gene (V1V9) amplicon	fastq	T3-202306-U.gz					
SRR40209528	SRP727697	new	PRJNA1513996	SAMN62468702	T3-202307-D	T3-202307-D_16S	water sample	AMPLICON	METAGENOMIC	PCR	single	PACBIO_SMRT	Revio	Full-length 16S rRNA gene (V1V9) amplicon	fastq	T3-202307-D.gz					
SRR40209527	SRP727697	new	PRJNA1513996	SAMN62468703	T3-202307-U	T3-202307-U_16S	water sample	AMPLICON	METAGENOMIC	PCR	single	PACBIO_SMRT	Revio	Full-length 16S rRNA gene (V1V9) amplicon	fastq	T3-202307-U.gz					
SRR40209526	SRP727697	new	PRJNA1513996	SAMN62468704	T3-202308-D	T3-202308-D_16S	water sample	AMPLICON	METAGENOMIC	PCR	single	PACBIO_SMRT	Revio	Full-length 16S rRNA gene (V1V9) amplicon	fastq	T3-202308-D.gz					
SRR40209525	SRP727697	new	PRJNA1513996	SAMN62468705	T3-202308-U	T3-202308-U_16S	water sample	AMPLICON	METAGENOMIC	PCR	single	PACBIO_SMRT	Revio	Full-length 16S rRNA gene (V1V9) amplicon	fastq	T3-202308-U.gz					
SRR40209524	SRP727697	new	PRJNA1513996	SAMN62468706	T3-202309-U	T3-202309-U_16S	water sample	AMPLICON	METAGENOMIC	PCR	single	PACBIO_SMRT	Revio	Full-length 16S rRNA gene (V1V9) amplicon	fastq	T3-202309-U.gz					
SRR40209523	SRP727697	new	PRJNA1513996	SAMN62468707	T3-202310-U	T3-202310-U_16S	water sample	AMPLICON	METAGENOMIC	PCR	single	PACBIO_SMRT	Revio	Full-length 16S rRNA gene (V1V9) amplicon	fastq	T3-202310-U.gz					
SRR40209522	SRP727697	new	PRJNA1513996	SAMN62468708	T3-202311-U	T3-202311-U_16S	water sample	AMPLICON	METAGENOMIC	PCR	single	PACBIO_SMRT	Revio	Full-length 16S rRNA gene (V1V9) amplicon	fastq	T3-202311-U.gz					
SRR40209521	SRP727697	new	PRJNA1513996	SAMN62468709	T3-202312-U	T3-202312-U_16S	water sample	AMPLICON	METAGENOMIC	PCR	single	PACBIO_SMRT	Revio	Full-length 16S rRNA gene (V1V9) amplicon	fastq	T3-202312-U.gz					
SRR40209520	SRP727697	new	PRJNA1513996	SAMN62468710	T3-202401-U	T3-202401-U_16S	water sample	AMPLICON	METAGENOMIC	PCR	single	PACBIO_SMRT	Revio	Full-length 16S rRNA gene (V1V9) amplicon	fastq	T3-202401-U.gz					
SRR40209519	SRP727697	new	PRJNA1513996	SAMN62468711	T3-202402-U	T3-202402-U_16S	water sample	AMPLICON	METAGENOMIC	PCR	single	PACBIO_SMRT	Revio	Full-length 16S rRNA gene (V1V9) amplicon	fastq	T3-202402-U.gz					
SRR40209517	SRP727697	new	PRJNA1513996	SAMN62468712	T3-202403-U	T3-202403-U_16S	water sample	AMPLICON	METAGENOMIC	PCR	single	PACBIO_SMRT	Revio	Full-length 16S rRNA gene (V1V9) amplicon	fastq	T3-202403-U.gz					
SRR40209516	SRP727697	new	PRJNA1513996	SAMN62468713	T3-202404-D	T3-202404-D_16S	water sample	AMPLICON	METAGENOMIC	PCR	single	PACBIO_SMRT	Revio	Full-length 16S rRNA gene (V1V9) amplicon	fastq	T3-202404-D.gz					
SRR40209515	SRP727697	new	PRJNA1513996	SAMN62468714	T3-202404-U	T3-202404-U_16S	water sample	AMPLICON	METAGENOMIC	PCR	single	PACBIO_SMRT	Revio	Full-length 16S rRNA gene (V1V9) amplicon	fastq	T3-202404-U.gz					
SRR40209514	SRP727697	new	PRJNA1513996	SAMN62468715	T3-202405-D	T3-202405-D_16S	water sample	AMPLICON	METAGENOMIC	PCR	single	PACBIO_SMRT	Revio	Full-length 16S rRNA gene (V1V9) amplicon	fastq	T3-202405-D.gz					
SRR40209513	SRP727697	new	PRJNA1513996	SAMN62468716	T3-202405-U	T3-202405-U_16S	water sample	AMPLICON	METAGENOMIC	PCR	single	PACBIO_SMRT	Revio	Full-length 16S rRNA gene (V1V9) amplicon	fastq	T3-202405-U.gz					
SRR40209512	SRP727697	new	PRJNA1513996	SAMN62468717	T3-202406-D	T3-202406-D_16S	water sample	AMPLICON	METAGENOMIC	PCR	single	PACBIO_SMRT	Revio	Full-length 16S rRNA gene (V1V9) amplicon	fastq	T3-202406-D.gz					
SRR40209511	SRP727697	new	PRJNA1513996	SAMN62468718	T3-202406-U	T3-202406-U_16S	water sample	AMPLICON	METAGENOMIC	PCR	single	PACBIO_SMRT	Revio	Full-length 16S rRNA gene (V1V9) amplicon	fastq	T3-202406-U.gz					
SRR40209510	SRP727697	new	PRJNA1513996	SAMN62468719	T3-202407-1-D	T3-202407-1-D_16S	water sample	AMPLICON	METAGENOMIC	PCR	single	PACBIO_SMRT	Revio	Full-length 16S rRNA gene (V1V9) amplicon	fastq	T3-202407-1-D.gz					
SRR40209509	SRP727697	new	PRJNA1513996	SAMN62468720	T3-202407-1-U	T3-202407-1-U_16S	water sample	AMPLICON	METAGENOMIC	PCR	single	PACBIO_SMRT	Revio	Full-length 16S rRNA gene (V1V9) amplicon	fastq	T3-202407-1-U.gz					
SRR40209508	SRP727697	new	PRJNA1513996	SAMN62468721	T3-202407-2-D	T3-202407-2-D_16S	water sample	AMPLICON	METAGENOMIC	PCR	single	PACBIO_SMRT	Revio	Full-length 16S rRNA gene (V1V9) amplicon	fastq	T3-202407-2-D.gz					
SRR40209506	SRP727697	new	PRJNA1513996	SAMN62468722	T3-202407-2-U	T3-202407-2-U_16S	water sample	AMPLICON	METAGENOMIC	PCR	single	PACBIO_SMRT	Revio	Full-length 16S rRNA gene (V1V9) amplicon	fastq	T3-202407-2-U.gz					
SRR40209505	SRP727697	new	PRJNA1513996	SAMN62468723	T3-202408-1-D	T3-202408-1-D_16S	water sample	AMPLICON	METAGENOMIC	PCR	single	PACBIO_SMRT	Revio	Full-length 16S rRNA gene (V1V9) amplicon	fastq	T3-202408-1-D.gz					
SRR40209504	SRP727697	new	PRJNA1513996	SAMN62468724	T3-202408-1-U	T3-202408-1-U_16S	water sample	AMPLICON	METAGENOMIC	PCR	single	PACBIO_SMRT	Revio	Full-length 16S rRNA gene (V1V9) amplicon	fastq	T3-202408-1-U.gz					
SRR40209503	SRP727697	new	PRJNA1513996	SAMN62468725	T3-202408-2-D	T3-202408-2-D_16S	water sample	AMPLICON	METAGENOMIC	PCR	single	PACBIO_SMRT	Revio	Full-length 16S rRNA gene (V1V9) amplicon	fastq	T3-202408-2-D.gz					
SRR40209466	SRP727697	new	PRJNA1513996	SAMN62468726	T3-202408-2-U	T3-202408-2-U_16S	water sample	AMPLICON	METAGENOMIC	PCR	single	PACBIO_SMRT	Revio	Full-length 16S rRNA gene (V1V9) amplicon	fastq	T3-202408-2-U.gz					
SRR40209465	SRP727697	new	PRJNA1513996	SAMN62468727	T3-202409-U	T3-202409-U_16S	water sample	AMPLICON	METAGENOMIC	PCR	single	PACBIO_SMRT	Revio	Full-length 16S rRNA gene (V1V9) amplicon	fastq	T3-202409-U.gz					
SRR40209464	SRP727697	new	PRJNA1513996	SAMN62468728	T3-202410-D	T3-202410-D_16S	water sample	AMPLICON	METAGENOMIC	PCR	single	PACBIO_SMRT	Revio	Full-length 16S rRNA gene (V1V9) amplicon	fastq	T3-202410-D.gz					
SRR40209463	SRP727697	new	PRJNA1513996	SAMN62468729	T3-202410-U	T3-202410-U_16S	water sample	AMPLICON	METAGENOMIC	PCR	single	PACBIO_SMRT	Revio	Full-length 16S rRNA gene (V1V9) amplicon	fastq	T3-202410-U.gz					
SRR40948569	SRP727697	new	PRJNA1513996	SAMN63694098	T3-202412-2-D	T3-202412-2-D_16S	water sample	AMPLICON	METAGENOMIC	PCR	single	PACBIO_SMRT	Revio	Full-length 16S rRNA gene (V1V9) amplicon	fastq	T3-202412-2-D.gz					
SRR40209462	SRP727697	new	PRJNA1513996	SAMN62468730	T4-202209-D	T4-202209-D_16S	water sample	AMPLICON	METAGENOMIC	PCR	single	PACBIO_SMRT	Revio	Full-length 16S rRNA gene (V1V9) amplicon	fastq	T4-202209-D.gz					
SRR40209461	SRP727697	new	PRJNA1513996	SAMN62468731	T4-202209-U	T4-202209-U_16S	water sample	AMPLICON	METAGENOMIC	PCR	single	PACBIO_SMRT	Revio	Full-length 16S rRNA gene (V1V9) amplicon	fastq	T4-202209-U.gz					
SRR40209459	SRP727697	new	PRJNA1513996	SAMN62468732	T4-202210-D	T4-202210-D_16S	water sample	AMPLICON	METAGENOMIC	PCR	single	PACBIO_SMRT	Revio	Full-length 16S rRNA gene (V1V9) amplicon	fastq	T4-202210-D.gz					
SRR40209458	SRP727697	new	PRJNA1513996	SAMN62468733	T4-202210-U	T4-202210-U_16S	water sample	AMPLICON	METAGENOMIC	PCR	single	PACBIO_SMRT	Revio	Full-length 16S rRNA gene (V1V9) amplicon	fastq	T4-202210-U.gz					
SRR40209457	SRP727697	new	PRJNA1513996	SAMN62468734	T4-202211-D	T4-202211-D_16S	water sample	AMPLICON	METAGENOMIC	PCR	single	PACBIO_SMRT	Revio	Full-length 16S rRNA gene (V1V9) amplicon	fastq	T4-202211-D.gz					
SRR40209456	SRP727697	new	PRJNA1513996	SAMN62468735	T4-202211-U	T4-202211-U_16S	water sample	AMPLICON	METAGENOMIC	PCR	single	PACBIO_SMRT	Revio	Full-length 16S rRNA gene (V1V9) amplicon	fastq	T4-202211-U.gz					
SRR40209455	SRP727697	new	PRJNA1513996	SAMN62468736	T4-202212-1-D	T4-202212-1-D_16S	water sample	AMPLICON	METAGENOMIC	PCR	single	PACBIO_SMRT	Revio	Full-length 16S rRNA gene (V1V9) amplicon	fastq	T4-202212-1-D.gz					
SRR40209454	SRP727697	new	PRJNA1513996	SAMN62468737	T4-202212-1-U	T4-202212-1-U_16S	water sample	AMPLICON	METAGENOMIC	PCR	single	PACBIO_SMRT	Revio	Full-length 16S rRNA gene (V1V9) amplicon	fastq	T4-202212-1-U.gz					
SRR40209453	SRP727697	new	PRJNA1513996	SAMN62468738	T4-202212-2-D	T4-202212-2-D_16S	water sample	AMPLICON	METAGENOMIC	PCR	single	PACBIO_SMRT	Revio	Full-length 16S rRNA gene (V1V9) amplicon	fastq	T4-202212-2-D.gz					
SRR40209452	SRP727697	new	PRJNA1513996	SAMN62468739	T4-202212-2-U	T4-202212-2-U_16S	water sample	AMPLICON	METAGENOMIC	PCR	single	PACBIO_SMRT	Revio	Full-length 16S rRNA gene (V1V9) amplicon	fastq	T4-202212-2-U.gz					
SRR40209451	SRP727697	new	PRJNA1513996	SAMN62468740	T4-202302-2-U	T4-202302-2-U_16S	water sample	AMPLICON	METAGENOMIC	PCR	single	PACBIO_SMRT	Revio	Full-length 16S rRNA gene (V1V9) amplicon	fastq	T4-202302-2-U.gz					
SRR40209450	SRP727697	new	PRJNA1513996	SAMN62468741	T4-202303-D	T4-202303-D_16S	water sample	AMPLICON	METAGENOMIC	PCR	single	PACBIO_SMRT	Revio	Full-length 16S rRNA gene (V1V9) amplicon	fastq	T4-202303-D.gz					
SRR40209448	SRP727697	new	PRJNA1513996	SAMN62468742	T4-202303-U	T4-202303-U_16S	water sample	AMPLICON	METAGENOMIC	PCR	single	PACBIO_SMRT	Revio	Full-length 16S rRNA gene (V1V9) amplicon	fastq	T4-202303-U.gz					
SRR40209447	SRP727697	new	PRJNA1513996	SAMN62468743	T4-202304-D	T4-202304-D_16S	water sample	AMPLICON	METAGENOMIC	PCR	single	PACBIO_SMRT	Revio	Full-length 16S rRNA gene (V1V9) amplicon	fastq	T4-202304-D.gz					
SRR40209446	SRP727697	new	PRJNA1513996	SAMN62468744	T4-202304-U	T4-202304-U_16S	water sample	AMPLICON	METAGENOMIC	PCR	single	PACBIO_SMRT	Revio	Full-length 16S rRNA gene (V1V9) amplicon	fastq	T4-202304-U.gz					
SRR40209445	SRP727697	new	PRJNA1513996	SAMN62468745	T4-202305-D	T4-202305-D_16S	water sample	AMPLICON	METAGENOMIC	PCR	single	PACBIO_SMRT	Revio	Full-length 16S rRNA gene (V1V9) amplicon	fastq	T4-202305-D.gz					
SRR40209444	SRP727697	new	PRJNA1513996	SAMN62468746	T4-202305-U	T4-202305-U_16S	water sample	AMPLICON	METAGENOMIC	PCR	single	PACBIO_SMRT	Revio	Full-length 16S rRNA gene (V1V9) amplicon	fastq	T4-202305-U.gz					
SRR40209443	SRP727697	new	PRJNA1513996	SAMN62468747	T4-202306-D	T4-202306-D_16S	water sample	AMPLICON	METAGENOMIC	PCR	single	PACBIO_SMRT	Revio	Full-length 16S rRNA gene (V1V9) amplicon	fastq	T4-202306-D.gz					
SRR40209442	SRP727697	new	PRJNA1513996	SAMN62468748	T4-202306-U	T4-202306-U_16S	water sample	AMPLICON	METAGENOMIC	PCR	single	PACBIO_SMRT	Revio	Full-length 16S rRNA gene (V1V9) amplicon	fastq	T4-202306-U.gz					
SRR40209441	SRP727697	new	PRJNA1513996	SAMN62468749	T4-202307-D	T4-202307-D_16S	water sample	AMPLICON	METAGENOMIC	PCR	single	PACBIO_SMRT	Revio	Full-length 16S rRNA gene (V1V9) amplicon	fastq	T4-202307-D.gz					
SRR40209440	SRP727697	new	PRJNA1513996	SAMN62468750	T4-202307-U	T4-202307-U_16S	water sample	AMPLICON	METAGENOMIC	PCR	single	PACBIO_SMRT	Revio	Full-length 16S rRNA gene (V1V9) amplicon	fastq	T4-202307-U.gz					
SRR40209439	SRP727697	new	PRJNA1513996	SAMN62468751	T4-202308-D	T4-202308-D_16S	water sample	AMPLICON	METAGENOMIC	PCR	single	PACBIO_SMRT	Revio	Full-length 16S rRNA gene (V1V9) amplicon	fastq	T4-202308-D.gz					
SRR40209437	SRP727697	new	PRJNA1513996	SAMN62468752	T4-202308-U	T4-202308-U_16S	water sample	AMPLICON	METAGENOMIC	PCR	single	PACBIO_SMRT	Revio	Full-length 16S rRNA gene (V1V9) amplicon	fastq	T4-202308-U.gz					
SRR40209436	SRP727697	new	PRJNA1513996	SAMN62468753	T4-202309-D	T4-202309-D_16S	water sample	AMPLICON	METAGENOMIC	PCR	single	PACBIO_SMRT	Revio	Full-length 16S rRNA gene (V1V9) amplicon	fastq	T4-202309-D.gz					
SRR40209435	SRP727697	new	PRJNA1513996	SAMN62468754	T4-202309-U	T4-202309-U_16S	water sample	AMPLICON	METAGENOMIC	PCR	single	PACBIO_SMRT	Revio	Full-length 16S rRNA gene (V1V9) amplicon	fastq	T4-202309-U.gz					
SRR40209434	SRP727697	new	PRJNA1513996	SAMN62468755	T4-202310-U	T4-202310-U_16S	water sample	AMPLICON	METAGENOMIC	PCR	single	PACBIO_SMRT	Revio	Full-length 16S rRNA gene (V1V9) amplicon	fastq	T4-202310-U.gz					
SRR40209433	SRP727697	new	PRJNA1513996	SAMN62468756	T4-202311-U	T4-202311-U_16S	water sample	AMPLICON	METAGENOMIC	PCR	single	PACBIO_SMRT	Revio	Full-length 16S rRNA gene (V1V9) amplicon	fastq	T4-202311-U.gz					
SRR40209432	SRP727697	new	PRJNA1513996	SAMN62468757	T4-202312-U	T4-202312-U_16S	water sample	AMPLICON	METAGENOMIC	PCR	single	PACBIO_SMRT	Revio	Full-length 16S rRNA gene (V1V9) amplicon	fastq	T4-202312-U.gz					
SRR40209431	SRP727697	new	PRJNA1513996	SAMN62468758	T4-202401-U	T4-202401-U_16S	water sample	AMPLICON	METAGENOMIC	PCR	single	PACBIO_SMRT	Revio	Full-length 16S rRNA gene (V1V9) amplicon	fastq	T4-202401-U.gz					
SRR40209430	SRP727697	new	PRJNA1513996	SAMN62468759	T4-202402-U	T4-202402-U_16S	water sample	AMPLICON	METAGENOMIC	PCR	single	PACBIO_SMRT	Revio	Full-length 16S rRNA gene (V1V9) amplicon	fastq	T4-202402-U.gz					
SRR40209428	SRP727697	new	PRJNA1513996	SAMN62468760	T4-202403-U	T4-202403-U_16S	water sample	AMPLICON	METAGENOMIC	PCR	single	PACBIO_SMRT	Revio	Full-length 16S rRNA gene (V1V9) amplicon	fastq	T4-202403-U.gz					
SRR40209427	SRP727697	new	PRJNA1513996	SAMN62468761	T4-202404-D	T4-202404-D_16S	water sample	AMPLICON	METAGENOMIC	PCR	single	PACBIO_SMRT	Revio	Full-length 16S rRNA gene (V1V9) amplicon	fastq	T4-202404-D.gz					
SRR40209425	SRP727697	new	PRJNA1513996	SAMN62468762	T4-202404-U	T4-202404-U_16S	water sample	AMPLICON	METAGENOMIC	PCR	single	PACBIO_SMRT	Revio	Full-length 16S rRNA gene (V1V9) amplicon	fastq	T4-202404-U.gz					
SRR40209424	SRP727697	new	PRJNA1513996	SAMN62468763	T4-202405-D	T4-202405-D_16S	water sample	AMPLICON	METAGENOMIC	PCR	single	PACBIO_SMRT	Revio	Full-length 16S rRNA gene (V1V9) amplicon	fastq	T4-202405-D.gz					
SRR40209423	SRP727697	new	PRJNA1513996	SAMN62468764	T4-202405-U	T4-202405-U_16S	water sample	AMPLICON	METAGENOMIC	PCR	single	PACBIO_SMRT	Revio	Full-length 16S rRNA gene (V1V9) amplicon	fastq	T4-202405-U.gz					
SRR40209422	SRP727697	new	PRJNA1513996	SAMN62468765	T4-202406-D	T4-202406-D_16S	water sample	AMPLICON	METAGENOMIC	PCR	single	PACBIO_SMRT	Revio	Full-length 16S rRNA gene (V1V9) amplicon	fastq	T4-202406-D.gz					
SRR40209421	SRP727697	new	PRJNA1513996	SAMN62468766	T4-202406-U	T4-202406-U_16S	water sample	AMPLICON	METAGENOMIC	PCR	single	PACBIO_SMRT	Revio	Full-length 16S rRNA gene (V1V9) amplicon	fastq	T4-202406-U.gz					
SRR40209420	SRP727697	new	PRJNA1513996	SAMN62468767	T4-202407-1-D	T4-202407-1-D_16S	water sample	AMPLICON	METAGENOMIC	PCR	single	PACBIO_SMRT	Revio	Full-length 16S rRNA gene (V1V9) amplicon	fastq	T4-202407-1-D.gz					
SRR40209419	SRP727697	new	PRJNA1513996	SAMN62468768	T4-202407-1-U	T4-202407-1-U_16S	water sample	AMPLICON	METAGENOMIC	PCR	single	PACBIO_SMRT	Revio	Full-length 16S rRNA gene (V1V9) amplicon	fastq	T4-202407-1-U.gz					
SRR40209418	SRP727697	new	PRJNA1513996	SAMN62468769	T4-202407-2-D	T4-202407-2-D_16S	water sample	AMPLICON	METAGENOMIC	PCR	single	PACBIO_SMRT	Revio	Full-length 16S rRNA gene (V1V9) amplicon	fastq	T4-202407-2-D.gz					
SRR40209417	SRP727697	new	PRJNA1513996	SAMN62468770	T4-202407-2-U	T4-202407-2-U_16S	water sample	AMPLICON	METAGENOMIC	PCR	single	PACBIO_SMRT	Revio	Full-length 16S rRNA gene (V1V9) amplicon	fastq	T4-202407-2-U.gz					
SRR40209416	SRP727697	new	PRJNA1513996	SAMN62468771	T4-202408-1-D	T4-202408-1-D_16S	water sample	AMPLICON	METAGENOMIC	PCR	single	PACBIO_SMRT	Revio	Full-length 16S rRNA gene (V1V9) amplicon	fastq	T4-202408-1-D.gz					
SRR40209414	SRP727697	new	PRJNA1513996	SAMN62468772	T4-202408-1-U	T4-202408-1-U_16S	water sample	AMPLICON	METAGENOMIC	PCR	single	PACBIO_SMRT	Revio	Full-length 16S rRNA gene (V1V9) amplicon	fastq	T4-202408-1-U.gz					
SRR40209413	SRP727697	new	PRJNA1513996	SAMN62468773	T4-202408-2-D	T4-202408-2-D_16S	water sample	AMPLICON	METAGENOMIC	PCR	single	PACBIO_SMRT	Revio	Full-length 16S rRNA gene (V1V9) amplicon	fastq	T4-202408-2-D.gz					
SRR40209412	SRP727697	new	PRJNA1513996	SAMN62468774	T4-202408-2-U	T4-202408-2-U_16S	water sample	AMPLICON	METAGENOMIC	PCR	single	PACBIO_SMRT	Revio	Full-length 16S rRNA gene (V1V9) amplicon	fastq	T4-202408-2-U.gz					
SRR40209411	SRP727697	new	PRJNA1513996	SAMN62468775	T4-202409-D	T4-202409-D_16S	water sample	AMPLICON	METAGENOMIC	PCR	single	PACBIO_SMRT	Revio	Full-length 16S rRNA gene (V1V9) amplicon	fastq	T4-202409-D.gz					
SRR40209410	SRP727697	new	PRJNA1513996	SAMN62468776	T4-202409-U	T4-202409-U_16S	water sample	AMPLICON	METAGENOMIC	PCR	single	PACBIO_SMRT	Revio	Full-length 16S rRNA gene (V1V9) amplicon	fastq	T4-202409-U.gz					
SRR40948568	SRP727697	new	PRJNA1513996	SAMN63694099	T4-202412-2-D	T4-202412-2-D_16S	water sample	AMPLICON	METAGENOMIC	PCR	single	PACBIO_SMRT	Revio	Full-length 16S rRNA gene (V1V9) amplicon	fastq	T4-202412-2-D.gz					
