SampleID,Shannon_primary,Shannon_blank_screened,Difference_screened_minus_primary
T1-202209-D,5.65747560546407,5.679968348214216,0.022492742750146455
T1-202209-U,5.8558254772656175,5.855699448682923,-0.00012602858269428197
T1-202210-D,6.047897105091472,6.047741689101365,-0.0001554159901075991
T1-202210-U,5.6800175909789425,5.6800175909789425,0.0
T1-202211-D,5.43292128980451,5.4188622355307805,-0.01405905427372911
T1-202211-U,5.140631188016424,5.112545107528993,-0.028086080487430998
T1-202212-D,5.500437561757866,5.4956263928995055,-0.004811168858360304
T1-202212-U,5.5977600233022144,5.582254708404288,-0.015505314897926503
T1-202301-D,6.536187819288039,6.528538931950853,-0.007648887337186494
T1-202301-U,6.392331042742392,6.382434817958743,-0.009896224783648933
T1-202302-D,6.656784819485799,6.655949923739709,-0.0008348957460899697
T1-202302-U,6.343088852994783,6.334740743260851,-0.008348109733931963
T1-202303-D,6.282179302819869,6.28078078548074,-0.0013985173391288797
T1-202303-U,6.224033412853631,6.222858411155501,-0.001175001698129563
T1-202304-D,6.077784692619432,6.077784692619433,8.881784197001252e-16
T1-202304-U,5.979916420226211,5.977796246716047,-0.002120173510164136
T1-202305-D,6.098061141876826,6.0973980090549045,-0.0006631328219217636
T1-202305-U,5.990341254369633,5.985870024830752,-0.004471229538880905
T1-202307-D,5.665042032604189,5.653502901666759,-0.011539130937430642
T1-202307-U,5.767286029734696,5.754649159433918,-0.012636870300777758
T1-202310-D,6.4953904623814624,6.494406098657047,-0.0009843637244157932
T1-202310-U,6.310833015315105,6.307041954448912,-0.0037910608661935186
T1-202311-D,6.621952635181549,6.621020645045762,-0.000931990135787153
T1-202311-U,6.358649402565187,6.358649402565187,0.0
T1-202312-D,5.78681535805036,5.78681535805036,0.0
T1-202312-U,5.434213890802348,5.434213890802348,0.0
T1-202401-D,6.050027150754154,6.049212316520368,-0.0008148342337861436
T1-202401-U,5.124328515616598,5.124328515616597,-8.881784197001252e-16
T1-202402-D,6.108440489008682,6.107509990607099,-0.000930498401583435
T1-202402-U,5.752992861515792,5.752096221782852,-0.0008966397329395193
T1-202403-D,6.044059210700922,6.044059210700922,0.0
T1-202403-U,5.704901370093368,5.704901370093368,0.0
T1-202404-D,6.074821630188485,6.074116240415425,-0.0007053897730600056
T1-202404-U,6.044635150037818,6.044635150037818,0.0
T1-202410-D,6.10878539677311,6.107899595577046,-0.0008858011960635181
T1-202410-U,5.828511363196895,5.827563371071674,-0.0009479921252202317
T1-202411-D,6.15347454789629,6.152939356686873,-0.0005351912094173628
T1-202411-U,6.027328847705922,6.026567216794729,-0.0007616309111933006
T1-202412-D,6.727402271524588,6.725523356933187,-0.001878914591401326
T1-202412-U,6.603004934231557,6.602066471936682,-0.000938462294874931
T2-202209-D,6.345837954333111,6.343590690315625,-0.0022472640174857617
T2-202209-U,5.709993985386608,5.70729873381762,-0.0026952515689879775
T2-202210-D,5.984687865541515,5.976547573569095,-0.008140291972419611
T2-202210-U,5.551558115734776,5.5401971167896935,-0.011360998945082912
T2-202211-D,5.3548863943868374,5.341884840090622,-0.01300155429621519
T2-202211-U,5.0205931980993075,5.007483061394094,-0.013110136705213549
T2-202304-D,5.660923036530646,5.660461031869353,-0.00046200466129331375
T2-202304-U,5.534491492404831,5.53449149240483,-8.881784197001252e-16
T2-202305-D,5.945930722047665,5.945550606076189,-0.0003801159714758029
T2-202305-U,6.083783068946852,6.083783068946851,-8.881784197001252e-16
T2-202306-D,5.456967898388796,5.456967898388796,0.0
T2-202306-U,5.486234783550452,5.484557234974789,-0.001677548575663046
T2-202307-D,6.3380578448196605,6.336779433988271,-0.0012784108313894649
T2-202307-U,6.0532243403946,6.052347918599546,-0.0008764217950538722
T2-202308-D,5.858515226004207,5.85818340032734,-0.0003318256768674033
T2-202308-U,5.444880450625041,5.444539574672345,-0.00034087595269571835
T2-202309-D,5.718050098519657,5.717322572183821,-0.0007275263358366146
T2-202309-U,5.827852631781333,5.825573693266332,-0.002278938515001272
T2-202310-D,6.855931537668187,6.8543430559170995,-0.0015884817510878335
T2-202310-U,5.963001814898495,5.962668884534373,-0.00033293036412196386
T2-202311-D,3.106900225482455,3.106900225482455,0.0
T2-202311-U,1.7765633379249672,1.7755247934455076,-0.0010385444794596133
T2-202312-D,5.123761431709066,5.1220069463036095,-0.0017544854054563075
T2-202312-U,4.164874016147565,4.164874016147565,0.0
T2-202401-D,6.248647223014823,6.247728932091381,-0.0009182909234413117
T2-202401-U,5.653860875013778,5.653860875013777,-8.881784197001252e-16
T2-202402-D,5.96955225003544,5.968214267506077,-0.001337982529362236
T2-202402-U,5.528341758570546,5.528341758570546,0.0
T2-202403-D,6.032748571579091,6.03213808730196,-0.0006104842771312846
T2-202403-U,5.318011787148517,5.318011787148519,1.7763568394002505e-15
T2-202404-D,5.343318541735754,5.342729269919567,-0.0005892718161870647
T2-202404-U,6.432901926359459,6.431301197200264,-0.001600729159195069
T2-202405-D,6.275378453884,6.274595340764247,-0.0007831131197528762
T2-202405-U,5.940891036827711,5.940485578635214,-0.0004054581924970435
T2-202406-D,4.334563213952282,4.334563213952282,0.0
T2-202406-U,4.851860129550646,4.851597701458856,-0.0002624280917897792
T2-202407-D,5.992828702083015,5.989119337747173,-0.0037093643358421247
T2-202407-U,6.404834837132679,6.401937921838188,-0.002896915294490654
T2-202408-D,6.28326521019135,6.282368299884655,-0.0008969103066949202
T2-202408-U,6.481282699529762,6.480147093337478,-0.0011356061922844773
T2-202409-D,2.5066281259331147,2.5058006718315724,-0.0008274541015422798
T2-202409-U,5.759461880047069,5.759346794449875,-0.00011508559719430878
T2-202410-U,5.40528516464797,5.404963675945753,-0.00032148870221693215
T2-202411-D,5.87841900752896,5.877956255024414,-0.0004627525045455272
T2-202411-U,5.733855973136102,5.732935826775898,-0.0009201463602037663
T2-202412-D,6.137570044708036,6.133557791824748,-0.004012252883287992
T2-202412-U,5.391570767863104,5.39140212602927,-0.00016864183383447084
T3-202209-D,6.417945074423777,6.417125257801657,-0.0008198166221200509
T3-202209-U,6.104177763573898,6.10286025352913,-0.001317510044768433
T3-202210-D,6.268341072810367,6.273551468146376,0.005210395336009199
T3-202210-U,6.195446154184781,6.194907817826616,-0.0005383363581650258
T3-202211-D,4.460449775876164,4.444352547418085,-0.016097228458078483
T3-202211-U,3.586692953196787,3.5303721457761355,-0.0563208074206516
T3-202303-D,5.885435678398877,5.88233640837943,-0.003099270019446543
T3-202303-U,5.829342866221669,5.824698202740495,-0.004644663481173872
T3-202304-D,5.77106653214866,5.766651505730166,-0.004415026418493895
T3-202304-U,5.685487588250233,5.6852744496573475,-0.000213138592885187
T3-202305-D,5.340537161080237,5.338675726334179,-0.0018614347460577108
T3-202305-U,5.402237530885238,5.401616326374945,-0.0006212045102937935
T3-202306-D,5.6800235339473595,5.678027368066391,-0.0019961658809686256
T3-202306-U,5.612373132313504,5.611259207442262,-0.0011139248712419558
T3-202307-D,5.89035608050496,5.889259651908926,-0.0010964285960337605
T3-202307-U,5.873034740810262,5.870803187167839,-0.002231553642422668
T3-202308-D,5.620372823934536,5.620372823934533,-3.552713678800501e-15
T3-202308-U,5.291025142315073,5.290185818937377,-0.0008393233776962106
T3-202309-U,6.005741642611319,6.0025961773840075,-0.003145465227311739
T3-202310-U,5.551612977417101,5.551612977417101,0.0
T3-202311-U,5.388605034332906,5.387271332314998,-0.0013337020179085002
T3-202312-U,4.924035955715729,4.921882632126173,-0.002153323589555889
T3-202401-U,5.511856843370189,5.5115783074001445,-0.0002785359700441248
T3-202402-U,5.3154715542536985,5.315471554253699,8.881784197001252e-16
T3-202403-U,5.635007675485572,5.634286734091501,-0.0007209413940714171
T3-202404-D,5.298581915520007,5.298581915520007,0.0
T3-202404-U,6.743933056122922,6.741879082289642,-0.0020539738332798763
T3-202405-D,5.334212831760883,5.333576186455223,-0.0006366453056605437
T3-202405-U,5.492496846100091,5.492020561389329,-0.0004762847107624424
T3-202406-D,5.0501393146573585,5.049264791753492,-0.0008745229038664704
T3-202406-U,5.172043037980523,5.171607526659356,-0.00043551132116714797
T3-202407-D,6.777329203253826,6.776160222311603,-0.0011689809422232855
T3-202407-U,5.971046360427604,5.967390660810569,-0.0036556996170347134
T3-202408-D,6.002188031549245,6.0016408002220425,-0.0005472313272028018
T3-202408-U,5.495660826012271,5.494965997567707,-0.0006948284445638109
T3-202409-U,5.6129582460407255,5.612109913998318,-0.0008483320424073071
T3-202410-D,5.850360977013059,5.848703744536719,-0.001657232476340198
T3-202410-U,5.172541295151787,5.171766409053261,-0.0007748860985259398
T3-202412-D,6.928824686252604,6.924868388407772,-0.00395629784483198
T4-202209-D,5.97551378587691,5.970248153638377,-0.00526563223853227
T4-202209-U,5.718825034143906,5.7172162823523935,-0.0016087517915126526
T4-202210-D,6.579831475084191,6.578261115053423,-0.0015703600307679366
T4-202210-U,6.160808440160634,6.158005686585087,-0.0028027535755468236
T4-202211-D,5.761596619569903,5.75118037115895,-0.010416248410952456
T4-202211-U,5.265150903920379,5.2563718178536645,-0.008779086066714292
T4-202212-D,5.947963898248572,5.933730728284282,-0.014233169964289694
T4-202212-U,6.068866870431635,6.059699629198659,-0.009167241232976409
T4-202302-U,3.5351419701658537,3.5248222210945226,-0.010319749071331152
T4-202303-D,5.763470539747142,5.758938217948806,-0.004532321798335737
T4-202303-U,5.767709371857447,5.763905835175894,-0.003803536681552977
T4-202304-D,5.708535173049088,5.707588092299301,-0.0009470807497873324
T4-202304-U,5.767894347706218,5.765466686898536,-0.00242766080768142
T4-202305-D,6.081619727370857,6.08110495554704,-0.0005147718238172061
T4-202305-U,5.745475565697393,5.743727182095676,-0.0017483836017166965
T4-202306-D,5.574390630763631,5.57369104715203,-0.0006995836116008292
T4-202306-U,5.563684217274172,5.5633977841885205,-0.0002864330856517938
T4-202307-D,6.752413170284908,6.751693869675807,-0.000719300609100415
T4-202307-U,6.412078766236106,6.411027048668415,-0.0010517175676909574
T4-202308-D,5.7899229651308755,5.789211238118847,-0.0007117270120282626
T4-202308-U,5.457893722342078,5.456085980203854,-0.0018077421382241
T4-202309-D,5.925509706068831,5.925323403525501,-0.0001863025433301857
T4-202309-U,5.796402960222551,5.794340930408842,-0.0020620298137092874
T4-202310-U,5.391023126752841,5.391023126752842,8.881784197001252e-16
T4-202311-U,4.213626873375517,4.213626873375517,0.0
T4-202312-U,5.857619315465405,5.856968639622804,-0.0006506758426008119
T4-202401-U,6.113382746467787,6.112826460013277,-0.000556286454509447
T4-202402-U,5.767611989665386,5.7658008774752965,-0.0018111121900892257
T4-202403-U,5.929679465855916,5.9294456849613315,-0.00023378089458425677
T4-202404-D,5.911619121480085,5.911055083397195,-0.0005640380828895175
T4-202404-U,5.441467880081481,5.441467880081481,0.0
T4-202405-D,5.295988795392356,5.295988795392356,0.0
T4-202405-U,5.839384994292674,5.838817640583527,-0.000567353709146623
T4-202406-D,5.6265347400268295,5.625761338062745,-0.0007734019640848189
T4-202406-U,5.066845264492374,5.066530610672489,-0.00031465381988482477
T4-202407-D,6.30367233909756,6.303036682864025,-0.0006356562335350091
T4-202407-U,6.110762441424462,6.10975177297855,-0.0010106684459119109
T4-202408-D,6.381533601890793,6.380537331683808,-0.00099627020698545
T4-202408-U,6.048614517595796,6.047935559833809,-0.000678957761986787
T4-202409-D,6.553515113826153,6.551801392354237,-0.001713721471915619
T4-202409-U,5.857995376082883,5.857850916151064,-0.00014445993181855243
T4-202412-D,6.237960337449878,6.23544320285942,-0.0025171345904579923
