SampleID,Pond,Date,Layer,Temperature,Salinity,pH,DO,Turbidity,Season,Event,Typhoon,ColdSurge,HeatEvent_Tmax_q90_any,Heatwave_Tmax_q90_3day,Days_Tmax_gt_q90,MeanAirTemp,Tmax,Tmin,TotalRainfall,MaxDailyRainfall,RainDays,MeanWindSpeed,MaxGust,MeanPressure,MinPressure,Season_original_metadata,Source_records,Source_occasions,Source_seasons,Season_attachment,Season_status,Season_verified,Season_unambiguous,PondMonth,Date_dt,LowPressure,DisturbanceComplete,Shannon,Original_library_size,Prokaryotic_library_size,Prokaryotic_retained_fraction,Fraction_from_ASVs_detected_in_blank,Fraction_from_blank_enriched_ASVs
T1-202209-D,T1,202209,D,29.5,1.003,7.829,6.87,38.3,Autumn,Typhoon,1,0,1.0,0.0,1.0,29.023333333333333,35.0,23.8,28.0,11.0,6.0,2.306666666666666,17.1,1005.04,993.1,Autumn,T1-202209-D,,Autumn,Autumn,Direct unambiguous assignment,Autumn,True,T1-202209,2022-09-01,0.0,True,5.65747560546407,52583.0,48186.0,0.9163798185725425,0.284407508130004,0.022250537245877944
T1-202209-U,T1,202209,U,30.0,1.002,7.912,7.31,36.2,Autumn,Typhoon,1,0,1.0,0.0,1.0,29.023333333333333,35.0,23.8,28.0,11.0,6.0,2.306666666666666,17.1,1005.04,993.1,Autumn,T1-202209-U,,Autumn,Autumn,Direct unambiguous assignment,Autumn,True,T1-202209,2022-09-01,0.0,True,5.855825477265617,52347.0,46798.0,0.8939958354824536,0.20780560490572525,1.9103291497124954e-05
T1-202210-D,T1,202210,D,32.7,1.004,7.843,5.41,163.0,Autumn,Normal,0,0,1.0,0.0,1.0,26.63870967741936,35.0,20.7,4.0,2.0,3.0,2.229032258064516,12.6,1010.1806451612904,1000.0,Autumn,T1-202210-D,,Autumn,Autumn,Direct unambiguous assignment,Autumn,True,T1-202210,2022-10-01,0.0,True,6.047897105091472,37469.0,34809.0,0.9290079799300756,0.2763351036857135,2.6688729349595664e-05
T1-202210-U,T1,202210,U,33.4,1.003,8.001,7.5,74.9,Autumn,Normal,0,0,1.0,0.0,1.0,26.63870967741936,35.0,20.7,4.0,2.0,3.0,2.229032258064516,12.6,1010.1806451612904,1000.0,Autumn,T1-202210-U,,Autumn,Autumn,Direct unambiguous assignment,Autumn,True,T1-202210,2022-10-01,0.0,True,5.680017590978943,34868.0,32091.0,0.9203567741195365,0.321698979006539,0.0
T1-202211-D,T1,202211,D,25.9,1.003,8.87,8.62,37.5,Autumn,Normal,0,0,0.0,0.0,0.0,25.196666666666665,33.2,20.5,1.0,1.0,1.0,2.036666666666666,11.6,1012.28,1000.9,Autumn,T1-202211-D,,Autumn,Autumn,Direct unambiguous assignment,Autumn,True,T1-202211,2022-11-01,0.0,True,5.432921289804508,25174.0,24600.0,0.9771986970684039,0.07134344959084771,0.004687375863986653
T1-202211-U,T1,202211,U,26.5,1.001,8.887,9.06,35.7,Autumn,Normal,0,0,0.0,0.0,0.0,25.196666666666665,33.2,20.5,1.0,1.0,1.0,2.036666666666666,11.6,1012.28,1000.9,Autumn,T1-202211-U,,Autumn,Autumn,Direct unambiguous assignment,Autumn,True,T1-202211,2022-11-01,0.0,True,5.140631188016425,17731.0,17177.0,0.9687552873498393,0.13552535108002933,0.01342281879194631
T1-202212-D,T1,202212,D,19.95,1.004,8.4035,9.6,141.8,Winter,Normal,0,0,0.0,0.0,0.0,18.66774193548387,28.5,9.3,3.0,3.0,1.0,3.1516129032258067,18.2,1015.3741935483872,1006.5,Winter,T1-202212-1-D; T1-202212-2-D,1; 2,Winter,Winter,Direct unambiguous assignment,Winter,True,T1-202212,2022-12-01,0.0,True,5.500437561757866,34292.5,30786.0,0.8977473208427499,0.42392651454399655,0.0009477290952832252
T1-202212-U,T1,202212,U,19.8,1.0034999999999998,8.455,10.095,70.25,Winter,Normal,0,0,0.0,0.0,0.0,18.66774193548387,28.5,9.3,3.0,3.0,1.0,3.1516129032258067,18.2,1015.3741935483872,1006.5,Winter,T1-202212-1-U; T1-202212-2-U,1; 2,Winter,Winter,Direct unambiguous assignment,Winter,True,T1-202212,2022-12-01,0.0,True,5.5977600233022144,29926.5,26057.0,0.8706998813760379,0.45496466342539216,0.0062820577080513924
T1-202301-D,T1,202301,D,19.200000000000003,1.0025,8.0125,6.680000000000001,104.4,Winter,Normal,0,0,0.0,0.0,0.0,18.125806451612902,30.2,8.8,6.0,6.0,1.0,2.890322580645161,18.0,1017.0612903225808,1005.3,Winter,T1-202301-1-D; T1-202301-2-D,1; 2,Winter,Winter,Direct unambiguous assignment,Winter,True,T1-202301,2023-01-01,0.0,True,6.536187819288038,25520.5,21945.0,0.8598969455927588,0.2541878097999647,0.0032914715620775453
T1-202301-U,T1,202301,U,19.200000000000003,1.0034999999999998,8.074,7.14,28.4,Winter,Normal,0,0,0.0,0.0,0.0,18.125806451612902,30.2,8.8,6.0,6.0,1.0,2.890322580645161,18.0,1017.0612903225808,1005.3,Winter,T1-202301-1-U; T1-202301-2-U,1; 2,Winter,Winter,Direct unambiguous assignment,Winter,True,T1-202301,2023-01-01,0.0,True,6.392331042742391,24744.0,21689.0,0.876535725832525,0.27125767862916267,0.017256708697057872
T1-202302-D,T1,202302,D,21.6,1.0025,8.7585,9.735,231.85,,Normal,0,1,0.0,0.0,0.0,18.832142857142856,32.5,12.5,0.0,0.0,0.0,2.9285714285714284,11.6,1016.2642857142856,1008.1,Winter,T1-202302-1-D; T1-202302-2-D,1; 2,Winter; Spring,,Boundary-spanning averaged profile,,False,T1-202302,2023-02-01,0.0,True,6.656784819485797,43677.0,35709.0,0.8175698880417611,0.3356572108890262,0.00014881974494585252
T1-202302-U,T1,202302,U,21.4,1.0034999999999998,8.793,10.04,46.1,,Normal,0,1,0.0,0.0,0.0,18.832142857142856,32.5,12.5,0.0,0.0,0.0,2.9285714285714284,11.6,1016.2642857142856,1008.1,Winter,T1-202302-1-U; T1-202302-2-U,1; 2,Winter; Spring,,Boundary-spanning averaged profile,,False,T1-202302,2023-02-01,0.0,True,6.343088852994783,30558.5,23792.0,0.7785722466744114,0.3897933471865438,0.0030269810363728585
T1-202303-D,T1,202303,D,25.0,1.003,7.617,8.01,97.1,Spring,Normal,0,0,0.0,0.0,0.0,21.570967741935487,31.3,13.3,0.5,0.5,1.0,2.3193548387096774,12.0,1014.583870967742,1005.7,Spring,T1-202303-D,,Spring,Spring,Direct unambiguous assignment,Spring,True,T1-202303,2023-03-01,0.0,True,6.28217930281987,48856.0,42000.0,0.8596692320288194,0.2772023906991976,0.00028655641067627314
T1-202303-U,T1,202303,U,25.0,1.003,8.877,10.94,78.9,Spring,Normal,0,0,0.0,0.0,0.0,21.570967741935487,31.3,13.3,0.5,0.5,1.0,2.3193548387096774,12.0,1014.583870967742,1005.7,Spring,T1-202303-U,,Spring,Spring,Direct unambiguous assignment,Spring,True,T1-202303,2023-03-01,0.0,True,6.224033412853631,51116.0,42076.0,0.823147351122936,0.301392910243368,0.00021519680726191407
T1-202304-D,T1,202304,D,28.4,1.004,8.356,8.29,75.8,Spring,Normal,0,0,0.0,0.0,0.0,25.386666666666667,34.3,18.5,18.5,7.5,4.0,2.07,11.0,1010.0833333333334,1001.2,Spring,T1-202304-D,,Spring,Spring,Direct unambiguous assignment,Spring,True,T1-202304,2023-04-01,0.0,True,6.077784692619433,14774.0,14130.0,0.9564099093001218,0.10146202788682819,0.0
T1-202304-U,T1,202304,U,28.0,1.004,8.408,8.96,29.8,Spring,Normal,0,0,0.0,0.0,0.0,25.386666666666667,34.3,18.5,18.5,7.5,4.0,2.07,11.0,1010.0833333333334,1001.2,Spring,T1-202304-U,,Spring,Spring,Direct unambiguous assignment,Spring,True,T1-202304,2023-04-01,0.0,True,5.9799164202262105,23132.0,21719.0,0.9389157876534671,0.11611620266297769,0.0005187618882932734
T1-202305-D,T1,202305,D,32.0,1.003,8.501,7.6,186.3,Summer,Normal,0,0,1.0,0.0,1.0,27.73225806451613,35.0,21.0,54.5,33.0,6.0,1.896774193548387,14.1,1007.8193548387096,994.0,Summer,T1-202305-D,,Summer,Summer,Direct unambiguous assignment,Summer,True,T1-202305,2023-05-01,0.0,True,6.098061141876827,13695.0,13254.0,0.9677984665936473,0.10083972252646951,0.00014603870025556772
T1-202305-U,T1,202305,U,32.3,1.002,8.53,8.3,52.6,Summer,Normal,0,0,1.0,0.0,1.0,27.73225806451613,35.0,21.0,54.5,33.0,6.0,1.896774193548387,14.1,1007.8193548387096,994.0,Summer,T1-202305-U,,Summer,Summer,Direct unambiguous assignment,Summer,True,T1-202305,2023-05-01,0.0,True,5.990341254369631,41568.0,40608.0,0.976905311778291,0.10274730561970748,0.003271747498075442
T1-202307-D,T1,202307,D,31.0,1.002,8.246,6.99,54.2,Summer,Normal,0,0,1.0,0.0,9.0,30.203225806451613,36.2,24.2,202.0,76.5,14.0,2.138709677419355,23.0,1005.2483870967742,989.1,Summer,T1-202307-D,,Summer,Summer,Direct unambiguous assignment,Summer,True,T1-202307,2023-07-01,0.0,True,5.665042032604189,46471.0,42866.0,0.9224247380086505,0.0581868261926793,0.0030771879236513094
T1-202307-U,T1,202307,U,31.7,1.002,8.268,7.09,47.0,Summer,Normal,0,0,1.0,0.0,9.0,30.203225806451613,36.2,24.2,202.0,76.5,14.0,2.138709677419355,23.0,1005.2483870967742,989.1,Summer,T1-202307-U,,Summer,Summer,Direct unambiguous assignment,Summer,True,T1-202307,2023-07-01,0.0,True,5.767286029734695,46465.0,43074.0,0.9270203378887335,0.0598515011298827,0.0038093188421392445
T1-202310-D,T1,202310,D,26.8,1.001,8.522,6.37,37.0,Autumn,Normal,0,0,1.0,0.0,1.0,27.280645161290323,35.0,22.2,25.0,20.5,4.0,2.2,23.6,1011.048387096774,991.9,Autumn,T1-202310-D,,Autumn,Autumn,Direct unambiguous assignment,Autumn,True,T1-202310,2023-10-01,0.0,True,6.4953904623814624,43471.0,40951.0,0.9420303190632836,0.15755331140300427,0.00029904994134020383
T1-202310-U,T1,202310,U,27.0,1.002,8.562,6.39,27.2,Autumn,Normal,0,0,1.0,0.0,1.0,27.280645161290323,35.0,22.2,25.0,20.5,4.0,2.2,23.6,1011.048387096774,991.9,Autumn,T1-202310-U,,Autumn,Autumn,Direct unambiguous assignment,Autumn,True,T1-202310,2023-10-01,0.0,True,6.310833015315104,71091.0,65663.0,0.9236471564614368,0.1681928795487474,0.0019130410319168388
T1-202311-D,T1,202311,D,21.2,1.003,8.177,7.34,146.8,Winter,Normal,0,0,0.0,0.0,0.0,24.12333333333333,33.3,14.1,0.0,0.0,0.0,2.0900000000000003,14.9,1015.55,1009.5,Winter,T1-202311-D,,Winter,Winter,Direct unambiguous assignment,Winter,True,T1-202311,2023-11-01,0.0,True,6.6219526351815485,23153.0,19999.0,0.8637757526022546,0.18230898803610762,0.000215954735887358
T1-202311-U,T1,202311,U,21.0,1.004,8.225,7.84,37.7,Winter,Normal,0,0,0.0,0.0,0.0,24.12333333333333,33.3,14.1,0.0,0.0,0.0,2.0900000000000003,14.9,1015.55,1009.5,Winter,T1-202311-U,,Winter,Winter,Direct unambiguous assignment,Winter,True,T1-202311,2023-11-01,0.0,True,6.358649402565186,24364.0,20409.0,0.8376703332786077,0.19836644229190611,0.0
T1-202312-D,T1,202312,D,18.2,1.004,8.473,9.35,274.0,Winter,Cold wave,0,1,0.0,0.0,0.0,20.81935483870968,30.5,11.5,12.0,12.0,1.0,2.629032258064516,13.0,1017.4225806451612,1009.5,Winter,T1-202312-D,,Winter,Winter,Direct unambiguous assignment,Winter,True,T1-202312,2023-12-01,0.0,True,5.786815358050361,2985.0,2494.0,0.8355108877721943,0.24991624790619768,0.0
T1-202312-U,T1,202312,U,16.6,1.002,8.523,9.7,41.1,Winter,Cold wave,0,1,0.0,0.0,0.0,20.81935483870968,30.5,11.5,12.0,12.0,1.0,2.629032258064516,13.0,1017.4225806451612,1009.5,Winter,T1-202312-U,,Winter,Winter,Direct unambiguous assignment,Winter,True,T1-202312,2023-12-01,0.0,True,5.434213890802347,3542.0,2713.0,0.7659514398644833,0.30858272162619993,0.0
T1-202401-D,T1,202401,D,24.1,1.003,8.759,7.61,364.0,Winter,Normal,0,0,0.0,0.0,0.0,18.41935483870968,28.5,8.6,0.5,0.5,1.0,2.5354838709677416,15.4,1017.6129032258063,1010.0,Winter,T1-202401-D,,Winter,Winter,Direct unambiguous assignment,Winter,True,T1-202401,2024-01-01,0.0,True,6.050027150754152,27576.0,22763.0,0.8254641717435451,0.26689875253843925,0.0001450536698578474
T1-202401-U,T1,202401,U,23.7,1.003,8.826,8.86,121.5,Winter,Normal,0,0,0.0,0.0,0.0,18.41935483870968,28.5,8.6,0.5,0.5,1.0,2.5354838709677416,15.4,1017.6129032258063,1010.0,Winter,T1-202401-U,,Winter,Winter,Direct unambiguous assignment,Winter,True,T1-202401,2024-01-01,0.0,True,5.124328515616598,9792.0,7872.0,0.803921568627451,0.34691584967320255,0.0
T1-202402-D,T1,202402,D,19.2,1.003,8.561,7.51,375.0,Spring,Cold wave,0,1,0.0,0.0,0.0,20.63103448275862,32.1,12.3,5.0,4.0,3.0,2.493103448275862,11.3,1016.2172413793104,1009.8,Spring,T1-202402-D,,Spring,Spring,Direct unambiguous assignment,Spring,True,T1-202402,2024-02-01,0.0,True,6.108440489008683,19353.0,16157.0,0.8348576448095902,0.2137653077042319,0.00020668630186534387
T1-202402-U,T1,202402,U,18.3,1.004,8.617,8.43,38.2,Spring,Cold wave,0,1,0.0,0.0,0.0,20.63103448275862,32.1,12.3,5.0,4.0,3.0,2.493103448275862,11.3,1016.2172413793104,1009.8,Spring,T1-202402-U,,Spring,Spring,Direct unambiguous assignment,Spring,True,T1-202402,2024-02-01,0.0,True,5.752992861515791,17301.0,14647.0,0.8465984625166175,0.20258944569678056,0.00017340038148083925
T1-202403-D,T1,202403,D,23.5,1.004,8.437,6.41,377.0,Spring,Normal,0,0,0.0,0.0,0.0,22.461290322580645,32.7,13.0,14.0,6.5,5.0,2.2516129032258063,13.7,1013.3774193548388,1005.2,Spring,T1-202403-D,,Spring,Spring,Direct unambiguous assignment,Spring,True,T1-202403,2024-03-01,0.0,True,6.044059210700921,7690.0,6169.0,0.8022106631989597,0.2516254876462939,0.0
T1-202403-U,T1,202403,U,23.3,1.004,8.492,7.23,45.0,Spring,Normal,0,0,0.0,0.0,0.0,22.461290322580645,32.7,13.0,14.0,6.5,5.0,2.2516129032258063,13.7,1013.3774193548388,1005.2,Spring,T1-202403-U,,Spring,Spring,Direct unambiguous assignment,Spring,True,T1-202403,2024-03-01,0.0,True,5.704901370093369,5416.0,4288.0,0.7917282127031019,0.21547267355982275,0.0
T1-202404-D,T1,202404,D,29.6,1.006,8.322,8.31,42.3,Spring,Normal,0,0,1.0,0.0,1.0,27.37333333333333,35.0,21.2,181.5,67.0,7.0,1.9166666666666667,22.3,1008.2333333333332,1002.2,Spring,T1-202404-D,,Spring,Spring,Direct unambiguous assignment,Spring,True,T1-202404,2024-04-01,0.0,True,6.0748216301884845,20982.0,18164.0,0.865694404727862,0.174482890096273,0.0001429796968830426
T1-202404-U,T1,202404,U,29.8,1.006,8.374,8.2,33.7,Spring,Normal,0,0,1.0,0.0,1.0,27.37333333333333,35.0,21.2,181.5,67.0,7.0,1.9166666666666667,22.3,1008.2333333333332,1002.2,Spring,T1-202404-U,,Spring,Spring,Direct unambiguous assignment,Spring,True,T1-202404,2024-04-01,0.0,True,6.04463515003782,16911.0,14930.0,0.8828573118088818,0.16787889539353085,0.0
T1-202410-D,T1,202410,D,31.3,1.004,8.27,9.1,65.9,Autumn,Normal,0,0,0.0,0.0,0.0,27.51935483870968,33.7,20.5,87.0,47.5,7.0,2.358064516129032,23.5,1006.3096774193548,972.7,Autumn,T1-202410-D,,Autumn,Autumn,Direct unambiguous assignment,Autumn,True,T1-202410,2024-10-01,1.0,True,6.10878539677311,71196.0,65391.0,0.9184645204786785,0.2652536659362886,0.00019664026068880273
T1-202410-U,T1,202410,U,32.6,1.004,8.128,8.1,60.7,Autumn,Normal,0,0,0.0,0.0,0.0,27.51935483870968,33.7,20.5,87.0,47.5,7.0,2.358064516129032,23.5,1006.3096774193548,972.7,Autumn,T1-202410-U,,Autumn,Autumn,Direct unambiguous assignment,Autumn,True,T1-202410,2024-10-01,1.0,True,5.828511363196896,66239.0,59373.0,0.8963450535183201,0.28742885611195823,0.00018116215522577333
T1-202411-D,T1,202411,D,24.0,1.004,8.22,9.7,76.3,Winter,Normal,0,0,0.0,0.0,0.0,23.953333333333333,32.0,15.1,77.0,53.5,3.0,2.563333333333333,19.0,1011.82,996.5,Winter,T1-202411-D,,Winter,Winter,Direct unambiguous assignment,Winter,True,T1-202411,2024-11-01,0.0,True,6.153474547896291,41342.0,37641.0,0.9104784480673407,0.1606598616419138,9.675390643897248e-05
T1-202411-U,T1,202411,U,23.5,1.004,8.209,8.28,61.9,Winter,Normal,0,0,0.0,0.0,0.0,23.953333333333333,32.0,15.1,77.0,53.5,3.0,2.563333333333333,19.0,1011.82,996.5,Winter,T1-202411-U,,Winter,Winter,Direct unambiguous assignment,Winter,True,T1-202411,2024-11-01,0.0,True,6.027328847705922,51933.0,42690.0,0.8220206804921726,0.21629792232299308,0.00013478905512872354
T1-202412-D,T1,202412,D,20.2,1.004,8.175999999999998,8.985,121.7,Winter,Normal,0,0,0.0,0.0,0.0,19.080645161290324,28.1,11.5,25.5,14.0,2.0,2.925806451612903,13.6,1015.4580645161292,1009.2,Winter,T1-202412-1-D,1,Winter,Winter,Direct unambiguous assignment,Winter,True,T1-202412,2024-12-01,0.0,True,6.7274022715245865,47910.0,40614.5,0.8477249008557712,0.17145689835107492,0.0003757044458359424
T1-202412-U,T1,202412,U,19.75,1.004,7.858,9.075,80.19999999999999,Winter,Normal,0,0,0.0,0.0,0.0,19.080645161290324,28.1,11.5,25.5,14.0,2.0,2.925806451612903,13.6,1015.4580645161292,1009.2,Winter,T1-202412-1-U,1,Winter,Winter,Direct unambiguous assignment,Winter,True,T1-202412,2024-12-01,0.0,True,6.603004934231556,57676.0,49248.5,0.8538820306539981,0.16910846799361953,0.00017338234274221514
T2-202209-D,T2,202209,D,29.5,1.004,8.127,6.16,50.9,Autumn,Typhoon,1,0,1.0,0.0,1.0,29.023333333333333,35.0,23.8,28.0,11.0,6.0,2.306666666666666,17.1,1005.04,993.1,Autumn,T2-202209-D,,Autumn,Autumn,Direct unambiguous assignment,Autumn,True,T2-202209,2022-09-01,0.0,True,6.3458379543331125,47481.0,44698.0,0.9413870811482488,0.1298624713043112,0.0008213811840525685
T2-202209-U,T2,202209,U,29.8,1.003,8.185,6.85,19.06,Autumn,Typhoon,1,0,1.0,0.0,1.0,29.023333333333333,35.0,23.8,28.0,11.0,6.0,2.306666666666666,17.1,1005.04,993.1,Autumn,T2-202209-U,,Autumn,Autumn,Direct unambiguous assignment,Autumn,True,T2-202209,2022-09-01,0.0,True,5.70999398538661,40222.0,35572.0,0.8843916264730745,0.14472179404306101,0.0005469643478693252
T2-202210-D,T2,202210,D,32.8,1.006,8.873,10.6,87.0,Autumn,Normal,0,0,1.0,0.0,1.0,26.63870967741936,35.0,20.7,4.0,2.0,3.0,2.229032258064516,12.6,1010.1806451612904,1000.0,Autumn,T2-202210-D,,Autumn,Autumn,Direct unambiguous assignment,Autumn,True,T2-202210,2022-10-01,0.0,True,5.984687865541516,37828.0,36862.0,0.9744633604737232,0.16025166543301259,0.0025906735751295338
T2-202210-U,T2,202210,U,33.3,1.005,8.89,11.7,63.7,Autumn,Normal,0,0,1.0,0.0,1.0,26.63870967741936,35.0,20.7,4.0,2.0,3.0,2.229032258064516,12.6,1010.1806451612904,1000.0,Autumn,T2-202210-U,,Autumn,Autumn,Direct unambiguous assignment,Autumn,True,T2-202210,2022-10-01,0.0,True,5.551558115734776,25044.0,22225.0,0.8874381089282862,0.15344992812649735,0.003633604855454401
T2-202211-D,T2,202211,D,26.1,1.003,8.816,8.41,64.8,Autumn,Normal,0,0,0.0,0.0,0.0,25.196666666666665,33.2,20.5,1.0,1.0,1.0,2.036666666666666,11.6,1012.28,1000.9,Autumn,T2-202211-D,,Autumn,Autumn,Direct unambiguous assignment,Autumn,True,T2-202211,2022-11-01,0.0,True,5.354886394386838,25660.0,24873.0,0.9693296960249416,0.15272798129384257,0.0047155105222135615
T2-202211-U,T2,202211,U,26.5,1.002,8.815,8.57,46.3,Autumn,Normal,0,0,0.0,0.0,0.0,25.196666666666665,33.2,20.5,1.0,1.0,1.0,2.036666666666666,11.6,1012.28,1000.9,Autumn,T2-202211-U,,Autumn,Autumn,Direct unambiguous assignment,Autumn,True,T2-202211,2022-11-01,0.0,True,5.020593198099309,28028.0,27174.0,0.9695304695304695,0.3384472670186956,0.004459825888397316
T2-202304-D,T2,202304,D,27.8,1.005,8.411,8.04,7.49,Spring,Normal,0,0,0.0,0.0,0.0,25.386666666666667,34.3,18.5,18.5,7.5,4.0,2.07,11.0,1010.0833333333334,1001.2,Spring,T2-202304-D,,Spring,Spring,Direct unambiguous assignment,Spring,True,T2-202304,2023-04-01,0.0,True,5.660923036530647,20592.0,19611.0,0.9523601398601399,0.07027000777000778,9.712509712509713e-05
T2-202304-U,T2,202304,U,28.2,1.005,8.445,8.81,12.2,Spring,Normal,0,0,0.0,0.0,0.0,25.386666666666667,34.3,18.5,18.5,7.5,4.0,2.07,11.0,1010.0833333333334,1001.2,Spring,T2-202304-U,,Spring,Spring,Direct unambiguous assignment,Spring,True,T2-202304,2023-04-01,0.0,True,5.53449149240483,25698.0,24363.0,0.9480504319402289,0.07521986146781849,0.0
T2-202305-D,T2,202305,D,31.2,1.004,8.626,8.85,38.4,Summer,Normal,0,0,1.0,0.0,1.0,27.73225806451613,35.0,21.0,54.5,33.0,6.0,1.896774193548387,14.1,1007.8193548387096,994.0,Summer,T2-202305-D,,Summer,Summer,Direct unambiguous assignment,Summer,True,T2-202305,2023-05-01,0.0,True,5.945930722047664,12036.0,11613.0,0.9648554336989033,0.13077434363575938,8.308408109006314e-05
T2-202305-U,T2,202305,U,31.8,1.003,8.704,12.32,36.6,Summer,Normal,0,0,1.0,0.0,1.0,27.73225806451613,35.0,21.0,54.5,33.0,6.0,1.896774193548387,14.1,1007.8193548387096,994.0,Summer,T2-202305-U,,Summer,Summer,Direct unambiguous assignment,Summer,True,T2-202305,2023-05-01,0.0,True,6.083783068946852,59979.0,56633.0,0.9442138081661915,0.13706463929041834,0.0
T2-202306-D,T2,202306,D,31.8,1.005,8.333,8.64,75.0,Summer,Normal,0,0,0.0,0.0,0.0,29.91333333333333,34.7,25.5,112.5,29.5,11.0,2.0733333333333333,16.2,1005.73,994.7,Summer,T2-202306-D,,Summer,Summer,Direct unambiguous assignment,Summer,True,T2-202306,2023-06-01,0.0,True,5.456967898388797,4898.0,4584.0,0.9358922008983258,0.18272764393630053,0.0
T2-202306-U,T2,202306,U,33.5,1.004,8.388,9.35,33.4,Summer,Normal,0,0,0.0,0.0,0.0,29.91333333333333,34.7,25.5,112.5,29.5,11.0,2.0733333333333333,16.2,1005.73,994.7,Summer,T2-202306-U,,Summer,Summer,Direct unambiguous assignment,Summer,True,T2-202306,2023-06-01,0.0,True,5.486234783550451,15306.0,14331.0,0.9362994903959232,0.17790408989938586,0.0003266692800209068
T2-202307-D,T2,202307,D,30.8,1.004,8.122,6.36,60.1,Summer,Normal,0,0,1.0,0.0,9.0,30.203225806451613,36.2,24.2,202.0,76.5,14.0,2.138709677419355,23.0,1005.2483870967742,989.1,Summer,T2-202307-D,,Summer,Summer,Direct unambiguous assignment,Summer,True,T2-202307,2023-07-01,0.0,True,6.3380578448196605,28724.0,24755.0,0.8618228658961148,0.1342431416237293,0.0002785127419579446
T2-202307-U,T2,202307,U,31.6,1.003,8.196,7.6,36.4,Summer,Normal,0,0,1.0,0.0,9.0,30.203225806451613,36.2,24.2,202.0,76.5,14.0,2.138709677419355,23.0,1005.2483870967742,989.1,Summer,T2-202307-U,,Summer,Summer,Direct unambiguous assignment,Summer,True,T2-202307,2023-07-01,0.0,True,6.0532243403946,46984.0,38669.0,0.8230248595266474,0.1517325046824451,0.00014898688915375446
T2-202308-D,T2,202308,D,27.9,1.003,8.222,4.81,42.7,Autumn,Typhoon,1,0,0.0,0.0,0.0,29.503225806451614,34.7,25.5,215.0,42.0,18.0,2.103225806451613,17.0,1003.2,996.6,Autumn,T2-202308-D,,Autumn,Autumn,Direct unambiguous assignment,Autumn,True,T2-202308,2023-08-01,0.0,True,5.858515226004208,16058.0,14165.0,0.8821148337277369,0.25737949931498316,6.227425582264292e-05
T2-202308-U,T2,202308,U,28.3,1.003,8.254,5.02,26.2,Autumn,Typhoon,1,0,0.0,0.0,0.0,29.503225806451614,34.7,25.5,215.0,42.0,18.0,2.103225806451613,17.0,1003.2,996.6,Autumn,T2-202308-U,,Autumn,Autumn,Direct unambiguous assignment,Autumn,True,T2-202308,2023-08-01,0.0,True,5.444880450625042,36011.0,30423.0,0.8448251923023521,0.3173197078670406,5.5538585432229044e-05
T2-202309-D,T2,202309,D,29.4,1.003,8.836,7.67,14.5,Autumn,Normal,0,0,0.0,0.0,0.0,29.2,34.7,24.5,268.0,67.5,10.0,1.923333333333333,18.6,1006.17,979.1,Autumn,T2-202309-D,,Autumn,Autumn,Direct unambiguous assignment,Autumn,True,T2-202309,2023-09-01,1.0,True,5.718050098519656,17678.0,15912.0,0.9001018214730173,0.11771693630501187,0.0001697024550288494
T2-202309-U,T2,202309,U,30.0,1.002,8.89,8.68,20.0,Autumn,Normal,0,0,0.0,0.0,0.0,29.2,34.7,24.5,268.0,67.5,10.0,1.923333333333333,18.6,1006.17,979.1,Autumn,T2-202309-U,,Autumn,Autumn,Direct unambiguous assignment,Autumn,True,T2-202309,2023-09-01,1.0,True,5.827852631781333,53458.0,49668.0,0.9291032212203973,0.11234988215047327,0.00048636312619252493
T2-202310-D,T2,202310,D,26.6,1.003,8.33,5.94,51.1,Autumn,Normal,0,0,1.0,0.0,1.0,27.280645161290323,35.0,22.2,25.0,20.5,4.0,2.2,23.6,1011.048387096774,991.9,Autumn,T2-202310-D,,Autumn,Autumn,Direct unambiguous assignment,Autumn,True,T2-202310,2023-10-01,0.0,True,6.855931537668189,36644.0,34260.0,0.9349416002619801,0.09442200633118655,0.0004093439580831786
T2-202310-U,T2,202310,U,26.7,1.003,8.37,6.52,21.8,Autumn,Normal,0,0,1.0,0.0,1.0,27.280645161290323,35.0,22.2,25.0,20.5,4.0,2.2,23.6,1011.048387096774,991.9,Autumn,T2-202310-U,,Autumn,Autumn,Direct unambiguous assignment,Autumn,True,T2-202310,2023-10-01,0.0,True,5.963001814898494,14645.0,13705.0,0.9358142710822807,0.1599180607715944,6.828269033799931e-05
T2-202311-D,T2,202311,D,21.5,1.005,8.699,7.62,62.8,Winter,Normal,0,0,0.0,0.0,0.0,24.12333333333333,33.3,14.1,0.0,0.0,0.0,2.0900000000000003,14.9,1015.55,1009.5,Winter,T2-202311-D,,Winter,Winter,Direct unambiguous assignment,Winter,True,T2-202311,2023-11-01,0.0,True,3.106900225482456,8566.0,8356.0,0.9754844734998832,0.03548914312397852,0.0
T2-202311-U,T2,202311,U,21.0,1.005,8.833,9.08,38.2,Winter,Normal,0,0,0.0,0.0,0.0,24.12333333333333,33.3,14.1,0.0,0.0,0.0,2.0900000000000003,14.9,1015.55,1009.5,Winter,T2-202311-U,,Winter,Winter,Direct unambiguous assignment,Winter,True,T2-202311,2023-11-01,0.0,True,1.7765633379249677,7993.0,7894.0,0.9876141623920931,0.02639809833604404,0.00012510947078693858
T2-202312-D,T2,202312,D,7.3,1.004,8.686,9.72,93.0,Winter,Cold wave,0,1,0.0,0.0,0.0,20.81935483870968,30.5,11.5,12.0,12.0,1.0,2.629032258064516,13.0,1017.4225806451612,1009.5,Winter,T2-202312-D,,Winter,Winter,Direct unambiguous assignment,Winter,True,T2-202312,2023-12-01,0.0,True,5.123761431709066,14924.0,13471.0,0.9026400428839453,0.12154918252479228,0.0003350308228357009
T2-202312-U,T2,202312,U,16.2,1.004,8.706,10.8,65.7,Winter,Cold wave,0,1,0.0,0.0,0.0,20.81935483870968,30.5,11.5,12.0,12.0,1.0,2.629032258064516,13.0,1017.4225806451612,1009.5,Winter,T2-202312-U,,Winter,Winter,Direct unambiguous assignment,Winter,True,T2-202312,2023-12-01,0.0,True,4.164874016147565,10230.0,9143.0,0.8937438905180841,0.1581622678396872,0.0
T2-202401-D,T2,202401,D,26.1,1.005,8.829,7.22,77.4,Winter,Normal,0,0,0.0,0.0,0.0,18.41935483870968,28.5,8.6,0.5,0.5,1.0,2.5354838709677416,15.4,1017.6129032258063,1010.0,Winter,T2-202401-D,,Winter,Winter,Direct unambiguous assignment,Winter,True,T2-202401,2024-01-01,0.0,True,6.248647223014823,17038.0,14058.0,0.8250968423523888,0.18605470125601598,0.00017607700434323277
T2-202401-U,T2,202401,U,25.5,1.005,8.939,11.39,46.9,Winter,Normal,0,0,0.0,0.0,0.0,18.41935483870968,28.5,8.6,0.5,0.5,1.0,2.5354838709677416,15.4,1017.6129032258063,1010.0,Winter,T2-202401-U,,Winter,Winter,Direct unambiguous assignment,Winter,True,T2-202401,2024-01-01,0.0,True,5.653860875013777,24371.0,19395.0,0.7958229042714702,0.21968733330597842,0.0
T2-202402-D,T2,202402,D,18.6,1.005,8.977,7.49,77.6,Spring,Cold wave,0,1,0.0,0.0,0.0,20.63103448275862,32.1,12.3,5.0,4.0,3.0,2.493103448275862,11.3,1016.2172413793104,1009.8,Spring,T2-202402-D,,Spring,Spring,Direct unambiguous assignment,Spring,True,T2-202402,2024-02-01,0.0,True,5.96955225003544,14091.0,12253.0,0.8695621318572139,0.15967638918458588,0.0002838691363281527
T2-202402-U,T2,202402,U,18.3,1.006,9.083,8.6,41.3,Spring,Cold wave,0,1,0.0,0.0,0.0,20.63103448275862,32.1,12.3,5.0,4.0,3.0,2.493103448275862,11.3,1016.2172413793104,1009.8,Spring,T2-202402-U,,Spring,Spring,Direct unambiguous assignment,Spring,True,T2-202402,2024-02-01,0.0,True,5.528341758570545,6604.0,5820.0,0.8812840702604482,0.2077528770442156,0.0
T2-202403-D,T2,202403,D,22.3,1.004,8.882,6.32,82.0,Spring,Normal,0,0,0.0,0.0,0.0,22.461290322580645,32.7,13.0,14.0,6.5,5.0,2.2516129032258063,13.7,1013.3774193548388,1005.2,Spring,T2-202403-D,,Spring,Spring,Direct unambiguous assignment,Spring,True,T2-202403,2024-03-01,0.0,True,6.032748571579091,37342.0,32910.0,0.8813132665631193,0.12789888061699964,0.00010711799046649885
T2-202403-U,T2,202403,U,21.7,1.003,8.964,6.72,45.0,Spring,Normal,0,0,0.0,0.0,0.0,22.461290322580645,32.7,13.0,14.0,6.5,5.0,2.2516129032258063,13.7,1013.3774193548388,1005.2,Spring,T2-202403-U,,Spring,Spring,Direct unambiguous assignment,Spring,True,T2-202403,2024-03-01,0.0,True,5.318011787148519,28072.0,24526.0,0.8736819606725563,0.15488743231689936,0.0
T2-202404-D,T2,202404,D,29.0,1.006,9.002,8.26,49.8,Spring,Normal,0,0,1.0,0.0,1.0,27.37333333333333,35.0,21.2,181.5,67.0,7.0,1.9166666666666667,22.3,1008.2333333333332,1002.2,Spring,T2-202404-D,,Spring,Spring,Direct unambiguous assignment,Spring,True,T2-202404,2024-04-01,0.0,True,5.343318541735753,27847.0,23548.0,0.8456207131827486,0.17290911049664237,0.00010773153301971488
T2-202404-U,T2,202404,U,29.9,1.006,9.054,9.78,27.5,Spring,Normal,0,0,1.0,0.0,1.0,27.37333333333333,35.0,21.2,181.5,67.0,7.0,1.9166666666666667,22.3,1008.2333333333332,1002.2,Spring,T2-202404-U,,Spring,Spring,Direct unambiguous assignment,Spring,True,T2-202404,2024-04-01,0.0,True,6.432901926359459,24900.0,21747.0,0.8733734939759036,0.13008032128514058,0.0005220883534136547
T2-202405-D,T2,202405,D,38.1,1.007,8.572,9.98,29.8,Spring,Normal,0,0,0.0,0.0,0.0,27.59354838709677,34.5,21.3,107.5,66.5,10.0,1.8870967741935485,11.3,1007.5258064516128,998.4,Spring,T2-202405-D,,Spring,Spring,Direct unambiguous assignment,Spring,True,T2-202405,2024-05-01,0.0,True,6.275378453884002,45767.0,40630.0,0.8877575545698866,0.13240981493215637,0.00015294863110975156
T2-202405-U,T2,202405,U,37.1,1.007,8.591,9.65,29.8,Spring,Normal,0,0,0.0,0.0,0.0,27.59354838709677,34.5,21.3,107.5,66.5,10.0,1.8870967741935485,11.3,1007.5258064516128,998.4,Spring,T2-202405-U,,Spring,Spring,Direct unambiguous assignment,Spring,True,T2-202405,2024-05-01,0.0,True,5.94089103682771,12175.0,10697.0,0.8786036960985626,0.1531006160164271,8.213552361396303e-05
T2-202406-D,T2,202406,D,33.6,1.007,8.597,7.51,28.4,Summer,Normal,0,0,1.0,1.0,12.0,29.85666666666667,36.5,23.2,200.5,74.5,13.0,2.2133333333333334,13.5,1006.0433333333332,1001.8,Summer,T2-202406-D,,Summer,Summer,Direct unambiguous assignment,Summer,True,T2-202406,2024-06-01,0.0,True,4.334563213952283,40512.0,39937.0,0.9858066745655608,0.07496544233807267,0.0
T2-202406-U,T2,202406,U,34.2,1.007,8.624,7.54,27.5,Summer,Normal,0,0,1.0,1.0,12.0,29.85666666666667,36.5,23.2,200.5,74.5,13.0,2.2133333333333334,13.5,1006.0433333333332,1001.8,Summer,T2-202406-U,,Summer,Summer,Direct unambiguous assignment,Summer,True,T2-202406,2024-06-01,0.0,True,4.851860129550646,56133.0,53641.0,0.9556054370869186,0.17652717652717653,3.562966525929489e-05
T2-202407-D,T2,202407,D,31.0,1.0059999999999998,8.589500000000001,6.305000000000001,37.6,Summer,Normal,0,0,1.0,1.0,15.0,30.135483870967743,37.3,22.5,1036.0,481.0,17.0,2.412903225806452,22.3,1003.8193548387096,979.0,Summer,T2-202407-1-D; T2-202407-2-D,1; 2,Summer,Summer,Direct unambiguous assignment,Summer,True,T2-202407,2024-07-01,1.0,True,5.992828702083016,84309.0,81446.5,0.9660475156863443,0.13030044242014494,0.005740786867356984
T2-202407-U,T2,202407,U,31.6,1.0055,8.7015,7.935,32.8,Summer,Normal,0,0,1.0,1.0,15.0,30.135483870967743,37.3,22.5,1036.0,481.0,17.0,2.412903225806452,22.3,1003.8193548387096,979.0,Summer,T2-202407-1-U; T2-202407-2-U,1; 2,Summer,Summer,Direct unambiguous assignment,Summer,True,T2-202407,2024-07-01,1.0,True,6.404834837132677,62014.5,57486.0,0.9269767554362286,0.1609059171645341,0.004966580396520169
T2-202408-D,T2,202408,D,33.0,1.0045,8.318999999999999,7.025,33.0,,Normal,0,0,1.0,1.0,10.0,29.89354838709677,35.5,24.5,333.0,67.0,9.0,1.8387096774193548,14.6,1004.3096774193548,998.5,Summer,T2-202408-1-D; T2-202408-2-D,1; 2,Summer; Autumn,,Boundary-spanning averaged profile,,False,T2-202408,2024-08-01,0.0,True,6.283265210191349,82741.0,74109.5,0.8956804969724804,0.15572690685391766,0.00015107383280356775
T2-202408-U,T2,202408,U,33.8,1.0045,8.379000000000001,7.535,27.0,,Normal,0,0,1.0,1.0,10.0,29.89354838709677,35.5,24.5,333.0,67.0,9.0,1.8387096774193548,14.6,1004.3096774193548,998.5,Summer,T2-202408-1-U; T2-202408-2-U,1; 2,Summer; Autumn,,Boundary-spanning averaged profile,,False,T2-202408,2024-08-01,0.0,True,6.481282699529761,101612.5,93393.0,0.9191093615450855,0.16316398080944763,0.0002017468323286997
T2-202409-D,T2,202409,D,31.0,1.007,8.517,8.89,100.7,Autumn,Normal,0,0,1.0,1.0,6.0,29.56,35.6,24.5,250.0,116.0,17.0,1.8,14.8,1003.0966666666668,993.7,Autumn,T2-202409-D,,Autumn,Autumn,Direct unambiguous assignment,Autumn,True,T2-202409,2024-09-01,0.0,True,2.506628125933114,52526.0,50707.0,0.9653695312797472,0.029661500970947722,9.519095305182197e-05
T2-202409-U,T2,202409,U,32.6,1.007,8.636,12.66,28.4,Autumn,Normal,0,0,1.0,1.0,6.0,29.56,35.6,24.5,250.0,116.0,17.0,1.8,14.8,1003.0966666666668,993.7,Autumn,T2-202409-U,,Autumn,Autumn,Direct unambiguous assignment,Autumn,True,T2-202409,2024-09-01,0.0,True,5.759461880047066,60871.0,53199.0,0.8739629708728295,0.17086954378932498,1.642818419280117e-05
T2-202410-U,T2,202410,U,32.5,1.004,8.503,8.04,47.4,Autumn,Normal,0,0,0.0,0.0,0.0,27.51935483870968,33.7,20.5,87.0,47.5,7.0,2.358064516129032,23.5,1006.3096774193548,972.7,Autumn,T2-202410-U,,Autumn,Autumn,Direct unambiguous assignment,Autumn,True,T2-202410,2024-10-01,1.0,True,5.40528516464797,70846.0,61844.0,0.8729356632696271,0.22522090167405356,4.234536882816249e-05
T2-202411-D,T2,202411,D,24.0,1.004,8.572,8.93,42.4,Winter,Normal,0,0,0.0,0.0,0.0,23.953333333333333,32.0,15.1,77.0,53.5,3.0,2.563333333333333,19.0,1011.82,996.5,Winter,T2-202411-D,,Winter,Winter,Direct unambiguous assignment,Winter,True,T2-202411,2024-11-01,0.0,True,5.87841900752896,48951.0,44328.0,0.9055586198443342,0.2301485158628016,8.171436742865315e-05
T2-202411-U,T2,202411,U,23.0,1.004,8.603,8.74,40.9,Winter,Normal,0,0,0.0,0.0,0.0,23.953333333333333,32.0,15.1,77.0,53.5,3.0,2.563333333333333,19.0,1011.82,996.5,Winter,T2-202411-U,,Winter,Winter,Direct unambiguous assignment,Winter,True,T2-202411,2024-11-01,0.0,True,5.733855973136102,50088.0,45506.0,0.908521003034659,0.19589522440504714,0.00015971889474524837
T2-202412-D,T2,202412,D,18.9,1.004,8.483,9.77,88.2,Winter,Normal,0,0,0.0,0.0,0.0,19.080645161290324,28.1,11.5,25.5,14.0,2.0,2.925806451612903,13.6,1015.4580645161292,1009.2,,same pond/date record in attachment,,Winter,Winter,Inherited from same pond and sampling date,Winter,True,T2-202412,2024-12-01,0.0,True,6.137570044708036,38981.0,35280.0,0.9050563094841076,0.24060439701392985,0.0008465662758779919
T2-202412-U,T2,202412,U,22.8,1.004,8.481,6.42,39.0,Winter,Normal,0,0,0.0,0.0,0.0,19.080645161290324,28.1,11.5,25.5,14.0,2.0,2.925806451612903,13.6,1015.4580645161292,1009.2,Winter,T2-202412-1-U,1,Winter,Winter,Direct unambiguous assignment,Winter,True,T2-202412,2024-12-01,0.0,True,5.391570767863105,45321.0,36204.0,0.7988349771629046,0.1122217073762715,2.206482646013989e-05
T3-202209-D,T3,202209,D,29.5,1.004,8.21,6.52,74.0,Autumn,Typhoon,1,0,1.0,0.0,1.0,29.023333333333333,35.0,23.8,28.0,11.0,6.0,2.306666666666666,17.1,1005.04,993.1,Autumn,T3-202209-D,,Autumn,Autumn,Direct unambiguous assignment,Autumn,True,T3-202209,2022-09-01,0.0,True,6.417945074423777,44462.0,42732.0,0.9610903693041248,0.17990643695740183,0.00017992892807341103
T3-202209-U,T3,202209,U,29.8,1.003,8.283,7.45,20.0,Autumn,Typhoon,1,0,1.0,0.0,1.0,29.023333333333333,35.0,23.8,28.0,11.0,6.0,2.306666666666666,17.1,1005.04,993.1,Autumn,T3-202209-U,,Autumn,Autumn,Direct unambiguous assignment,Autumn,True,T3-202209,2022-09-01,0.0,True,6.104177763573897,53412.0,50792.0,0.9509473526548341,0.18832846551336777,0.0002808357672433161
T3-202210-D,T3,202210,D,33.0,1.005,8.318,7.53,46.8,Autumn,Normal,0,0,1.0,0.0,1.0,26.63870967741936,35.0,20.7,4.0,2.0,3.0,2.229032258064516,12.6,1010.1806451612904,1000.0,Autumn,T3-202210-D,,Autumn,Autumn,Direct unambiguous assignment,Autumn,True,T3-202210,2022-10-01,0.0,True,6.268341072810366,26322.0,24327.0,0.9242078869386825,0.14831699718866348,0.012081148848871667
T3-202210-U,T3,202210,U,33.6,1.004,8.3,8.49,26.4,Autumn,Normal,0,0,1.0,0.0,1.0,26.63870967741936,35.0,20.7,4.0,2.0,3.0,2.229032258064516,12.6,1010.1806451612904,1000.0,Autumn,T3-202210-U,,Autumn,Autumn,Direct unambiguous assignment,Autumn,True,T3-202210,2022-10-01,0.0,True,6.195446154184781,39518.0,36977.0,0.9357001872564401,0.14773014828685663,0.00010121969735310492
T3-202211-D,T3,202211,D,26.0,1.005,8.957,8.42,52.7,Autumn,Normal,0,0,0.0,0.0,0.0,25.196666666666665,33.2,20.5,1.0,1.0,1.0,2.036666666666666,11.6,1012.28,1000.9,Autumn,T3-202211-D,,Autumn,Autumn,Direct unambiguous assignment,Autumn,True,T3-202211,2022-11-01,0.0,True,4.460449775876164,38476.0,38358.0,0.9969331531344214,0.3822122881796444,0.007771078074643933
T3-202211-U,T3,202211,U,26.4,1.004,8.956,8.67,34.0,Autumn,Normal,0,0,0.0,0.0,0.0,25.196666666666665,33.2,20.5,1.0,1.0,1.0,2.036666666666666,11.6,1012.28,1000.9,Autumn,T3-202211-U,,Autumn,Autumn,Direct unambiguous assignment,Autumn,True,T3-202211,2022-11-01,0.0,True,3.5866929531967866,34700.0,34497.0,0.9941498559077809,0.36412103746397695,0.021729106628242074
T3-202303-D,T3,202303,D,24.8,1.004,9.312,10.81,23.4,Spring,Normal,0,0,0.0,0.0,0.0,21.570967741935487,31.3,13.3,0.5,0.5,1.0,2.3193548387096774,12.0,1014.583870967742,1005.7,Spring,T3-202303-D,,Spring,Spring,Direct unambiguous assignment,Spring,True,T3-202303,2023-03-01,0.0,True,5.885435678398877,23291.0,21477.0,0.9221158387359925,0.08913314155682453,0.0006869606285689752
T3-202303-U,T3,202303,U,25.0,1.004,9.311,10.63,20.5,Spring,Normal,0,0,0.0,0.0,0.0,21.570967741935487,31.3,13.3,0.5,0.5,1.0,2.3193548387096774,12.0,1014.583870967742,1005.7,Spring,T3-202303-U,,Spring,Spring,Direct unambiguous assignment,Spring,True,T3-202303,2023-03-01,0.0,True,5.829342866221669,30516.0,27969.0,0.9165355878883209,0.08765893301874426,0.001081399921352733
T3-202304-D,T3,202304,D,27.7,1.005,8.504,7.45,22.8,Spring,Normal,0,0,0.0,0.0,0.0,25.386666666666667,34.3,18.5,18.5,7.5,4.0,2.07,11.0,1010.0833333333334,1001.2,Spring,T3-202304-D,,Spring,Spring,Direct unambiguous assignment,Spring,True,T3-202304,2023-04-01,0.0,True,5.771066532148659,46290.0,44828.0,0.9684165046446317,0.15776625621084467,0.0013177792179736446
T3-202304-U,T3,202304,U,27.9,1.005,8.531,7.87,12.47,Spring,Normal,0,0,0.0,0.0,0.0,25.386666666666667,34.3,18.5,18.5,7.5,4.0,2.07,11.0,1010.0833333333334,1001.2,Spring,T3-202304-U,,Spring,Spring,Direct unambiguous assignment,Spring,True,T3-202304,2023-04-01,0.0,True,5.685487588250234,26392.0,25650.0,0.9718854198241892,0.17861473173689,3.7890269778720825e-05
T3-202305-D,T3,202305,D,31.2,1.003,8.366,8.62,43.7,Summer,Normal,0,0,1.0,0.0,1.0,27.73225806451613,35.0,21.0,54.5,33.0,6.0,1.896774193548387,14.1,1007.8193548387096,994.0,Summer,T3-202305-D,,Summer,Summer,Direct unambiguous assignment,Summer,True,T3-202305,2023-05-01,0.0,True,5.340537161080237,21279.0,20223.0,0.9503736077823206,0.3109168663940975,0.0003289628272005263
T3-202305-U,T3,202305,U,31.9,1.003,8.444,9.79,30.2,Summer,Normal,0,0,1.0,0.0,1.0,27.73225806451613,35.0,21.0,54.5,33.0,6.0,1.896774193548387,14.1,1007.8193548387096,994.0,Summer,T3-202305-U,,Summer,Summer,Direct unambiguous assignment,Summer,True,T3-202305,2023-05-01,0.0,True,5.402237530885239,46835.0,43293.0,0.9243727981210633,0.2936479128856624,0.0001281093199530266
T3-202306-D,T3,202306,D,31.6,1.003,8.29,7.58,87.1,Summer,Normal,0,0,0.0,0.0,0.0,29.91333333333333,34.7,25.5,112.5,29.5,11.0,2.0733333333333333,16.2,1005.73,994.7,Summer,T3-202306-D,,Summer,Summer,Direct unambiguous assignment,Summer,True,T3-202306,2023-06-01,0.0,True,5.68002353394736,45868.0,40442.0,0.88170402023197,0.2793450771779889,0.00039243045260312195
T3-202306-U,T3,202306,U,33.4,1.003,8.348,8.93,64.8,Summer,Normal,0,0,0.0,0.0,0.0,29.91333333333333,34.7,25.5,112.5,29.5,11.0,2.0733333333333333,16.2,1005.73,994.7,Summer,T3-202306-U,,Summer,Summer,Direct unambiguous assignment,Summer,True,T3-202306,2023-06-01,0.0,True,5.612373132313505,28416.0,24654.0,0.8676097972972973,0.2621410472972973,0.00021114864864864866
T3-202307-D,T3,202307,D,30.8,1.004,8.133,6.1,32.1,Summer,Normal,0,0,1.0,0.0,9.0,30.203225806451613,36.2,24.2,202.0,76.5,14.0,2.138709677419355,23.0,1005.2483870967742,989.1,Summer,T3-202307-D,,Summer,Summer,Direct unambiguous assignment,Summer,True,T3-202307,2023-07-01,0.0,True,5.890356080504961,39331.0,37774.0,0.9604129058503471,0.2029442424550609,0.0002288271338130228
T3-202307-U,T3,202307,U,31.8,1.004,8.133,6.53,26.5,Summer,Normal,0,0,1.0,0.0,9.0,30.203225806451613,36.2,24.2,202.0,76.5,14.0,2.138709677419355,23.0,1005.2483870967742,989.1,Summer,T3-202307-U,,Summer,Summer,Direct unambiguous assignment,Summer,True,T3-202307,2023-07-01,0.0,True,5.873034740810262,22262.0,21111.0,0.9482975473901716,0.20371035845835958,0.00049411553319558
T3-202308-D,T3,202308,D,27.9,1.003,8.258,4.15,26.9,Autumn,Typhoon,1,0,0.0,0.0,0.0,29.503225806451614,34.7,25.5,215.0,42.0,18.0,2.103225806451613,17.0,1003.2,996.6,Autumn,T3-202308-D,,Autumn,Autumn,Direct unambiguous assignment,Autumn,True,T3-202308,2023-08-01,0.0,True,5.620372823934535,44157.0,39241.0,0.8886699730507054,0.2769209864800598,0.0
T3-202308-U,T3,202308,U,27.9,1.004,8.282,4.52,5.31,Autumn,Typhoon,1,0,0.0,0.0,0.0,29.503225806451614,34.7,25.5,215.0,42.0,18.0,2.103225806451613,17.0,1003.2,996.6,Autumn,T3-202308-U,,Autumn,Autumn,Direct unambiguous assignment,Autumn,True,T3-202308,2023-08-01,0.0,True,5.291025142315075,49238.0,42584.0,0.8648604736179374,0.2958487347170884,0.0001421666192777936
T3-202309-U,T3,202309,U,29.8,1.002,8.716,10.81,17.19,Autumn,Normal,0,0,0.0,0.0,0.0,29.2,34.7,24.5,268.0,67.5,10.0,1.923333333333333,18.6,1006.17,979.1,Autumn,T3-202309-U,,Autumn,Autumn,Direct unambiguous assignment,Autumn,True,T3-202309,2023-09-01,1.0,True,6.005741642611319,48067.0,43638.0,0.907857781846173,0.11891734453991304,0.0009153889362764475
T3-202310-U,T3,202310,U,26.9,1.003,9.0,8.13,37.2,Autumn,Normal,0,0,1.0,0.0,1.0,27.280645161290323,35.0,22.2,25.0,20.5,4.0,2.2,23.6,1011.048387096774,991.9,Autumn,T3-202310-U,,Autumn,Autumn,Direct unambiguous assignment,Autumn,True,T3-202310,2023-10-01,0.0,True,5.551612977417102,12069.0,5572.0,0.46167868091805453,0.07813406247410723,0.0
T3-202311-U,T3,202311,U,20.8,1.004,9.008,8.42,23.3,Winter,Normal,0,0,0.0,0.0,0.0,24.12333333333333,33.3,14.1,0.0,0.0,0.0,2.0900000000000003,14.9,1015.55,1009.5,Winter,T3-202311-U,,Winter,Winter,Direct unambiguous assignment,Winter,True,T3-202311,2023-11-01,0.0,True,5.3886050343329055,9819.0,6612.0,0.6733883287503819,0.0795396679906304,0.00020368672980955292
T3-202312-U,T3,202312,U,16.2,1.004,9.164,10.77,28.2,Winter,Cold wave,0,1,0.0,0.0,0.0,20.81935483870968,30.5,11.5,12.0,12.0,1.0,2.629032258064516,13.0,1017.4225806451612,1009.5,Winter,T3-202312-U,,Winter,Winter,Direct unambiguous assignment,Winter,True,T3-202312,2023-12-01,0.0,True,4.924035955715728,24939.0,18047.0,0.7236456954970127,0.11042944785276074,0.0003608805485384338
T3-202401-U,T3,202401,U,24.9,1.004,9.28,8.3,17.05,Winter,Normal,0,0,0.0,0.0,0.0,18.41935483870968,28.5,8.6,0.5,0.5,1.0,2.5354838709677416,15.4,1017.6129032258063,1010.0,Winter,T3-202401-U,,Winter,Winter,Direct unambiguous assignment,Winter,True,T3-202401,2024-01-01,0.0,True,5.511856843370189,23477.0,19214.0,0.8184180261532564,0.1145802274566597,4.259488009541253e-05
T3-202402-U,T3,202402,U,18.0,1.004,9.369,8.49,33.8,Spring,Cold wave,0,1,0.0,0.0,0.0,20.63103448275862,32.1,12.3,5.0,4.0,3.0,2.493103448275862,11.3,1016.2172413793104,1009.8,Spring,T3-202402-U,,Spring,Spring,Direct unambiguous assignment,Spring,True,T3-202402,2024-02-01,0.0,True,5.3154715542536985,5719.0,3252.0,0.5686308795243924,0.12082531911173283,0.0
T3-202403-U,T3,202403,U,21.3,1.003,9.21,7.18,42.3,Spring,Normal,0,0,0.0,0.0,0.0,22.461290322580645,32.7,13.0,14.0,6.5,5.0,2.2516129032258063,13.7,1013.3774193548388,1005.2,Spring,T3-202403-U,,Spring,Spring,Direct unambiguous assignment,Spring,True,T3-202403,2024-03-01,0.0,True,5.635007675485571,9117.0,5524.0,0.6059010639464736,0.0813864209718109,0.00010968520346605243
T3-202404-D,T3,202404,D,29.3,1.007,9.241,6.8,43.2,Spring,Normal,0,0,1.0,0.0,1.0,27.37333333333333,35.0,21.2,181.5,67.0,7.0,1.9166666666666667,22.3,1008.2333333333332,1002.2,Spring,T3-202404-D,,Spring,Spring,Direct unambiguous assignment,Spring,True,T3-202404,2024-04-01,0.0,True,5.298581915520007,10194.0,7233.0,0.7095350206003531,0.0539533058661958,0.0
T3-202404-U,T3,202404,U,30.5,1.007,9.271,7.8,37.4,Spring,Normal,0,0,1.0,0.0,1.0,27.37333333333333,35.0,21.2,181.5,67.0,7.0,1.9166666666666667,22.3,1008.2333333333332,1002.2,Spring,T3-202404-U,,Spring,Spring,Direct unambiguous assignment,Spring,True,T3-202404,2024-04-01,0.0,True,6.74393305612292,35005.0,26023.0,0.7434080845593487,0.036309098700185685,0.00045707756034852167
T3-202405-D,T3,202405,D,34.9,1.006,8.956,12.32,29.7,Spring,Normal,0,0,0.0,0.0,0.0,27.59354838709677,34.5,21.3,107.5,66.5,10.0,1.8870967741935485,11.3,1007.5258064516128,998.4,Spring,T3-202405-D,,Spring,Spring,Direct unambiguous assignment,Spring,True,T3-202405,2024-05-01,0.0,True,5.334212831760883,20678.0,16984.0,0.8213560305638843,0.11867685462810716,9.672115291614276e-05
T3-202405-U,T3,202405,U,29.5,1.006,8.972,12.28,30.0,Spring,Normal,0,0,0.0,0.0,0.0,27.59354838709677,34.5,21.3,107.5,66.5,10.0,1.8870967741935485,11.3,1007.5258064516128,998.4,Spring,T3-202405-U,,Spring,Spring,Direct unambiguous assignment,Spring,True,T3-202405,2024-05-01,0.0,True,5.492496846100091,26671.0,23379.0,0.8765700573656781,0.10708259907764989,7.498781448014697e-05
T3-202406-D,T3,202406,D,32.9,1.006,8.411,7.67,21.2,Summer,Normal,0,0,1.0,1.0,12.0,29.85666666666667,36.5,23.2,200.5,74.5,13.0,2.2133333333333334,13.5,1006.0433333333332,1001.8,Summer,T3-202406-D,,Summer,Summer,Direct unambiguous assignment,Summer,True,T3-202406,2024-06-01,0.0,True,5.050139314657359,80423.0,74661.0,0.9283538291284832,0.07051465376820065,0.00013677679270855352
T3-202406-U,T3,202406,U,33.9,1.006,8.486,9.15,17.9,Summer,Normal,0,0,1.0,1.0,12.0,29.85666666666667,36.5,23.2,200.5,74.5,13.0,2.2133333333333334,13.5,1006.0433333333332,1001.8,Summer,T3-202406-U,,Summer,Summer,Direct unambiguous assignment,Summer,True,T3-202406,2024-06-01,0.0,True,5.172043037980524,109666.0,102474.0,0.9344190542191746,0.11114657231958858,6.383017525942407e-05
T3-202407-D,T3,202407,D,31.05,1.005,8.52,8.39,90.2,Summer,Normal,0,0,1.0,1.0,15.0,30.135483870967743,37.3,22.5,1036.0,481.0,17.0,2.412903225806452,22.3,1003.8193548387096,979.0,Summer,T3-202407-1-D; T3-202407-2-D,1; 2,Summer,Summer,Direct unambiguous assignment,Summer,True,T3-202407,2024-07-01,1.0,True,6.777329203253827,88040.5,84775.5,0.962914794895531,0.05306648644657857,0.00023852658719566565
T3-202407-U,T3,202407,U,31.6,1.005,8.5755,8.68,31.8,Summer,Normal,0,0,1.0,1.0,15.0,30.135483870967743,37.3,22.5,1036.0,481.0,17.0,2.412903225806452,22.3,1003.8193548387096,979.0,Summer,T3-202407-1-U; T3-202407-2-U,1; 2,Summer,Summer,Direct unambiguous assignment,Summer,True,T3-202407,2024-07-01,1.0,True,5.971046360427604,65416.5,62243.0,0.9514877744911452,0.05594918713168696,0.0011541430678804277
T3-202408-D,T3,202408,D,33.55,1.004,8.7075,7.66,65.2,,Normal,0,0,1.0,1.0,10.0,29.89354838709677,35.5,24.5,333.0,67.0,9.0,1.8387096774193548,14.6,1004.3096774193548,998.5,Summer,T3-202408-1-D; T3-202408-2-D,1; 2,Summer; Autumn,,Boundary-spanning averaged profile,,False,T3-202408,2024-08-01,0.0,True,6.002188031549245,69152.0,64907.5,0.9386207195742712,0.1301046968995835,8.676538639518741e-05
T3-202408-U,T3,202408,U,34.599999999999994,1.004,8.2995,7.31,53.75,,Normal,0,0,1.0,1.0,10.0,29.89354838709677,35.5,24.5,333.0,67.0,9.0,1.8387096774193548,14.6,1004.3096774193548,998.5,Summer,T3-202408-1-U; T3-202408-2-U,1; 2,Summer; Autumn,,Boundary-spanning averaged profile,,False,T3-202408,2024-08-01,0.0,True,5.495660826012271,105504.5,101776.0,0.9646602751541403,0.11108057002307961,0.00010900009004355264
T3-202409-U,T3,202409,U,32.4,1.007,8.315,9.92,31.4,Autumn,Normal,0,0,1.0,1.0,6.0,29.56,35.6,24.5,250.0,116.0,17.0,1.8,14.8,1003.0966666666668,993.7,Autumn,T3-202409-U,,Autumn,Autumn,Direct unambiguous assignment,Autumn,True,T3-202409,2024-09-01,0.0,True,5.612958246040726,51716.0,42782.0,0.827248820481089,0.12392683115476835,0.0001353546291283162
T3-202410-D,T3,202410,D,31.7,1.004,8.45,9.2,63.0,Autumn,Normal,0,0,0.0,0.0,0.0,27.51935483870968,33.7,20.5,87.0,47.5,7.0,2.358064516129032,23.5,1006.3096774193548,972.7,Autumn,T3-202410-D,,Autumn,Autumn,Direct unambiguous assignment,Autumn,True,T3-202410,2024-10-01,1.0,True,5.850360977013059,44891.0,39648.0,0.8832059878372057,0.12873404468601723,0.0003118665211289568
T3-202410-U,T3,202410,U,32.6,1.004,8.342,8.6,41.3,Autumn,Normal,0,0,0.0,0.0,0.0,27.51935483870968,33.7,20.5,87.0,47.5,7.0,2.358064516129032,23.5,1006.3096774193548,972.7,Autumn,T3-202410-U,,Autumn,Autumn,Direct unambiguous assignment,Autumn,True,T3-202410,2024-10-01,1.0,True,5.172541295151787,85838.0,72452.0,0.8440550805004776,0.10526806309559868,0.00011649852046879004
T3-202412-D,T3,202412,D,18.8,1.006,8.446,9.65,130.0,Winter,Normal,0,0,0.0,0.0,0.0,19.080645161290324,28.1,11.5,25.5,14.0,2.0,2.925806451612903,13.6,1015.4580645161292,1009.2,,same sampling-month records in attachment,,Winter,Winter,Inherited from unambiguous records in the same sampling month,Winter,True,T3-202412,2024-12-01,0.0,True,6.928824686252603,43901.0,37580.0,0.8560169472221589,0.09532812464408555,0.0013211544156169564
T4-202209-D,T4,202209,D,29.7,1.003,8.198,7.15,38.6,Autumn,Typhoon,1,0,1.0,0.0,1.0,29.023333333333333,35.0,23.8,28.0,11.0,6.0,2.306666666666666,17.1,1005.04,993.1,Autumn,T4-202209-D,,Autumn,Autumn,Direct unambiguous assignment,Autumn,True,T4-202209,2022-09-01,0.0,True,5.97551378587691,43607.0,38551.0,0.884055312220515,0.15373678537849428,0.001696975256266196
T4-202209-U,T4,202209,U,30.0,1.002,8.312,8.75,31.1,Autumn,Typhoon,1,0,1.0,0.0,1.0,29.023333333333333,35.0,23.8,28.0,11.0,6.0,2.306666666666666,17.1,1005.04,993.1,Autumn,T4-202209-U,,Autumn,Autumn,Direct unambiguous assignment,Autumn,True,T4-202209,2022-09-01,0.0,True,5.718825034143907,49086.0,42835.0,0.8726520800228171,0.14794442407203684,0.0003870757446114982
T4-202210-D,T4,202210,D,32.9,1.003,8.524,8.23,196.0,Autumn,Normal,0,0,1.0,0.0,1.0,26.63870967741936,35.0,20.7,4.0,2.0,3.0,2.229032258064516,12.6,1010.1806451612904,1000.0,Autumn,T4-202210-D,,Autumn,Autumn,Direct unambiguous assignment,Autumn,True,T4-202210,2022-10-01,0.0,True,6.579831475084189,37764.0,33495.0,0.8869558309501112,0.11452706281114287,0.0034424319457684567
T4-202210-U,T4,202210,U,33.3,1.002,8.545,10.54,43.3,Autumn,Normal,0,0,1.0,0.0,1.0,26.63870967741936,35.0,20.7,4.0,2.0,3.0,2.229032258064516,12.6,1010.1806451612904,1000.0,Autumn,T4-202210-U,,Autumn,Autumn,Direct unambiguous assignment,Autumn,True,T4-202210,2022-10-01,0.0,True,6.160808440160634,39931.0,35914.0,0.8994014675314919,0.1431970148506173,0.0006511231874984348
T4-202211-D,T4,202211,D,26.0,1.004,7.909,5.33,122.3,Autumn,Normal,0,0,0.0,0.0,0.0,25.196666666666665,33.2,20.5,1.0,1.0,1.0,2.036666666666666,11.6,1012.28,1000.9,Autumn,T4-202211-D,,Autumn,Autumn,Direct unambiguous assignment,Autumn,True,T4-202211,2022-11-01,0.0,True,5.761596619569902,21080.0,19638.0,0.9315939278937382,0.24463946869070205,0.006261859582542694
T4-202211-U,T4,202211,U,26.5,1.003,8.06,7.07,68.0,Autumn,Normal,0,0,0.0,0.0,0.0,25.196666666666665,33.2,20.5,1.0,1.0,1.0,2.036666666666666,11.6,1012.28,1000.9,Autumn,T4-202211-U,,Autumn,Autumn,Direct unambiguous assignment,Autumn,True,T4-202211,2022-11-01,0.0,True,5.265150903920378,21400.0,19334.0,0.9034579439252336,0.2703738317757009,0.002336448598130841
T4-202212-D,T4,202212,D,20.15,1.0045,9.011,9.165,69.9,Winter,Normal,0,0,0.0,0.0,0.0,18.66774193548387,28.5,9.3,3.0,3.0,1.0,3.1516129032258067,18.2,1015.3741935483872,1006.5,Winter,T4-202212-1-D; T4-202212-2-D,1; 2,Winter,Winter,Direct unambiguous assignment,Winter,True,T4-202212,2022-12-01,0.0,True,5.947963898248573,28238.5,23283.5,0.824530339784337,0.1866600563061069,0.006232625670626981
T4-202212-U,T4,202212,U,19.95,1.004,9.1005,10.63,24.9,Winter,Normal,0,0,0.0,0.0,0.0,18.66774193548387,28.5,9.3,3.0,3.0,1.0,3.1516129032258067,18.2,1015.3741935483872,1006.5,Winter,T4-202212-1-U; T4-202212-2-U,1; 2,Winter,Winter,Direct unambiguous assignment,Winter,True,T4-202212,2022-12-01,0.0,True,6.068866870431634,34628.5,28625.5,0.8266456820249216,0.2709617800366749,0.005010323866179592
T4-202302-U,T4,202302,U,22.6,1.003,8.917,9.85,9.0,Spring,Cold wave,0,1,0.0,0.0,0.0,18.832142857142856,32.5,12.5,0.0,0.0,0.0,2.9285714285714284,11.6,1016.2642857142856,1008.1,Spring,T4-202302-2-U,2,Spring,Spring,Direct unambiguous assignment,Spring,True,T4-202302,2023-02-01,0.0,True,3.5351419701658537,24020.0,22676.0,0.9440466278101582,0.37194004995836805,0.0015820149875104077
T4-202303-D,T4,202303,D,25.0,1.001,9.13,10.06,31.5,Spring,Normal,0,0,0.0,0.0,0.0,21.570967741935487,31.3,13.3,0.5,0.5,1.0,2.3193548387096774,12.0,1014.583870967742,1005.7,Spring,T4-202303-D,,Spring,Spring,Direct unambiguous assignment,Spring,True,T4-202303,2023-03-01,0.0,True,5.763470539747141,33560.0,30729.0,0.9156436233611442,0.06543504171632897,0.0009833134684147796
T4-202303-U,T4,202303,U,25.0,1.001,9.248,9.71,27.7,Spring,Normal,0,0,0.0,0.0,0.0,21.570967741935487,31.3,13.3,0.5,0.5,1.0,2.3193548387096774,12.0,1014.583870967742,1005.7,Spring,T4-202303-U,,Spring,Spring,Direct unambiguous assignment,Spring,True,T4-202303,2023-03-01,0.0,True,5.767709371857446,40548.0,37232.0,0.9182203807832692,0.05857255598303245,0.0007398638650488311
T4-202304-D,T4,202304,D,27.5,1.003,8.643,10.76,24.8,Spring,Normal,0,0,0.0,0.0,0.0,25.386666666666667,34.3,18.5,18.5,7.5,4.0,2.07,11.0,1010.0833333333334,1001.2,Spring,T4-202304-D,,Spring,Spring,Direct unambiguous assignment,Spring,True,T4-202304,2023-04-01,0.0,True,5.708535173049087,45233.0,43045.0,0.951628236022373,0.1178785400039794,0.0001768620255123472
T4-202304-U,T4,202304,U,28.0,1.003,8.68,10.92,14.86,Spring,Normal,0,0,0.0,0.0,0.0,25.386666666666667,34.3,18.5,18.5,7.5,4.0,2.07,11.0,1010.0833333333334,1001.2,Spring,T4-202304-U,,Spring,Spring,Direct unambiguous assignment,Spring,True,T4-202304,2023-04-01,0.0,True,5.767894347706218,43783.0,41670.0,0.9517392595299545,0.13793024689948152,0.0005253180458168696
T4-202305-D,T4,202305,D,31.0,1.002,8.519,8.09,50.0,Summer,Normal,0,0,1.0,0.0,1.0,27.73225806451613,35.0,21.0,54.5,33.0,6.0,1.896774193548387,14.1,1007.8193548387096,994.0,Summer,T4-202305-D,,Summer,Summer,Direct unambiguous assignment,Summer,True,T4-202305,2023-05-01,0.0,True,6.081619727370858,19690.0,18415.0,0.9352463179278822,0.21137633316404267,0.00010157440325038091
T4-202305-U,T4,202305,U,31.9,1.003,8.57,13.24,34.3,Summer,Normal,0,0,1.0,0.0,1.0,27.73225806451613,35.0,21.0,54.5,33.0,6.0,1.896774193548387,14.1,1007.8193548387096,994.0,Summer,T4-202305-U,,Summer,Summer,Direct unambiguous assignment,Summer,True,T4-202305,2023-05-01,0.0,True,5.745475565697394,6411.0,5992.0,0.934643581344564,0.2383403525191078,0.00046794571829667756
T4-202306-D,T4,202306,D,32.0,1.002,8.514,10.64,76.9,Summer,Normal,0,0,0.0,0.0,0.0,29.91333333333333,34.7,25.5,112.5,29.5,11.0,2.0733333333333333,16.2,1005.73,994.7,Summer,T4-202306-D,,Summer,Summer,Direct unambiguous assignment,Summer,True,T4-202306,2023-06-01,0.0,True,5.574390630763631,45714.0,38880.0,0.8505053156582228,0.26923918274489217,0.00010937568359802247
T4-202306-U,T4,202306,U,33.4,1.002,8.588,12.49,50.8,Summer,Normal,0,0,0.0,0.0,0.0,29.91333333333333,34.7,25.5,112.5,29.5,11.0,2.0733333333333333,16.2,1005.73,994.7,Summer,T4-202306-U,,Summer,Summer,Direct unambiguous assignment,Summer,True,T4-202306,2023-06-01,0.0,True,5.563684217274172,43251.0,36682.0,0.8481191186330952,0.25726572796004715,4.6241705394094935e-05
T4-202307-D,T4,202307,D,30.9,1.002,8.2,7.94,39.0,Summer,Normal,0,0,1.0,0.0,9.0,30.203225806451613,36.2,24.2,202.0,76.5,14.0,2.138709677419355,23.0,1005.2483870967742,989.1,Summer,T4-202307-D,,Summer,Summer,Direct unambiguous assignment,Summer,True,T4-202307,2023-07-01,0.0,True,6.752413170284907,45156.0,40842.0,0.9044645229869784,0.14044645229869784,0.00015501815927008593
T4-202307-U,T4,202307,U,32.0,1.002,8.278,9.07,32.7,Summer,Normal,0,0,1.0,0.0,9.0,30.203225806451613,36.2,24.2,202.0,76.5,14.0,2.138709677419355,23.0,1005.2483870967742,989.1,Summer,T4-202307-U,,Summer,Summer,Direct unambiguous assignment,Summer,True,T4-202307,2023-07-01,0.0,True,6.412078766236107,20323.0,18298.0,0.9003591989371648,0.15765388968164148,0.0002460266692909511
T4-202308-D,T4,202308,D,27.6,1.002,8.339,5.12,32.6,Autumn,Typhoon,1,0,0.0,0.0,0.0,29.503225806451614,34.7,25.5,215.0,42.0,18.0,2.103225806451613,17.0,1003.2,996.6,Autumn,T4-202308-D,,Autumn,Autumn,Direct unambiguous assignment,Autumn,True,T4-202308,2023-08-01,0.0,True,5.789922965130876,25414.0,19503.0,0.7674116628629889,0.19890611473990713,0.00011804517195246716
T4-202308-U,T4,202308,U,27.8,1.002,8.348,4.54,23.3,Autumn,Typhoon,1,0,0.0,0.0,0.0,29.503225806451614,34.7,25.5,215.0,42.0,18.0,2.103225806451613,17.0,1003.2,996.6,Autumn,T4-202308-U,,Autumn,Autumn,Direct unambiguous assignment,Autumn,True,T4-202308,2023-08-01,0.0,True,5.457893722342079,31201.0,22878.0,0.7332457293035479,0.2091279125669049,0.00025640203839620524
T4-202309-D,T4,202309,D,30.2,1.001,8.328,7.89,23.3,Autumn,Normal,0,0,0.0,0.0,0.0,29.2,34.7,24.5,268.0,67.5,10.0,1.923333333333333,18.6,1006.17,979.1,Autumn,T4-202309-D,,Autumn,Autumn,Direct unambiguous assignment,Autumn,True,T4-202309,2023-09-01,1.0,True,5.92550970606883,34119.0,28650.0,0.8397080805416337,0.27283918051525546,2.930918256689821e-05
T4-202309-U,T4,202309,U,30.7,1.001,8.385,8.72,22.6,Autumn,Normal,0,0,0.0,0.0,0.0,29.2,34.7,24.5,268.0,67.5,10.0,1.923333333333333,18.6,1006.17,979.1,Autumn,T4-202309-U,,Autumn,Autumn,Direct unambiguous assignment,Autumn,True,T4-202309,2023-09-01,1.0,True,5.796402960222552,25985.0,22842.0,0.8790456032326343,0.3022128150856263,0.0006542235905329999
T4-202310-U,T4,202310,U,26.8,1.002,8.486,7.42,28.3,Autumn,Normal,0,0,1.0,0.0,1.0,27.280645161290323,35.0,22.2,25.0,20.5,4.0,2.2,23.6,1011.048387096774,991.9,Autumn,T4-202310-U,,Autumn,Autumn,Direct unambiguous assignment,Autumn,True,T4-202310,2023-10-01,0.0,True,5.391023126752841,17379.0,14931.0,0.8591403417918178,0.13084757465907126,0.0
T4-202311-U,T4,202311,U,21.0,1.004,8.579,8.39,20.8,Winter,Normal,0,0,0.0,0.0,0.0,24.12333333333333,33.3,14.1,0.0,0.0,0.0,2.0900000000000003,14.9,1015.55,1009.5,Winter,T4-202311-U,,Winter,Winter,Direct unambiguous assignment,Winter,True,T4-202311,2023-11-01,0.0,True,4.213626873375517,1775.0,1535.0,0.8647887323943662,0.1780281690140845,0.0
T4-202312-U,T4,202312,U,16.2,1.004,8.912,11.81,29.6,Winter,Cold wave,0,1,0.0,0.0,0.0,20.81935483870968,30.5,11.5,12.0,12.0,1.0,2.629032258064516,13.0,1017.4225806451612,1009.5,Winter,T4-202312-U,,Winter,Winter,Direct unambiguous assignment,Winter,True,T4-202312,2023-12-01,0.0,True,5.857619315465404,48659.0,38807.0,0.797529747836988,0.18792001479685158,0.00010275591360282784
T4-202401-U,T4,202401,U,25.1,1.004,9.048,8.46,21.1,Winter,Normal,0,0,0.0,0.0,0.0,18.41935483870968,28.5,8.6,0.5,0.5,1.0,2.5354838709677416,15.4,1017.6129032258063,1010.0,Winter,T4-202401-U,,Winter,Winter,Direct unambiguous assignment,Winter,True,T4-202401,2024-01-01,0.0,True,6.113382746467785,32224.0,24420.0,0.7578202581926514,0.1817899702085402,9.309831181727904e-05
T4-202402-U,T4,202402,U,18.5,1.004,9.0,8.56,29.0,Spring,Cold wave,0,1,0.0,0.0,0.0,20.63103448275862,32.1,12.3,5.0,4.0,3.0,2.493103448275862,11.3,1016.2172413793104,1009.8,Spring,T4-202402-U,,Spring,Spring,Direct unambiguous assignment,Spring,True,T4-202402,2024-02-01,0.0,True,5.767611989665387,9493.0,7301.0,0.7690930159064574,0.14115664173601603,0.0004213631096597493
T4-202403-U,T4,202403,U,21.2,1.004,8.804,6.82,18.0,Spring,Normal,0,0,0.0,0.0,0.0,22.461290322580645,32.7,13.0,14.0,6.5,5.0,2.2516129032258063,13.7,1013.3774193548388,1005.2,Spring,T4-202403-U,,Spring,Spring,Direct unambiguous assignment,Spring,True,T4-202403,2024-03-01,0.0,True,5.929679465855916,28007.0,21607.0,0.7714857000035705,0.1707073231692077,3.57053593744421e-05
T4-202404-D,T4,202404,D,29.7,1.008,8.885,7.31,22.7,Spring,Normal,0,0,1.0,0.0,1.0,27.37333333333333,35.0,21.2,181.5,67.0,7.0,1.9166666666666667,22.3,1008.2333333333332,1002.2,Spring,T4-202404-D,,Spring,Spring,Direct unambiguous assignment,Spring,True,T4-202404,2024-04-01,0.0,True,5.911619121480085,19425.0,17159.0,0.8833462033462034,0.12617760617760618,0.00010296010296010296
T4-202404-U,T4,202404,U,31.0,1.008,8.863,7.0,20.8,Spring,Normal,0,0,1.0,0.0,1.0,27.37333333333333,35.0,21.2,181.5,67.0,7.0,1.9166666666666667,22.3,1008.2333333333332,1002.2,Spring,T4-202404-U,,Spring,Spring,Direct unambiguous assignment,Spring,True,T4-202404,2024-04-01,0.0,True,5.441467880081482,15516.0,13813.0,0.8902423304975509,0.12309873678783192,0.0
T4-202405-D,T4,202405,D,32.2,1.006,8.708,10.87,30.0,Spring,Normal,0,0,0.0,0.0,0.0,27.59354838709677,34.5,21.3,107.5,66.5,10.0,1.8870967741935485,11.3,1007.5258064516128,998.4,Spring,T4-202405-D,,Spring,Spring,Direct unambiguous assignment,Spring,True,T4-202405,2024-05-01,0.0,True,5.295988795392356,6209.0,5408.0,0.8709937187952972,0.18859719761636334,0.0
T4-202405-U,T4,202405,U,30.4,1.006,8.757,11.14,30.1,Spring,Normal,0,0,0.0,0.0,0.0,27.59354838709677,34.5,21.3,107.5,66.5,10.0,1.8870967741935485,11.3,1007.5258064516128,998.4,Spring,T4-202405-U,,Spring,Spring,Direct unambiguous assignment,Spring,True,T4-202405,2024-05-01,0.0,True,5.839384994292672,28868.0,25653.0,0.8886310101150062,0.199078564500485,0.00010392129693778578
T4-202406-D,T4,202406,D,32.8,1.005,8.584,8.13,33.5,Summer,Normal,0,0,1.0,1.0,12.0,29.85666666666667,36.5,23.2,200.5,74.5,13.0,2.2133333333333334,13.5,1006.0433333333332,1001.8,Summer,T4-202406-D,,Summer,Summer,Direct unambiguous assignment,Summer,True,T4-202406,2024-06-01,0.0,True,5.626534740026829,98207.0,77953.0,0.7937621554471678,0.32260429500952065,0.00011200830898001161
T4-202406-U,T4,202406,U,33.8,1.005,8.601,8.15,28.6,Summer,Normal,0,0,1.0,1.0,12.0,29.85666666666667,36.5,23.2,200.5,74.5,13.0,2.2133333333333334,13.5,1006.0433333333332,1001.8,Summer,T4-202406-U,,Summer,Summer,Direct unambiguous assignment,Summer,True,T4-202406,2024-06-01,0.0,True,5.066845264492372,89069.0,67207.0,0.7545498433798515,0.34511446182173366,3.368175234930223e-05
T4-202407-D,T4,202407,D,30.75,1.0045,8.568,9.55,34.650000000000006,Summer,Normal,0,0,1.0,1.0,15.0,30.135483870967743,37.3,22.5,1036.0,481.0,17.0,2.412903225806452,22.3,1003.8193548387096,979.0,Summer,T4-202407-1-D; T4-202407-2-D,1; 2,Summer,Summer,Direct unambiguous assignment,Summer,True,T4-202407,2024-07-01,1.0,True,6.303672339097559,82688.5,63985.0,0.7738077241696245,0.16828821420149115,9.070185092243783e-05
T4-202407-U,T4,202407,U,31.2,1.0045,8.585,9.725,29.6,Summer,Normal,0,0,1.0,1.0,15.0,30.135483870967743,37.3,22.5,1036.0,481.0,17.0,2.412903225806452,22.3,1003.8193548387096,979.0,Summer,T4-202407-1-U; T4-202407-2-U,1; 2,Summer,Summer,Direct unambiguous assignment,Summer,True,T4-202407,2024-07-01,1.0,True,6.110762441424461,191776.0,148228.5,0.7729251835474721,0.18952058651760387,0.00013296762890038379
T4-202408-D,T4,202408,D,33.15,1.003,8.344000000000001,8.440000000000001,61.55,,Normal,0,0,1.0,1.0,10.0,29.89354838709677,35.5,24.5,333.0,67.0,9.0,1.8387096774193548,14.6,1004.3096774193548,998.5,Summer,T4-202408-1-D; T4-202408-2-D,1; 2,Summer; Autumn,,Boundary-spanning averaged profile,,False,T4-202408,2024-08-01,0.0,True,6.381533601890792,62152.5,52012.5,0.8368529021358755,0.19728088170226457,0.00014480511644744781
T4-202408-U,T4,202408,U,34.650000000000006,1.003,8.3715,7.67,45.8,,Normal,0,0,1.0,1.0,10.0,29.89354838709677,35.5,24.5,333.0,67.0,9.0,1.8387096774193548,14.6,1004.3096774193548,998.5,Summer,T4-202408-1-U; T4-202408-2-U,1; 2,Summer; Autumn,,Boundary-spanning averaged profile,,False,T4-202408,2024-08-01,0.0,True,6.048614517595796,66320.5,60742.5,0.9158932758347721,0.2202637193627913,0.00010554805829268477
T4-202409-D,T4,202409,D,31.0,1.005,7.96,5.43,95.0,Autumn,Normal,0,0,1.0,1.0,6.0,29.56,35.6,24.5,250.0,116.0,17.0,1.8,14.8,1003.0966666666668,993.7,Autumn,T4-202409-D,,Autumn,Autumn,Direct unambiguous assignment,Autumn,True,T4-202409,2024-09-01,0.0,True,6.553515113826155,70277.0,64967.0,0.9244418515303726,0.08940336098581328,0.0003699645687778363
T4-202409-U,T4,202409,U,32.5,1.005,8.386,9.85,37.8,Autumn,Normal,0,0,1.0,1.0,6.0,29.56,35.6,24.5,250.0,116.0,17.0,1.8,14.8,1003.0966666666668,993.7,Autumn,T4-202409-U,,Autumn,Autumn,Direct unambiguous assignment,Autumn,True,T4-202409,2024-09-01,0.0,True,5.857995376082883,43365.0,39668.0,0.9147469157154388,0.1231638418079096,2.3060071486221608e-05
T4-202412-D,T4,202412,D,18.6,1.008,8.444,11.07,86.3,Winter,Normal,0,0,0.0,0.0,0.0,19.080645161290324,28.1,11.5,25.5,14.0,2.0,2.925806451612903,13.6,1015.4580645161292,1009.2,,same sampling-month records in attachment,,Winter,Winter,Inherited from unambiguous records in the same sampling month,Winter,True,T4-202412,2024-12-01,0.0,True,6.237960337449877,52624.0,50562.0,0.960816357555488,0.12779340224992397,0.0004940711462450593
